-- --------------------------------------------------------
-- 主机:                           127.0.0.1
-- 服务器版本:                        5.7.19-log - MySQL Community Server (GPL)
-- 服务器操作系统:                      Win64
-- HeidiSQL 版本:                  9.4.0.5186
-- --------------------------------------------------------

/*!40101 SET @OLD_CHARACTER_SET_CLIENT=@@CHARACTER_SET_CLIENT */;
/*!40101 SET NAMES utf8 */;
/*!50503 SET NAMES utf8mb4 */;
/*!40014 SET @OLD_FOREIGN_KEY_CHECKS=@@FOREIGN_KEY_CHECKS, FOREIGN_KEY_CHECKS=0 */;
/*!40101 SET @OLD_SQL_MODE=@@SQL_MODE, SQL_MODE='NO_AUTO_VALUE_ON_ZERO' */;


-- 导出 emis 的数据库结构
CREATE DATABASE IF NOT EXISTS `emis` /*!40100 DEFAULT CHARACTER SET utf8 */;
USE `emis`;

-- 导出  表 emis.adm_article 结构
DROP TABLE IF EXISTS `adm_article`;
CREATE TABLE IF NOT EXISTS `adm_article` (
  `id` int(11) NOT NULL AUTO_INCREMENT COMMENT 'id',
  `title` varchar(50) NOT NULL COMMENT '标题',
  `author` varchar(50) DEFAULT NULL COMMENT '作者',
  `image` varchar(200) DEFAULT NULL COMMENT '图片',
  `summary` varchar(250) DEFAULT NULL COMMENT '概要',
  `content` mediumtext NOT NULL COMMENT '内容',
  `state` int(2) NOT NULL DEFAULT '0' COMMENT '是否有效 0：有效，1：无效',
  `type` int(2) NOT NULL COMMENT '类型 1：通知公告 ，2公司制度',
  `creator` varchar(20) DEFAULT NULL,
  `createtime` bigint(20) DEFAULT NULL,
  `updatetime` bigint(20) DEFAULT NULL,
  `remark` varchar(50) DEFAULT NULL,
  PRIMARY KEY (`id`)
) ENGINE=InnoDB AUTO_INCREMENT=18 DEFAULT CHARSET=utf8 COMMENT='文章表';

-- 正在导出表  emis.adm_article 的数据：~9 rows (大约)
DELETE FROM `adm_article`;
/*!40000 ALTER TABLE `adm_article` DISABLE KEYS */;
INSERT INTO `adm_article` (`id`, `title`, `author`, `image`, `summary`, `content`, `state`, `type`, `creator`, `createtime`, `updatetime`, `remark`) VALUES
	(6, '2018年春节放假安排通知', '贺容', NULL, '根据国家关于2018年春节放假时间的安排', '&lt;p class="MsoNormal"&gt;\n	公司全体员工：\n&lt;/p&gt;\n&lt;div&gt;\n	&lt;span&gt;&lt;br /&gt;\n根据国家关于2018年春节放假时间的安排，公司对春节放假时间的安排及注意事项通知如下：&lt;br /&gt;\n&lt;/span&gt;&lt;span&gt; 一、放假时间：2018年2月14日-2018年2月21日，共8天，2月22日正常上班；且25日照常上班。&lt;/span&gt; \n&lt;/div&gt;\n&lt;p&gt;\n	&lt;br /&gt;\n&lt;/p&gt;\n&lt;p class="MsoNormal"&gt;\n	二、各部门须做好工作安排，节日期间请务必保持通讯畅通，确保假期工作不脱节；\n&lt;/p&gt;\n&lt;div&gt;\n	&lt;span&gt; 三、各部门放假前需做好贵重物品的保管及用电设施检查，关闭电源（包括电脑、饮水机、风扇等）、门窗，做好安全自检工作；&lt;br /&gt;\n&lt;/span&gt;&lt;span&gt; 四、请各位同事提前安排好节日行程，注意假期安全，预祝大家节日愉快！&lt;/span&gt; \n&lt;/div&gt;\n&lt;p&gt;\n	&lt;br /&gt;\n&lt;/p&gt;\n&lt;p class="MsoNormal" style="text-indent:28.0pt;"&gt;\n	特此通知\n&lt;/p&gt;\n&lt;p class="MsoNormal" align="center" style="text-align:center;text-indent:28.0pt;"&gt;\n	&lt;br /&gt;\n&lt;/p&gt;\n&lt;p class="MsoNormal" align="center" style="text-align:center;text-indent:28.0pt;"&gt;\n	南昌嘉瑞科技发展有限公司\n&lt;/p&gt;\n&lt;p class="MsoNormal" align="center" style="text-align:center;text-indent:28.0pt;"&gt;\n	行政部\n&lt;/p&gt;\n&lt;p class="MsoNormal" align="center" style="text-align:center;text-indent:28.0pt;"&gt;\n	2018年2月15日\n&lt;/p&gt;', 0, 1, NULL, 1516093054000, NULL, NULL),
	(9, '单商城功能需求表（基础版1.0）', NULL, NULL, '嘉瑞B2C单商城功能需求表', '&lt;p class="MsoNormal"&gt;\n	&lt;b&gt;1&lt;/b&gt;&lt;b&gt;、用户端（&lt;span&gt;app+&lt;/span&gt;微信&lt;span&gt;+&lt;/span&gt;电脑）&lt;/b&gt;&lt;b&gt;&lt;/b&gt;\n&lt;/p&gt;\n&lt;table class="MsoNormalTable" border="1" cellspacing="0" cellpadding="0" align="left" style="border:none;"&gt;\n	&lt;tbody&gt;\n		&lt;tr&gt;\n			&lt;td width="117" valign="top" style="border:solid black 1.0pt;"&gt;\n				&lt;p class="MsoNormal" align="center" style="text-align:center;"&gt;\n					&lt;b&gt;&lt;span style="line-height:150%;font-family:宋体;"&gt;一级模块&lt;span&gt;&lt;/span&gt;&lt;/span&gt;&lt;/b&gt;\n				&lt;/p&gt;\n			&lt;/td&gt;\n			&lt;td width="136" valign="top" style="border:solid black 1.0pt;"&gt;\n				&lt;p class="MsoNormal" align="center" style="text-align:center;"&gt;\n					&lt;b&gt;&lt;span style="line-height:150%;font-family:宋体;"&gt;二级模块&lt;span&gt;&lt;/span&gt;&lt;/span&gt;&lt;/b&gt;\n				&lt;/p&gt;\n			&lt;/td&gt;\n			&lt;td width="94" valign="top" style="border:solid black 1.0pt;"&gt;\n				&lt;p class="MsoNormal" align="center" style="text-align:center;"&gt;\n					&lt;b&gt;&lt;span style="line-height:150%;font-family:宋体;"&gt;三级模块&lt;span&gt;&lt;/span&gt;&lt;/span&gt;&lt;/b&gt;\n				&lt;/p&gt;\n			&lt;/td&gt;\n			&lt;td width="637" valign="top" style="border:solid black 1.0pt;"&gt;\n				&lt;p class="MsoNormal" align="center" style="text-align:center;"&gt;\n					&lt;b&gt;&lt;span style="line-height:150%;font-family:宋体;"&gt;备注&lt;span&gt;&lt;/span&gt;&lt;/span&gt;&lt;/b&gt;\n				&lt;/p&gt;\n			&lt;/td&gt;\n		&lt;/tr&gt;\n		&lt;tr&gt;\n			&lt;td width="117" rowspan="10" valign="top" style="border:solid black 1.0pt;"&gt;\n				&lt;p class="MsoNormal" align="center" style="text-align:center;"&gt;\n					&lt;b&gt;&lt;span style="line-height:150%;font-family:宋体;"&gt;&nbsp;&lt;/span&gt;&lt;/b&gt;\n				&lt;/p&gt;\n				&lt;p class="MsoNormal" align="center" style="text-align:center;"&gt;\n					&lt;b&gt;&lt;span style="line-height:150%;font-family:宋体;"&gt;&nbsp;&lt;/span&gt;&lt;/b&gt;\n				&lt;/p&gt;\n				&lt;p class="MsoNormal" align="center" style="text-align:center;"&gt;\n					&lt;b&gt;&lt;span style="line-height:150%;font-family:宋体;"&gt;&nbsp;&lt;/span&gt;&lt;/b&gt;\n				&lt;/p&gt;\n				&lt;p class="MsoNormal" align="center" style="text-align:center;"&gt;\n					&lt;b&gt;&lt;span style="line-height:150%;font-family:宋体;"&gt;&nbsp;&lt;/span&gt;&lt;/b&gt;\n				&lt;/p&gt;\n				&lt;p class="MsoNormal" style="text-indent:21.1pt;"&gt;\n					&lt;b&gt;&lt;span style="line-height:150%;font-family:宋体;"&gt;首　页&lt;span&gt;&lt;/span&gt;&lt;/span&gt;&lt;/b&gt;\n				&lt;/p&gt;\n			&lt;/td&gt;\n			&lt;td width="136" valign="top" style="border:solid black 1.0pt;"&gt;\n				&lt;p class="MsoNormal" align="center" style="text-align:center;"&gt;\n					&lt;span style="line-height:150%;font-family:宋体;"&gt;顶部导航&lt;span&gt;&lt;/span&gt;&lt;/span&gt;\n				&lt;/p&gt;\n			&lt;/td&gt;\n			&lt;td width="94" valign="top" style="border:solid black 1.0pt;"&gt;\n				&lt;p class="MsoNormal"&gt;\n					&lt;span style="line-height:150%;font-family:宋体;"&gt;&nbsp;&lt;/span&gt;\n				&lt;/p&gt;\n			&lt;/td&gt;\n			&lt;td width="637" valign="top" style="border:solid black 1.0pt;"&gt;\n				&lt;p class="MsoNormal"&gt;\n					&lt;span style="line-height:150%;font-family:宋体;"&gt;搜索（按标题关键词模糊搜索商品）&lt;span&gt;&lt;/span&gt;&lt;/span&gt;\n				&lt;/p&gt;\n			&lt;/td&gt;\n		&lt;/tr&gt;\n		&lt;tr&gt;\n			&lt;td width="136" valign="top" style="border:solid black 1.0pt;"&gt;\n				&lt;p class="MsoNormal" align="center" style="text-align:center;"&gt;\n					&lt;span style="line-height:150%;font-family:宋体;"&gt;幻灯片专区&lt;span&gt;&lt;/span&gt;&lt;/span&gt;\n				&lt;/p&gt;\n			&lt;/td&gt;\n			&lt;td width="94" valign="top" style="border:solid black 1.0pt;"&gt;\n				&lt;p class="MsoNormal"&gt;\n					&lt;span style="line-height:150%;font-family:宋体;"&gt;&nbsp;&lt;/span&gt;\n				&lt;/p&gt;\n			&lt;/td&gt;\n			&lt;td width="637" valign="top" style="border:solid black 1.0pt;"&gt;\n				&lt;p class="MsoNormal"&gt;\n					&lt;span style="line-height:150%;font-family:宋体;"&gt;３张主题广告图片轮流切换，方便主站进行活动推广营销&lt;span&gt;&lt;/span&gt;&lt;/span&gt;\n				&lt;/p&gt;\n			&lt;/td&gt;\n		&lt;/tr&gt;\n		&lt;tr&gt;\n			&lt;td width="136" rowspan="4" valign="top" style="border:solid black 1.0pt;"&gt;\n				&lt;p class="MsoNormal" align="center" style="text-align:center;"&gt;\n					&lt;span style="line-height:150%;font-family:宋体;"&gt;栏目导航&lt;span&gt;&lt;/span&gt;&lt;/span&gt;\n				&lt;/p&gt;\n			&lt;/td&gt;\n			&lt;td width="94" valign="top" style="border:solid black 1.0pt;"&gt;\n				&lt;p class="MsoNormal"&gt;\n					&lt;span style="line-height:150%;font-family:宋体;"&gt;商品分类&lt;span&gt;&lt;/span&gt;&lt;/span&gt;\n				&lt;/p&gt;\n			&lt;/td&gt;\n			&lt;td width="637" valign="top" style="border:solid black 1.0pt;"&gt;\n				&lt;p class="MsoNormal"&gt;\n					&lt;span style="line-height:150%;font-family:宋体;"&gt;&nbsp;&lt;/span&gt;\n				&lt;/p&gt;\n			&lt;/td&gt;\n		&lt;/tr&gt;\n		&lt;tr&gt;\n			&lt;td width="94" valign="top" style="border:solid black 1.0pt;"&gt;\n				&lt;p class="MsoNormal"&gt;\n					&lt;span style="line-height:150%;font-family:宋体;"&gt;领券中心&lt;span&gt;&lt;/span&gt;&lt;/span&gt;\n				&lt;/p&gt;\n			&lt;/td&gt;\n			&lt;td width="637" valign="top" style="border:solid black 1.0pt;"&gt;\n				&lt;p class="MsoNormal"&gt;\n					&lt;span style="line-height:150%;font-family:宋体;"&gt;券列表（名称、价格、最低消费、有效日期），状态（立即领取、已领取、已领完）&lt;span&gt;&lt;/span&gt;&lt;/span&gt;\n				&lt;/p&gt;\n			&lt;/td&gt;\n		&lt;/tr&gt;\n		&lt;tr&gt;\n			&lt;td width="94" valign="top" style="border:solid black 1.0pt;"&gt;\n				&lt;p class="MsoNormal"&gt;\n					&lt;span style="line-height:150%;font-family:宋体;"&gt;我的订单&lt;span&gt;&lt;/span&gt;&lt;/span&gt;\n				&lt;/p&gt;\n			&lt;/td&gt;\n			&lt;td width="637" valign="top" style="border:solid black 1.0pt;"&gt;\n				&lt;p class="MsoNormal"&gt;\n					&lt;span style="line-height:150%;font-family:宋体;"&gt;我的订单列表（全部、待付款、待发货、待收货、待评价）&lt;span&gt;&lt;/span&gt;&lt;/span&gt;\n				&lt;/p&gt;\n			&lt;/td&gt;\n		&lt;/tr&gt;\n		&lt;tr&gt;\n			&lt;td width="94" valign="top" style="border:solid black 1.0pt;"&gt;\n				&lt;p class="MsoNormal"&gt;\n					&lt;span style="line-height:150%;font-family:宋体;"&gt;联系客服&lt;span&gt;&lt;/span&gt;&lt;/span&gt;\n				&lt;/p&gt;\n			&lt;/td&gt;\n			&lt;td width="637" valign="top" style="border:solid black 1.0pt;"&gt;\n				&lt;p class="MsoNormal"&gt;\n					&lt;span style="line-height:150%;font-family:宋体;"&gt;拨打客服电话&lt;span&gt;&lt;/span&gt;&lt;/span&gt;\n				&lt;/p&gt;\n			&lt;/td&gt;\n		&lt;/tr&gt;\n		&lt;tr&gt;\n			&lt;td width="136" valign="top" style="border:solid black 1.0pt;"&gt;\n				&lt;p class="MsoNormal" align="center" style="text-align:center;"&gt;\n					&lt;span style="line-height:150%;font-family:宋体;"&gt;商城头条&lt;span&gt;&lt;/span&gt;&lt;/span&gt;\n				&lt;/p&gt;\n			&lt;/td&gt;\n			&lt;td width="94" valign="top" style="border:solid black 1.0pt;"&gt;\n				&lt;p class="MsoNormal"&gt;\n					&lt;span style="line-height:150%;font-family:宋体;"&gt;&nbsp;&lt;/span&gt;\n				&lt;/p&gt;\n			&lt;/td&gt;\n			&lt;td width="637" valign="top" style="border:solid black 1.0pt;"&gt;\n				&lt;p class="MsoNormal"&gt;\n					&lt;span style="line-height:150%;font-family:宋体;"&gt;最新的新闻在首页推荐，点击后进入新闻列表页。&lt;span&gt;&lt;/span&gt;&lt;/span&gt;\n				&lt;/p&gt;\n			&lt;/td&gt;\n		&lt;/tr&gt;\n		&lt;tr&gt;\n			&lt;td width="136" valign="top" style="border:solid black 1.0pt;"&gt;\n				&lt;p class="MsoNormal" align="center" style="text-align:center;"&gt;\n					&lt;span style="line-height:150%;font-family:宋体;"&gt;营销模块&lt;span&gt;&lt;/span&gt;&lt;/span&gt;\n				&lt;/p&gt;\n			&lt;/td&gt;\n			&lt;td width="94" valign="top" style="border:solid black 1.0pt;"&gt;\n				&lt;p class="MsoNormal"&gt;\n					&lt;span style="line-height:150%;font-family:宋体;"&gt;&nbsp;&lt;/span&gt;\n				&lt;/p&gt;\n			&lt;/td&gt;\n			&lt;td width="637" valign="top" style="border:solid black 1.0pt;"&gt;\n				&lt;p class="MsoNormal"&gt;\n					&lt;span style="line-height:150%;font-family:宋体;"&gt;今日特价、热销产品、新品推荐&lt;span&gt;&lt;/span&gt;&lt;/span&gt;\n				&lt;/p&gt;\n			&lt;/td&gt;\n		&lt;/tr&gt;\n		&lt;tr&gt;\n			&lt;td width="136" valign="top" style="border:solid black 1.0pt;"&gt;\n				&lt;p class="MsoNormal" align="center" style="text-align:center;"&gt;\n					&lt;span style="line-height:150%;font-family:宋体;"&gt;猜你喜欢&lt;span&gt;&lt;/span&gt;&lt;/span&gt;\n				&lt;/p&gt;\n			&lt;/td&gt;\n			&lt;td width="94" valign="top" style="border:solid black 1.0pt;"&gt;\n				&lt;p class="MsoNormal"&gt;\n					&lt;span style="line-height:150%;font-family:宋体;"&gt;&nbsp;&lt;/span&gt;\n				&lt;/p&gt;\n			&lt;/td&gt;\n			&lt;td width="637" valign="top" style="border:solid black 1.0pt;"&gt;\n				&lt;p class="MsoNormal"&gt;\n					&lt;span style="line-height:150%;font-family:宋体;"&gt;按商品访问量在首页进行推荐，数量一般为８个。&lt;span&gt;&lt;/span&gt;&lt;/span&gt;\n				&lt;/p&gt;\n			&lt;/td&gt;\n		&lt;/tr&gt;\n		&lt;tr&gt;\n			&lt;td width="136" valign="top" style="border:solid black 1.0pt;"&gt;\n				&lt;p class="MsoNormal" align="center" style="text-align:center;"&gt;\n					&lt;span style="line-height:150%;font-family:宋体;"&gt;底部导航&lt;span&gt;&lt;/span&gt;&lt;/span&gt;\n				&lt;/p&gt;\n			&lt;/td&gt;\n			&lt;td width="94" valign="top" style="border:solid black 1.0pt;"&gt;\n				&lt;p class="MsoNormal"&gt;\n					&lt;span style="line-height:150%;font-family:宋体;"&gt;&nbsp;&lt;/span&gt;\n				&lt;/p&gt;\n			&lt;/td&gt;\n			&lt;td width="637" valign="top" style="border:solid black 1.0pt;"&gt;\n				&lt;p class="MsoNormal"&gt;\n					&lt;span style="line-height:150%;font-family:宋体;"&gt;首页、分类、购物车、我的&lt;span&gt;&lt;/span&gt;&lt;/span&gt;\n				&lt;/p&gt;\n			&lt;/td&gt;\n		&lt;/tr&gt;\n		&lt;tr&gt;\n			&lt;td width="117" rowspan="2" valign="top" style="border:solid black 1.0pt;"&gt;\n				&lt;p class="MsoNormal" align="center" style="text-align:center;"&gt;\n					&lt;b&gt;&lt;span style="line-height:150%;font-family:宋体;"&gt;新闻模块&lt;span&gt;&lt;/span&gt;&lt;/span&gt;&lt;/b&gt;\n				&lt;/p&gt;\n			&lt;/td&gt;\n			&lt;td width="136" valign="top" style="border:solid black 1.0pt;"&gt;\n				&lt;p class="MsoNormal" align="center" style="text-align:center;"&gt;\n					&lt;span style="line-height:150%;font-family:宋体;"&gt;新闻列表&lt;span&gt;&lt;/span&gt;&lt;/span&gt;\n				&lt;/p&gt;\n			&lt;/td&gt;\n			&lt;td width="94" valign="top" style="border:solid black 1.0pt;"&gt;\n				&lt;p class="MsoNormal"&gt;\n					&lt;span style="line-height:150%;font-family:宋体;"&gt;&nbsp;&lt;/span&gt;\n				&lt;/p&gt;\n			&lt;/td&gt;\n			&lt;td width="637" valign="top" style="border:solid black 1.0pt;"&gt;\n				&lt;p class="MsoNormal"&gt;\n					&lt;span style="line-height:150%;font-family:宋体;"&gt;通过信息列表的形式展示&lt;span&gt;&lt;/span&gt;&lt;/span&gt;\n				&lt;/p&gt;\n			&lt;/td&gt;\n		&lt;/tr&gt;\n		&lt;tr&gt;\n			&lt;td width="136" valign="top" style="border:solid black 1.0pt;"&gt;\n				&lt;p class="MsoNormal" align="center" style="text-align:center;"&gt;\n					&lt;span style="line-height:150%;font-family:宋体;"&gt;新闻详情&lt;span&gt;&lt;/span&gt;&lt;/span&gt;\n				&lt;/p&gt;\n			&lt;/td&gt;\n			&lt;td width="94" valign="top" style="border:solid black 1.0pt;"&gt;\n				&lt;p class="MsoNormal"&gt;\n					&lt;span style="line-height:150%;font-family:宋体;"&gt;&nbsp;&lt;/span&gt;\n				&lt;/p&gt;\n			&lt;/td&gt;\n			&lt;td width="637" valign="top" style="border:solid black 1.0pt;"&gt;\n				&lt;p class="MsoNormal"&gt;\n					&lt;span style="line-height:150%;font-family:宋体;"&gt;通过图文并貌的方式进行展示&lt;span&gt;&lt;/span&gt;&lt;/span&gt;\n				&lt;/p&gt;\n			&lt;/td&gt;\n		&lt;/tr&gt;\n		&lt;tr&gt;\n			&lt;td width="117" rowspan="5" valign="top" style="border:solid black 1.0pt;"&gt;\n				&lt;p class="MsoNormal" style="text-indent:21.1pt;"&gt;\n					&lt;b&gt;&lt;span style="line-height:150%;font-family:宋体;"&gt;&nbsp;&lt;/span&gt;&lt;/b&gt;\n				&lt;/p&gt;\n				&lt;p class="MsoNormal" style="text-indent:21.1pt;"&gt;\n					&lt;b&gt;&lt;span style="line-height:150%;font-family:宋体;"&gt;&nbsp;&lt;/span&gt;&lt;/b&gt;\n				&lt;/p&gt;\n				&lt;p class="MsoNormal" style="text-indent:21.1pt;"&gt;\n					&lt;b&gt;&lt;span style="line-height:150%;font-family:宋体;"&gt;&nbsp;&lt;/span&gt;&lt;/b&gt;\n				&lt;/p&gt;\n				&lt;p class="MsoNormal" style="text-indent:21.1pt;"&gt;\n					&lt;b&gt;&lt;span style="line-height:150%;font-family:宋体;"&gt;&nbsp;&lt;/span&gt;&lt;/b&gt;\n				&lt;/p&gt;\n				&lt;p class="MsoNormal" style="text-indent:21.1pt;"&gt;\n					&lt;b&gt;&lt;span style="line-height:150%;font-family:宋体;"&gt;商品模块&lt;span&gt;&lt;/span&gt;&lt;/span&gt;&lt;/b&gt;\n				&lt;/p&gt;\n			&lt;/td&gt;\n			&lt;td width="136" valign="top" style="border:solid black 1.0pt;"&gt;\n				&lt;p class="MsoNormal" align="center" style="text-align:center;"&gt;\n					&lt;span style="line-height:150%;font-family:宋体;"&gt;商品分类&lt;span&gt;&lt;/span&gt;&lt;/span&gt;\n				&lt;/p&gt;\n			&lt;/td&gt;\n			&lt;td width="94" valign="top" style="border:solid black 1.0pt;"&gt;\n				&lt;p class="MsoNormal"&gt;\n					&lt;span style="line-height:150%;font-family:宋体;"&gt;&nbsp;&lt;/span&gt;\n				&lt;/p&gt;\n			&lt;/td&gt;\n			&lt;td width="637" valign="top" style="border:solid black 1.0pt;"&gt;\n				&lt;p class="MsoNormal"&gt;\n					&lt;span style="line-height:150%;font-family:宋体;"&gt;按不同分类进行展示（如：红茶、绿茶、黑茶等）&lt;span&gt;&lt;/span&gt;&lt;/span&gt;\n				&lt;/p&gt;\n			&lt;/td&gt;\n		&lt;/tr&gt;\n		&lt;tr&gt;\n			&lt;td width="136" valign="top" style="border:solid black 1.0pt;"&gt;\n				&lt;p class="MsoNormal" align="center" style="text-align:center;"&gt;\n					&lt;span style="line-height:150%;font-family:宋体;"&gt;商品搜索&lt;span&gt;&lt;/span&gt;&lt;/span&gt;\n				&lt;/p&gt;\n			&lt;/td&gt;\n			&lt;td width="94" valign="top" style="border:solid black 1.0pt;"&gt;\n				&lt;p class="MsoNormal"&gt;\n					&lt;span style="line-height:150%;font-family:宋体;"&gt;&nbsp;&lt;/span&gt;\n				&lt;/p&gt;\n			&lt;/td&gt;\n			&lt;td width="637" valign="top" style="border:solid black 1.0pt;"&gt;\n				&lt;p class="MsoNormal"&gt;\n					&lt;span style="line-height:150%;font-family:宋体;"&gt;按销量、价格（有低到高和有高到底）、分类进行商品筛选，也可以通过商品标题关键词进行搜索&lt;span&gt;&lt;/span&gt;&lt;/span&gt;\n				&lt;/p&gt;\n			&lt;/td&gt;\n		&lt;/tr&gt;\n		&lt;tr&gt;\n			&lt;td width="136" valign="top" style="border:solid black 1.0pt;"&gt;\n				&lt;p class="MsoNormal" align="center" style="text-align:center;"&gt;\n					&lt;span style="line-height:150%;font-family:宋体;"&gt;商品展示&lt;span&gt;&lt;/span&gt;&lt;/span&gt;\n				&lt;/p&gt;\n			&lt;/td&gt;\n			&lt;td width="94" valign="top" style="border:solid black 1.0pt;"&gt;\n				&lt;p class="MsoNormal"&gt;\n					&lt;span style="line-height:150%;font-family:宋体;"&gt;&nbsp;&lt;/span&gt;\n				&lt;/p&gt;\n			&lt;/td&gt;\n			&lt;td width="637" valign="top" style="border:solid black 1.0pt;"&gt;\n				&lt;p class="MsoNormal"&gt;\n					&lt;span style="line-height:150%;font-family:宋体;"&gt;按图片列表形式展示产品基本信息（主图、名称、价格、已售数量）&lt;span&gt;&lt;/span&gt;&lt;/span&gt;\n				&lt;/p&gt;\n			&lt;/td&gt;\n		&lt;/tr&gt;\n		&lt;tr&gt;\n			&lt;td width="136" valign="top" style="border:solid black 1.0pt;"&gt;\n				&lt;p class="MsoNormal" align="center" style="text-align:center;"&gt;\n					&lt;span style="line-height:150%;font-family:宋体;"&gt;商品详情&lt;span&gt;&lt;/span&gt;&lt;/span&gt;\n				&lt;/p&gt;\n			&lt;/td&gt;\n			&lt;td width="94" valign="top" style="border:solid black 1.0pt;"&gt;\n				&lt;p class="MsoNormal"&gt;\n					&lt;span style="line-height:150%;font-family:宋体;"&gt;&nbsp;&lt;/span&gt;\n				&lt;/p&gt;\n			&lt;/td&gt;\n			&lt;td width="637" valign="top" style="border:solid black 1.0pt;"&gt;\n				&lt;p class="MsoNormal"&gt;\n					&lt;span style="line-height:150%;font-family:宋体;"&gt;展示商品的详细信息，具体如下：&lt;span&gt;&lt;/span&gt;&lt;/span&gt;\n				&lt;/p&gt;\n				&lt;p class="MsoNormal"&gt;\n					&lt;span style="line-height:150%;font-family:宋体;"&gt;副图（&lt;span&gt;3&lt;/span&gt;到&lt;span&gt;5&lt;/span&gt;张轮播）、商品名称、价格、销量、我们的优势（金牌服务、闪电配送和正品保障）、产品参数，图文详情。&lt;span&gt;&lt;/span&gt;&lt;/span&gt;\n				&lt;/p&gt;\n				&lt;p class="MsoNormal"&gt;\n					&lt;b&gt;&lt;span style="line-height:150%;font-family:宋体;color:red;"&gt;操作状态：&lt;/span&gt;&lt;/b&gt;&lt;span style="line-height:150%;font-family:宋体;"&gt;收藏商品、加入购物车（关联多规格和不同的价格选择）、立即购买、联系客服（直接电话联系）&lt;span&gt;&lt;/span&gt;&lt;/span&gt;\n				&lt;/p&gt;\n			&lt;/td&gt;\n		&lt;/tr&gt;\n		&lt;tr&gt;\n			&lt;td width="136" valign="top" style="border:solid black 1.0pt;"&gt;\n				&lt;p class="MsoNormal" align="center" style="text-align:center;"&gt;\n					&lt;span style="line-height:150%;font-family:宋体;"&gt;商品评价&lt;span&gt;&lt;/span&gt;&lt;/span&gt;\n				&lt;/p&gt;\n			&lt;/td&gt;\n			&lt;td width="94" valign="top" style="border:solid black 1.0pt;"&gt;\n				&lt;p class="MsoNormal"&gt;\n					&lt;span style="line-height:150%;font-family:宋体;"&gt;&nbsp;&lt;/span&gt;\n				&lt;/p&gt;\n			&lt;/td&gt;\n			&lt;td width="637" valign="top" style="border:solid black 1.0pt;"&gt;\n				&lt;p class="MsoNormal"&gt;\n					&lt;span style="line-height:150%;font-family:宋体;"&gt;用户收货后可以对商品进行评价，评价内容为图片和文字。&lt;span&gt;&lt;/span&gt;&lt;/span&gt;\n				&lt;/p&gt;\n				&lt;p class="MsoNormal"&gt;\n					&lt;span style="line-height:150%;font-family:宋体;"&gt;状态分为：好评（４到５颗星）、中评（３颗星）和差评（１到２颗星）&lt;span&gt;&lt;/span&gt;&lt;/span&gt;\n				&lt;/p&gt;\n			&lt;/td&gt;\n		&lt;/tr&gt;\n		&lt;tr&gt;\n			&lt;td width="117" rowspan="7" valign="top" style="border:solid black 1.0pt;"&gt;\n				&lt;p class="MsoNormal" align="center" style="text-align:center;"&gt;\n					&lt;b&gt;&lt;span style="line-height:150%;font-family:宋体;"&gt;&nbsp;&lt;/span&gt;&lt;/b&gt;\n				&lt;/p&gt;\n				&lt;p class="MsoNormal" align="center" style="text-align:center;"&gt;\n					&lt;b&gt;&lt;span style="line-height:150%;font-family:宋体;"&gt;&nbsp;&lt;/span&gt;&lt;/b&gt;\n				&lt;/p&gt;\n				&lt;p class="MsoNormal" align="center" style="text-align:center;"&gt;\n					&lt;b&gt;&lt;span style="line-height:150%;font-family:宋体;"&gt;&nbsp;&lt;/span&gt;&lt;/b&gt;\n				&lt;/p&gt;\n				&lt;p class="MsoNormal" align="center" style="text-align:center;"&gt;\n					&lt;b&gt;&lt;span style="line-height:150%;font-family:宋体;"&gt;购物模块&lt;span&gt;&lt;/span&gt;&lt;/span&gt;&lt;/b&gt;\n				&lt;/p&gt;\n			&lt;/td&gt;\n			&lt;td width="136" rowspan="2" valign="top" style="border:solid black 1.0pt;"&gt;\n				&lt;p class="MsoNormal" align="center" style="text-align:center;"&gt;\n					&lt;span style="line-height:150%;font-family:宋体;"&gt;购物车&lt;span&gt;&lt;/span&gt;&lt;/span&gt;\n				&lt;/p&gt;\n			&lt;/td&gt;\n			&lt;td width="94" valign="top" style="border:solid black 1.0pt;"&gt;\n				&lt;p class="MsoNormal"&gt;\n					&lt;span style="line-height:150%;font-family:宋体;"&gt;空购物车&lt;span&gt;&lt;/span&gt;&lt;/span&gt;\n				&lt;/p&gt;\n			&lt;/td&gt;\n			&lt;td width="637" valign="top" style="border:solid black 1.0pt;"&gt;\n				&lt;p class="MsoNormal"&gt;\n					&lt;span style="line-height:150%;font-family:宋体;"&gt;用图标做一个空购物车的提醒页面&lt;span&gt;&lt;/span&gt;&lt;/span&gt;\n				&lt;/p&gt;\n			&lt;/td&gt;\n		&lt;/tr&gt;\n		&lt;tr&gt;\n			&lt;td width="94" valign="top" style="border:solid black 1.0pt;"&gt;\n				&lt;p class="MsoNormal"&gt;\n					&lt;span style="line-height:150%;font-family:宋体;"&gt;购物车列表&lt;span&gt;&lt;/span&gt;&lt;/span&gt;\n				&lt;/p&gt;\n			&lt;/td&gt;\n			&lt;td width="637" valign="top" style="border:solid black 1.0pt;"&gt;\n				&lt;p class="MsoNormal"&gt;\n					&lt;span style="line-height:150%;font-family:宋体;"&gt;展示所添加的商品，可以对商品进行删除和修改购买数量。&lt;span&gt;&lt;/span&gt;&lt;/span&gt;\n				&lt;/p&gt;\n			&lt;/td&gt;\n		&lt;/tr&gt;\n		&lt;tr&gt;\n			&lt;td width="136" rowspan="3" valign="top" style="border:solid black 1.0pt;"&gt;\n				&lt;p class="MsoNormal" align="center" style="text-align:center;"&gt;\n					&lt;span style="line-height:150%;font-family:宋体;"&gt;订单确认&lt;span&gt;&lt;/span&gt;&lt;/span&gt;\n				&lt;/p&gt;\n			&lt;/td&gt;\n			&lt;td width="94" valign="top" style="border:solid black 1.0pt;"&gt;\n				&lt;p class="MsoNormal"&gt;\n					&lt;span style="line-height:150%;font-family:宋体;"&gt;收货人信息&lt;span&gt;&lt;/span&gt;&lt;/span&gt;\n				&lt;/p&gt;\n			&lt;/td&gt;\n			&lt;td width="637" valign="top" style="border:solid black 1.0pt;"&gt;\n				&lt;p class="MsoNormal" style="margin-left:21.0pt;text-indent:-21.0pt;"&gt;\n					&lt;span style="line-height:150%;font-family:宋体;"&gt;１、&lt;/span&gt;&lt;span style="line-height:150%;font-family:宋体;"&gt;新增收货地址&lt;span&gt;&lt;/span&gt;&lt;/span&gt;\n				&lt;/p&gt;\n				&lt;p class="MsoNormal" style="margin-left:21.0pt;text-indent:-21.0pt;"&gt;\n					&lt;span style="line-height:150%;font-family:宋体;"&gt;２、&lt;/span&gt;&lt;span style="line-height:150%;font-family:宋体;"&gt;选择收货地址（收货人、电话、地址）&lt;span&gt;&lt;/span&gt;&lt;/span&gt;\n				&lt;/p&gt;\n			&lt;/td&gt;\n		&lt;/tr&gt;\n		&lt;tr&gt;\n			&lt;td width="94" valign="top" style="border:solid black 1.0pt;"&gt;\n				&lt;p class="MsoNormal"&gt;\n					&lt;span style="line-height:150%;font-family:宋体;"&gt;商品信息&lt;span&gt;&lt;/span&gt;&lt;/span&gt;\n				&lt;/p&gt;\n			&lt;/td&gt;\n			&lt;td width="637" valign="top" style="border:solid black 1.0pt;"&gt;\n				&lt;p class="MsoNormal"&gt;\n					&lt;span style="line-height:150%;font-family:宋体;"&gt;可以查看到购买的商品具体信息（主图、标题、价格和数量）&lt;span&gt;&lt;/span&gt;&lt;/span&gt;\n				&lt;/p&gt;\n			&lt;/td&gt;\n		&lt;/tr&gt;\n		&lt;tr&gt;\n			&lt;td width="94" valign="top" style="border:solid black 1.0pt;"&gt;\n				&lt;p class="MsoNormal"&gt;\n					&lt;span style="line-height:150%;font-family:宋体;"&gt;其他信息&lt;span&gt;&lt;/span&gt;&lt;/span&gt;\n				&lt;/p&gt;\n			&lt;/td&gt;\n			&lt;td width="637" valign="top" style="border:solid black 1.0pt;"&gt;\n				&lt;p class="MsoNormal" style="margin-left:20.25pt;text-indent:-20.25pt;"&gt;\n					&lt;span style="line-height:150%;font-family:宋体;"&gt;１、&lt;span style="font-size:7pt;line-height:normal;font-family:&quot;"&gt;&nbsp;&nbsp;&nbsp;&nbsp;&nbsp; &lt;/span&gt;&lt;/span&gt;&lt;span style="line-height:150%;font-family:宋体;"&gt;优惠券信息，满多少消费才可以使用，分为如下情况&lt;span&gt;a&lt;/span&gt;、无可用优惠券 &lt;span&gt;b&lt;/span&gt;、有可用优惠券&lt;span&gt;&lt;/span&gt;&lt;/span&gt;\n				&lt;/p&gt;\n				&lt;p class="MsoNormal" style="margin-left:20.25pt;text-indent:-20.25pt;"&gt;\n					&lt;span style="line-height:150%;font-family:宋体;"&gt;２、&lt;span style="font-size:7pt;line-height:normal;font-family:&quot;"&gt;&nbsp;&nbsp;&nbsp;&nbsp;&nbsp; &lt;/span&gt;&lt;/span&gt;&lt;span style="line-height:150%;font-family:宋体;"&gt;备注信息&lt;span&gt;&lt;/span&gt;&lt;/span&gt;\n				&lt;/p&gt;\n			&lt;/td&gt;\n		&lt;/tr&gt;\n		&lt;tr&gt;\n			&lt;td width="136" rowspan="2" valign="top" style="border:solid black 1.0pt;"&gt;\n				&lt;p class="MsoNormal" align="center" style="text-align:center;"&gt;\n					&lt;span style="line-height:150%;font-family:宋体;"&gt;支付方式&lt;span&gt;&lt;/span&gt;&lt;/span&gt;\n				&lt;/p&gt;\n			&lt;/td&gt;\n			&lt;td width="94" valign="top" style="border:solid black 1.0pt;"&gt;\n				&lt;p class="MsoNormal"&gt;\n					&lt;span style="line-height:150%;font-family:宋体;"&gt;基本信息&lt;span&gt;&lt;/span&gt;&lt;/span&gt;\n				&lt;/p&gt;\n			&lt;/td&gt;\n			&lt;td width="637" valign="top" style="border:solid black 1.0pt;"&gt;\n				&lt;p class="MsoNormal"&gt;\n					&lt;span style="line-height:150%;font-family:宋体;"&gt;订单编号、订单金额&lt;span&gt;&lt;/span&gt;&lt;/span&gt;\n				&lt;/p&gt;\n			&lt;/td&gt;\n		&lt;/tr&gt;\n		&lt;tr&gt;\n			&lt;td width="94" valign="top" style="border:solid black 1.0pt;"&gt;\n				&lt;p class="MsoNormal"&gt;\n					&lt;span style="line-height:150%;font-family:宋体;"&gt;支付方式&lt;span&gt;&lt;/span&gt;&lt;/span&gt;\n				&lt;/p&gt;\n			&lt;/td&gt;\n			&lt;td width="637" valign="top" style="border:solid black 1.0pt;"&gt;\n				&lt;p class="MsoNormal"&gt;\n					&lt;span style="line-height:150%;font-family:宋体;"&gt;微信、支付宝、余额&lt;span&gt;&lt;/span&gt;&lt;/span&gt;\n				&lt;/p&gt;\n			&lt;/td&gt;\n		&lt;/tr&gt;\n		&lt;tr&gt;\n			&lt;td width="117" rowspan="4" valign="top" style="border:solid black 1.0pt;"&gt;\n				&lt;p class="MsoNormal" align="center" style="text-align:center;"&gt;\n					&lt;b&gt;&lt;span style="line-height:150%;font-family:宋体;"&gt;&nbsp;&lt;/span&gt;&lt;/b&gt;\n				&lt;/p&gt;\n				&lt;p class="MsoNormal" align="center" style="text-align:center;"&gt;\n					&lt;b&gt;&lt;span style="line-height:150%;font-family:宋体;"&gt;登录模块&lt;span&gt;&lt;/span&gt;&lt;/span&gt;&lt;/b&gt;\n				&lt;/p&gt;\n			&lt;/td&gt;\n			&lt;td width="136" valign="top" style="border:solid black 1.0pt;"&gt;\n				&lt;p class="MsoNormal" align="center" style="text-align:center;"&gt;\n					&lt;span style="line-height:150%;font-family:宋体;"&gt;注册&lt;span&gt;&lt;/span&gt;&lt;/span&gt;\n				&lt;/p&gt;\n			&lt;/td&gt;\n			&lt;td width="94" valign="top" style="border:solid black 1.0pt;"&gt;\n				&lt;p class="MsoNormal"&gt;\n					&lt;span style="line-height:150%;font-family:宋体;"&gt;&nbsp;&lt;/span&gt;\n				&lt;/p&gt;\n			&lt;/td&gt;\n			&lt;td width="637" valign="top" style="border:solid black 1.0pt;"&gt;\n				&lt;p class="MsoNormal"&gt;\n					&lt;span style="line-height:150%;font-family:宋体;"&gt;通过手机号&lt;span&gt;+&lt;/span&gt;短信验证码&lt;span&gt;+&lt;/span&gt;密码&lt;span&gt;&lt;/span&gt;&lt;/span&gt;\n				&lt;/p&gt;\n			&lt;/td&gt;\n		&lt;/tr&gt;\n		&lt;tr&gt;\n			&lt;td width="136" valign="top" style="border:solid black 1.0pt;"&gt;\n				&lt;p class="MsoNormal" align="center" style="text-align:center;"&gt;\n					&lt;span style="line-height:150%;font-family:宋体;"&gt;登录&lt;span&gt;&lt;/span&gt;&lt;/span&gt;\n				&lt;/p&gt;\n			&lt;/td&gt;\n			&lt;td width="94" valign="top" style="border:solid black 1.0pt;"&gt;\n				&lt;p class="MsoNormal"&gt;\n					&lt;span style="line-height:150%;font-family:宋体;"&gt;&nbsp;&lt;/span&gt;\n				&lt;/p&gt;\n			&lt;/td&gt;\n			&lt;td width="637" valign="top" style="border:solid black 1.0pt;"&gt;\n				&lt;p class="MsoNormal"&gt;\n					&lt;span style="line-height:150%;font-family:宋体;"&gt;通过手机号&lt;span&gt;+&lt;/span&gt;密码&lt;span&gt;&lt;/span&gt;&lt;/span&gt;\n				&lt;/p&gt;\n			&lt;/td&gt;\n		&lt;/tr&gt;\n		&lt;tr&gt;\n			&lt;td width="136" valign="top" style="border:solid black 1.0pt;"&gt;\n				&lt;p class="MsoNormal" align="center" style="text-align:center;"&gt;\n					&lt;span style="line-height:150%;font-family:宋体;"&gt;找回密码&lt;span&gt;&lt;/span&gt;&lt;/span&gt;\n				&lt;/p&gt;\n			&lt;/td&gt;\n			&lt;td width="94" valign="top" style="border:solid black 1.0pt;"&gt;\n				&lt;p class="MsoNormal"&gt;\n					&lt;span style="line-height:150%;font-family:宋体;"&gt;&nbsp;&lt;/span&gt;\n				&lt;/p&gt;\n			&lt;/td&gt;\n			&lt;td width="637" valign="top" style="border:solid black 1.0pt;"&gt;\n				&lt;p class="MsoNormal"&gt;\n					&lt;span style="line-height:150%;font-family:宋体;"&gt;通过手机号&lt;span&gt;+&lt;/span&gt;验证码可以重新设置密码&lt;span&gt;&lt;/span&gt;&lt;/span&gt;\n				&lt;/p&gt;\n			&lt;/td&gt;\n		&lt;/tr&gt;\n		&lt;tr&gt;\n			&lt;td width="136" valign="top" style="border:solid black 1.0pt;"&gt;\n				&lt;p class="MsoNormal" align="center" style="text-align:center;"&gt;\n					&lt;span style="line-height:150%;font-family:宋体;"&gt;用户协议&lt;span&gt;&lt;/span&gt;&lt;/span&gt;\n				&lt;/p&gt;\n			&lt;/td&gt;\n			&lt;td width="94" valign="top" style="border:solid black 1.0pt;"&gt;\n				&lt;p class="MsoNormal"&gt;\n					&lt;span style="line-height:150%;font-family:宋体;"&gt;&nbsp;&lt;/span&gt;\n				&lt;/p&gt;\n			&lt;/td&gt;\n			&lt;td width="637" valign="top" style="border:solid black 1.0pt;"&gt;\n				&lt;p class="MsoNormal"&gt;\n					&lt;span style="line-height:150%;font-family:宋体;"&gt;用户在注册时一定要同意相关用户协议，点击用户协议可以进行查看具体内容&lt;span&gt;&lt;/span&gt;&lt;/span&gt;\n				&lt;/p&gt;\n			&lt;/td&gt;\n		&lt;/tr&gt;\n		&lt;tr&gt;\n			&lt;td width="117" rowspan="16" valign="top" style="border:solid black 1.0pt;"&gt;\n				&lt;p class="MsoNormal" align="center" style="text-align:center;"&gt;\n					&lt;b&gt;&lt;span style="line-height:150%;font-family:宋体;"&gt;&nbsp;&lt;/span&gt;&lt;/b&gt;\n				&lt;/p&gt;\n				&lt;p class="MsoNormal"&gt;\n					&lt;b&gt;&lt;span style="line-height:150%;font-family:宋体;"&gt;&nbsp;&lt;/span&gt;&lt;/b&gt;\n				&lt;/p&gt;\n				&lt;p class="MsoNormal" align="center" style="text-align:center;"&gt;\n					&lt;b&gt;&lt;span style="line-height:150%;font-family:宋体;"&gt;我的&lt;span&gt;&lt;/span&gt;&lt;/span&gt;&lt;/b&gt;\n				&lt;/p&gt;\n			&lt;/td&gt;\n			&lt;td width="136" valign="top" style="border:solid black 1.0pt;"&gt;\n				&lt;p class="MsoNormal" align="center" style="text-align:center;"&gt;\n					&lt;span style="line-height:150%;font-family:宋体;"&gt;首页&lt;span&gt;&lt;/span&gt;&lt;/span&gt;\n				&lt;/p&gt;\n			&lt;/td&gt;\n			&lt;td width="94" valign="top" style="border:solid black 1.0pt;"&gt;\n				&lt;p class="MsoNormal"&gt;\n					&lt;span style="line-height:150%;font-family:宋体;"&gt;&nbsp;&lt;/span&gt;\n				&lt;/p&gt;\n			&lt;/td&gt;\n			&lt;td width="637" valign="top" style="border:solid black 1.0pt;"&gt;\n				&lt;p class="MsoNormal"&gt;\n					&lt;span style="line-height:150%;font-family:宋体;"&gt;显示用户昵称、头像 、我的订单、栏目导航等&lt;/span&gt;&lt;span style="line-height:150%;font-family:宋体;"&gt;&lt;/span&gt;\n				&lt;/p&gt;\n			&lt;/td&gt;\n		&lt;/tr&gt;\n		&lt;tr&gt;\n			&lt;td width="136" valign="top" style="border:solid black 1.0pt;"&gt;\n				&lt;p class="MsoNormal" align="center" style="text-align:center;"&gt;\n					&lt;span style="line-height:150%;font-family:宋体;"&gt;个人资料&lt;span&gt;&lt;/span&gt;&lt;/span&gt;\n				&lt;/p&gt;\n			&lt;/td&gt;\n			&lt;td width="94" valign="top" style="border:solid black 1.0pt;"&gt;\n				&lt;p class="MsoNormal"&gt;\n					&lt;span style="line-height:150%;font-family:宋体;"&gt;&nbsp;&lt;/span&gt;\n				&lt;/p&gt;\n			&lt;/td&gt;\n			&lt;td width="637" valign="top" style="border:solid black 1.0pt;"&gt;\n				&lt;p class="MsoNormal"&gt;\n					&lt;span style="line-height:150%;font-family:宋体;"&gt;具体信息：头像、&lt;/span&gt;&lt;span style="line-height:150%;font-family:宋体;"&gt;昵称&lt;/span&gt;&lt;span style="line-height:150%;font-family:宋体;"&gt;、手机、性别、生日&lt;span&gt;&lt;/span&gt;&lt;/span&gt;\n				&lt;/p&gt;\n			&lt;/td&gt;\n		&lt;/tr&gt;\n		&lt;tr&gt;\n			&lt;td width="136" valign="top" style="border:solid black 1.0pt;"&gt;\n				&lt;p class="MsoNormal" align="center" style="text-align:center;"&gt;\n					&lt;span style="line-height:150%;font-family:宋体;"&gt;设置&lt;span&gt;&lt;/span&gt;&lt;/span&gt;\n				&lt;/p&gt;\n			&lt;/td&gt;\n			&lt;td width="94" valign="top" style="border:solid black 1.0pt;"&gt;\n				&lt;p class="MsoNormal"&gt;\n					&lt;span style="line-height:150%;font-family:宋体;"&gt;&nbsp;&lt;/span&gt;\n				&lt;/p&gt;\n			&lt;/td&gt;\n			&lt;td width="637" valign="top" style="border:solid black 1.0pt;"&gt;\n				&lt;p class="MsoNormal"&gt;\n					&lt;span style="line-height:150%;font-family:宋体;"&gt;修改登录密码、支付管理（设置支付密码、修改支付密码、找回支付密码）、关于我们、退出登录&lt;span&gt;&lt;/span&gt;&lt;/span&gt;\n				&lt;/p&gt;\n			&lt;/td&gt;\n		&lt;/tr&gt;\n		&lt;tr&gt;\n			&lt;td width="136" rowspan="5" valign="top" style="border:solid black 1.0pt;"&gt;\n				&lt;p class="MsoNormal" align="center" style="text-align:center;"&gt;\n					&lt;span style="line-height:150%;font-family:宋体;"&gt;&nbsp;&lt;/span&gt;\n				&lt;/p&gt;\n				&lt;p class="MsoNormal" align="center" style="text-align:center;"&gt;\n					&lt;span style="line-height:150%;font-family:宋体;"&gt;&nbsp;&lt;/span&gt;\n				&lt;/p&gt;\n				&lt;p class="MsoNormal" align="center" style="text-align:center;"&gt;\n					&lt;span style="line-height:150%;font-family:宋体;"&gt;我的订单&lt;span&gt;&lt;/span&gt;&lt;/span&gt;\n				&lt;/p&gt;\n			&lt;/td&gt;\n			&lt;td width="94" valign="top" style="border:solid black 1.0pt;"&gt;\n				&lt;p class="MsoNormal"&gt;\n					&lt;span style="line-height:150%;font-family:宋体;"&gt;全部&lt;span&gt;&lt;/span&gt;&lt;/span&gt;\n				&lt;/p&gt;\n			&lt;/td&gt;\n			&lt;td width="637" valign="top" style="border:solid black 1.0pt;"&gt;\n				&lt;p class="MsoNormal"&gt;\n					&lt;span style="line-height:150%;font-family:宋体;"&gt;所有订单类型在这里都可以查看，包括已取消和已完成订单&lt;span&gt;&lt;/span&gt;&lt;/span&gt;\n				&lt;/p&gt;\n			&lt;/td&gt;\n		&lt;/tr&gt;\n		&lt;tr&gt;\n			&lt;td width="94" valign="top" style="border:solid black 1.0pt;"&gt;\n				&lt;p class="MsoNormal"&gt;\n					&lt;span style="line-height:150%;font-family:宋体;"&gt;待付款&lt;span&gt;&lt;/span&gt;&lt;/span&gt;\n				&lt;/p&gt;\n			&lt;/td&gt;\n			&lt;td width="637" valign="top" style="border:solid black 1.0pt;"&gt;\n				&lt;p class="MsoNormal"&gt;\n					&lt;span style="line-height:150%;font-family:宋体;"&gt;取消订单、查看详情、立即支付&lt;span&gt;&lt;/span&gt;&lt;/span&gt;\n				&lt;/p&gt;\n			&lt;/td&gt;\n		&lt;/tr&gt;\n		&lt;tr&gt;\n			&lt;td width="94" valign="top" style="border:solid black 1.0pt;"&gt;\n				&lt;p class="MsoNormal"&gt;\n					&lt;span style="line-height:150%;font-family:宋体;"&gt;待发货&lt;span&gt;&lt;/span&gt;&lt;/span&gt;\n				&lt;/p&gt;\n			&lt;/td&gt;\n			&lt;td width="637" valign="top" style="border:solid black 1.0pt;"&gt;\n				&lt;p class="MsoNormal"&gt;\n					&lt;span style="line-height:150%;font-family:宋体;"&gt;申请售后、查看详情&lt;span&gt;&lt;/span&gt;&lt;/span&gt;\n				&lt;/p&gt;\n			&lt;/td&gt;\n		&lt;/tr&gt;\n		&lt;tr&gt;\n			&lt;td width="94" valign="top" style="border:solid black 1.0pt;"&gt;\n				&lt;p class="MsoNormal"&gt;\n					&lt;span style="line-height:150%;font-family:宋体;"&gt;待收货&lt;span&gt;&lt;/span&gt;&lt;/span&gt;\n				&lt;/p&gt;\n			&lt;/td&gt;\n			&lt;td width="637" valign="top" style="border:solid black 1.0pt;"&gt;\n				&lt;p class="MsoNormal"&gt;\n					&lt;span style="line-height:150%;font-family:宋体;"&gt;查看物流、查看详情、确认收货&lt;span&gt;&lt;/span&gt;&lt;/span&gt;\n				&lt;/p&gt;\n			&lt;/td&gt;\n		&lt;/tr&gt;\n		&lt;tr&gt;\n			&lt;td width="94" valign="top" style="border:solid black 1.0pt;"&gt;\n				&lt;p class="MsoNormal"&gt;\n					&lt;span style="line-height:150%;font-family:宋体;"&gt;待评价&lt;span&gt;&lt;/span&gt;&lt;/span&gt;\n				&lt;/p&gt;\n			&lt;/td&gt;\n			&lt;td width="637" valign="top" style="border:solid black 1.0pt;"&gt;\n				&lt;p class="MsoNormal"&gt;\n					&lt;span style="line-height:150%;font-family:宋体;"&gt;查看详情、去评价&lt;span&gt;&lt;/span&gt;&lt;/span&gt;\n				&lt;/p&gt;\n			&lt;/td&gt;\n		&lt;/tr&gt;\n		&lt;tr&gt;\n			&lt;td width="136" rowspan="3" valign="top" style="border:solid black 1.0pt;"&gt;\n				&lt;p class="MsoNormal" align="center" style="text-align:center;"&gt;\n					&lt;span style="line-height:300%;font-family:宋体;"&gt;售后管理&lt;span&gt;&lt;/span&gt;&lt;/span&gt;\n				&lt;/p&gt;\n			&lt;/td&gt;\n			&lt;td width="94" valign="top" style="border:solid black 1.0pt;"&gt;\n				&lt;p class="MsoNormal"&gt;\n					&lt;span style="line-height:150%;font-family:宋体;"&gt;退款中&lt;span&gt;&lt;/span&gt;&lt;/span&gt;\n				&lt;/p&gt;\n			&lt;/td&gt;\n			&lt;td width="637" valign="top" style="border:solid black 1.0pt;"&gt;\n				&lt;p class="MsoNormal"&gt;\n					&lt;span style="line-height:150%;font-family:宋体;"&gt;查看详情&lt;span&gt;&lt;/span&gt;&lt;/span&gt;\n				&lt;/p&gt;\n			&lt;/td&gt;\n		&lt;/tr&gt;\n		&lt;tr&gt;\n			&lt;td width="94" valign="top" style="border:solid black 1.0pt;"&gt;\n				&lt;p class="MsoNormal"&gt;\n					&lt;span style="line-height:150%;font-family:宋体;"&gt;退款成功&lt;span&gt;&lt;/span&gt;&lt;/span&gt;\n				&lt;/p&gt;\n			&lt;/td&gt;\n			&lt;td width="637" valign="top" style="border:solid black 1.0pt;"&gt;\n				&lt;p class="MsoNormal"&gt;\n					&lt;span style="line-height:150%;font-family:宋体;"&gt;查看详情&lt;span&gt;&lt;/span&gt;&lt;/span&gt;\n				&lt;/p&gt;\n			&lt;/td&gt;\n		&lt;/tr&gt;\n		&lt;tr&gt;\n			&lt;td width="94" valign="top" style="border:solid black 1.0pt;"&gt;\n				&lt;p class="MsoNormal"&gt;\n					&lt;span style="line-height:150%;font-family:宋体;"&gt;退款失败&lt;span&gt;&lt;/span&gt;&lt;/span&gt;\n				&lt;/p&gt;\n			&lt;/td&gt;\n			&lt;td width="637" valign="top" style="border:solid black 1.0pt;"&gt;\n				&lt;p class="MsoNormal"&gt;\n					&lt;span style="line-height:150%;font-family:宋体;"&gt;查看详情、查看原因&lt;span&gt;&lt;/span&gt;&lt;/span&gt;\n				&lt;/p&gt;\n			&lt;/td&gt;\n		&lt;/tr&gt;\n		&lt;tr&gt;\n			&lt;td width="136" valign="top" style="border:solid black 1.0pt;"&gt;\n				&lt;p class="MsoNormal" align="center" style="text-align:center;"&gt;\n					&lt;span style="line-height:150%;font-family:宋体;"&gt;我的钱包&lt;span&gt;&lt;/span&gt;&lt;/span&gt;\n				&lt;/p&gt;\n			&lt;/td&gt;\n			&lt;td width="94" valign="top" style="border:solid black 1.0pt;"&gt;\n				&lt;p class="MsoNormal"&gt;\n					&lt;span style="line-height:150%;font-family:宋体;"&gt;&nbsp;&lt;/span&gt;\n				&lt;/p&gt;\n			&lt;/td&gt;\n			&lt;td width="637" valign="top" style="border:solid black 1.0pt;"&gt;\n				&lt;p class="MsoNormal"&gt;\n					&lt;span style="line-height:150%;font-family:宋体;"&gt;余额、充值（输入充值金额、支付宝及微信支付）、余额明细（名称、金额、时间）&lt;span&gt;&lt;/span&gt;&lt;/span&gt;\n				&lt;/p&gt;\n			&lt;/td&gt;\n		&lt;/tr&gt;\n		&lt;tr&gt;\n			&lt;td width="136" valign="top" style="border:solid black 1.0pt;"&gt;\n				&lt;p class="MsoNormal" align="center" style="text-align:center;"&gt;\n					&lt;span style="line-height:150%;font-family:宋体;"&gt;我的优惠券&lt;span&gt;&lt;/span&gt;&lt;/span&gt;\n				&lt;/p&gt;\n			&lt;/td&gt;\n			&lt;td width="94" valign="top" style="border:solid black 1.0pt;"&gt;\n				&lt;p class="MsoNormal"&gt;\n					&lt;span style="line-height:150%;font-family:宋体;"&gt;&nbsp;&lt;/span&gt;\n				&lt;/p&gt;\n			&lt;/td&gt;\n			&lt;td width="637" valign="top" style="border:solid black 1.0pt;"&gt;\n				&lt;p class="MsoNormal"&gt;\n					&lt;span style="line-height:150%;font-family:宋体;"&gt;优惠券列表（未使用、已使用、已过期）、优惠券列表空页面&lt;span&gt;&lt;/span&gt;&lt;/span&gt;\n				&lt;/p&gt;\n			&lt;/td&gt;\n		&lt;/tr&gt;\n		&lt;tr&gt;\n			&lt;td width="136" valign="top" style="border:solid black 1.0pt;"&gt;\n				&lt;p class="MsoNormal" align="center" style="text-align:center;"&gt;\n					&lt;span style="line-height:150%;font-family:宋体;"&gt;收货地址管理&lt;span&gt;&lt;/span&gt;&lt;/span&gt;\n				&lt;/p&gt;\n			&lt;/td&gt;\n			&lt;td width="94" valign="top" style="border:solid black 1.0pt;"&gt;\n				&lt;p class="MsoNormal"&gt;\n					&lt;span style="line-height:150%;font-family:宋体;"&gt;&nbsp;&lt;/span&gt;\n				&lt;/p&gt;\n			&lt;/td&gt;\n			&lt;td width="637" valign="top" style="border:solid black 1.0pt;"&gt;\n				&lt;p class="MsoNormal"&gt;\n					&lt;span style="line-height:150%;font-family:宋体;"&gt;显示收货地址列表，可以对收货地址进行新增、编辑或删除操作。&lt;span&gt;&lt;/span&gt;&lt;/span&gt;\n				&lt;/p&gt;\n				&lt;p class="MsoNormal"&gt;\n					&lt;span style="line-height:150%;font-family:宋体;"&gt;具体信息：收货人、电话、地区、详细地址&lt;span&gt;&lt;/span&gt;&lt;/span&gt;\n				&lt;/p&gt;\n			&lt;/td&gt;\n		&lt;/tr&gt;\n		&lt;tr&gt;\n			&lt;td width="136" valign="top" style="border:solid black 1.0pt;"&gt;\n				&lt;p class="MsoNormal" align="center" style="text-align:center;"&gt;\n					&lt;span style="line-height:150%;font-family:宋体;"&gt;我的收藏&lt;span&gt;&lt;/span&gt;&lt;/span&gt;\n				&lt;/p&gt;\n			&lt;/td&gt;\n			&lt;td width="94" valign="top" style="border:solid black 1.0pt;"&gt;\n				&lt;p class="MsoNormal"&gt;\n					&lt;span style="line-height:150%;font-family:宋体;"&gt;&nbsp;&lt;/span&gt;\n				&lt;/p&gt;\n			&lt;/td&gt;\n			&lt;td width="637" valign="top" style="border:solid black 1.0pt;"&gt;\n				&lt;p class="MsoNormal"&gt;\n					&lt;span style="line-height:150%;font-family:宋体;"&gt;我的收藏列表、我的收藏空页面&lt;span&gt;&lt;/span&gt;&lt;/span&gt;\n				&lt;/p&gt;\n			&lt;/td&gt;\n		&lt;/tr&gt;\n		&lt;tr&gt;\n			&lt;td width="136" valign="top" style="border:solid black 1.0pt;"&gt;\n				&lt;p class="MsoNormal" align="center" style="text-align:center;"&gt;\n					&lt;span style="line-height:150%;font-family:宋体;"&gt;意见反馈&lt;span&gt;&lt;/span&gt;&lt;/span&gt;\n				&lt;/p&gt;\n			&lt;/td&gt;\n			&lt;td width="94" valign="top" style="border:solid black 1.0pt;"&gt;\n				&lt;p class="MsoNormal"&gt;\n					&lt;span style="line-height:150%;font-family:宋体;"&gt;&nbsp;&lt;/span&gt;\n				&lt;/p&gt;\n			&lt;/td&gt;\n			&lt;td width="637" valign="top" style="border:solid black 1.0pt;"&gt;\n				&lt;p class="MsoNormal"&gt;\n					&lt;span style="font-family:宋体;"&gt;会员可以在网上进行留言，留言后，管理员可以通过后台查看和电话回访&lt;/span&gt;&lt;span style="line-height:150%;font-family:宋体;"&gt;&lt;/span&gt;\n				&lt;/p&gt;\n			&lt;/td&gt;\n		&lt;/tr&gt;\n	&lt;/tbody&gt;\n&lt;/table&gt;\n&lt;p class="MsoNormal"&gt;\n	&nbsp;\n&lt;/p&gt;\n&lt;p class="MsoNormal" style="margin-left:0cm;text-indent:0cm;"&gt;\n	&lt;b&gt;2、&lt;/b&gt;&lt;b&gt;总后台管理系统（电脑版）&lt;span&gt;&lt;/span&gt;&lt;/b&gt;\n&lt;/p&gt;\n&lt;p class="MsoNormal"&gt;\n	&nbsp;\n&lt;/p&gt;\n&lt;table class="MsoNormalTable" border="1" cellspacing="0" cellpadding="0" style="border:none;"&gt;\n	&lt;tbody&gt;\n		&lt;tr&gt;\n			&lt;td width="115" valign="top" style="border:solid black 1.0pt;"&gt;\n				&lt;p class="MsoNormal" align="center" style="text-align:center;"&gt;\n					&lt;b&gt;&lt;span style="line-height:150%;font-family:宋体;"&gt;一级模块&lt;span&gt;&lt;/span&gt;&lt;/span&gt;&lt;/b&gt;\n				&lt;/p&gt;\n			&lt;/td&gt;\n			&lt;td width="138" valign="top" style="border:solid black 1.0pt;"&gt;\n				&lt;p class="MsoNormal" align="center" style="text-align:center;"&gt;\n					&lt;b&gt;&lt;span style="line-height:150%;font-family:宋体;"&gt;二级模块&lt;span&gt;&lt;/span&gt;&lt;/span&gt;&lt;/b&gt;\n				&lt;/p&gt;\n			&lt;/td&gt;\n			&lt;td width="94" valign="top" style="border:solid black 1.0pt;"&gt;\n				&lt;p class="MsoNormal" align="center" style="text-align:center;"&gt;\n					&lt;b&gt;&lt;span style="line-height:150%;font-family:宋体;"&gt;三级模块&lt;span&gt;&lt;/span&gt;&lt;/span&gt;&lt;/b&gt;\n				&lt;/p&gt;\n			&lt;/td&gt;\n			&lt;td width="635" valign="top" style="border:solid black 1.0pt;"&gt;\n				&lt;p class="MsoNormal" align="center" style="text-align:center;"&gt;\n					&lt;b&gt;&lt;span style="line-height:150%;font-family:宋体;"&gt;备注&lt;span&gt;&lt;/span&gt;&lt;/span&gt;&lt;/b&gt;\n				&lt;/p&gt;\n			&lt;/td&gt;\n		&lt;/tr&gt;\n		&lt;tr&gt;\n			&lt;td width="115" valign="top" style="border:solid black 1.0pt;"&gt;\n				&lt;p class="MsoNormal" align="center" style="text-align:center;"&gt;\n					&lt;b&gt;&lt;span style="line-height:150%;font-family:宋体;"&gt;后台登录&lt;span&gt;&lt;/span&gt;&lt;/span&gt;&lt;/b&gt;\n				&lt;/p&gt;\n			&lt;/td&gt;\n			&lt;td width="138" valign="top" style="border:solid black 1.0pt;"&gt;\n				&lt;p class="MsoNormal" align="center" style="text-align:center;"&gt;\n					&lt;b&gt;&lt;span style="line-height:150%;font-family:宋体;"&gt;&nbsp;&lt;/span&gt;&lt;/b&gt;\n				&lt;/p&gt;\n			&lt;/td&gt;\n			&lt;td width="94" valign="top" style="border:solid black 1.0pt;"&gt;\n				&lt;p class="MsoNormal" align="center" style="text-align:center;"&gt;\n					&lt;b&gt;&lt;span style="line-height:150%;font-family:宋体;"&gt;&nbsp;&lt;/span&gt;&lt;/b&gt;\n				&lt;/p&gt;\n			&lt;/td&gt;\n			&lt;td width="635" valign="top" style="border:solid black 1.0pt;"&gt;\n				&lt;p class="MsoNormal" align="left"&gt;\n					&lt;span style="line-height:150%;font-family:宋体;"&gt;通过帐号和密码登录&lt;span&gt;&lt;/span&gt;&lt;/span&gt;\n				&lt;/p&gt;\n			&lt;/td&gt;\n		&lt;/tr&gt;\n		&lt;tr&gt;\n			&lt;td width="115" valign="top" style="border:solid black 1.0pt;"&gt;\n				&lt;p class="MsoNormal" align="center" style="text-align:center;"&gt;\n					&lt;b&gt;&lt;span style="line-height:150%;font-family:宋体;"&gt;首页&lt;span&gt;&lt;/span&gt;&lt;/span&gt;&lt;/b&gt;\n				&lt;/p&gt;\n			&lt;/td&gt;\n			&lt;td width="138" valign="top" style="border:solid black 1.0pt;"&gt;\n				&lt;p class="MsoNormal"&gt;\n					&lt;b&gt;&lt;span style="line-height:150%;font-family:宋体;"&gt;&nbsp;&lt;/span&gt;&lt;/b&gt;\n				&lt;/p&gt;\n			&lt;/td&gt;\n			&lt;td width="94" valign="top" style="border:solid black 1.0pt;"&gt;\n				&lt;p class="MsoNormal"&gt;\n					&lt;span style="line-height:150%;font-family:宋体;"&gt;&nbsp;&lt;/span&gt;\n				&lt;/p&gt;\n			&lt;/td&gt;\n			&lt;td width="635" valign="top" style="border:solid black 1.0pt;"&gt;\n				&lt;p class="MsoNormal"&gt;\n					&lt;span style="line-height:150%;font-family:宋体;"&gt;显示后台的一些基本信息&lt;span&gt;&lt;/span&gt;&lt;/span&gt;\n				&lt;/p&gt;\n			&lt;/td&gt;\n		&lt;/tr&gt;\n		&lt;tr&gt;\n			&lt;td width="115" rowspan="7" valign="top" style="border:solid black 1.0pt;"&gt;\n				&lt;p class="MsoNormal" align="center" style="text-align:center;"&gt;\n					&lt;b&gt;&lt;span style="line-height:150%;font-family:宋体;"&gt;系统管理&lt;span&gt;&lt;/span&gt;&lt;/span&gt;&lt;/b&gt;\n				&lt;/p&gt;\n			&lt;/td&gt;\n			&lt;td width="138" rowspan="3" valign="top" style="border:solid black 1.0pt;"&gt;\n				&lt;p class="MsoNormal"&gt;\n					&lt;span style="line-height:150%;font-family:宋体;"&gt;核心设置&lt;span&gt;&lt;/span&gt;&lt;/span&gt;\n				&lt;/p&gt;\n			&lt;/td&gt;\n			&lt;td width="94" valign="top" style="border:solid black 1.0pt;"&gt;\n				&lt;p class="MsoNormal"&gt;\n					&lt;span style="line-height:150%;font-family:宋体;"&gt;站点设置&lt;span&gt;&lt;/span&gt;&lt;/span&gt;\n				&lt;/p&gt;\n			&lt;/td&gt;\n			&lt;td width="635" valign="top" style="border:solid black 1.0pt;"&gt;\n				&lt;p class="MsoNormal"&gt;\n					&lt;span style="line-height:150%;font-family:宋体;"&gt;可以设置平台&lt;span&gt;LOGO&lt;/span&gt;、名称、简介、电话、地址等信息&lt;/span&gt;&lt;span style="line-height:150%;font-family:宋体;"&gt;&lt;/span&gt;\n				&lt;/p&gt;\n			&lt;/td&gt;\n		&lt;/tr&gt;\n		&lt;tr&gt;\n			&lt;td width="94" valign="top" style="border:solid black 1.0pt;"&gt;\n				&lt;p class="MsoNormal"&gt;\n					&lt;span style="line-height:150%;font-family:宋体;"&gt;注册协议&lt;span&gt;&lt;/span&gt;&lt;/span&gt;\n				&lt;/p&gt;\n			&lt;/td&gt;\n			&lt;td width="635" valign="top" style="border:solid black 1.0pt;"&gt;\n				&lt;p class="MsoNormal"&gt;\n					&lt;span style="line-height:150%;font-family:宋体;"&gt;可以对注册协议进行修改&lt;/span&gt;&lt;span style="line-height:150%;font-family:宋体;"&gt;&lt;/span&gt;\n				&lt;/p&gt;\n			&lt;/td&gt;\n		&lt;/tr&gt;\n		&lt;tr&gt;\n			&lt;td width="94" valign="top" style="border:solid black 1.0pt;"&gt;\n				&lt;p class="MsoNormal"&gt;\n					&lt;span style="line-height:150%;font-family:宋体;"&gt;运费设置&lt;span&gt;&lt;/span&gt;&lt;/span&gt;\n				&lt;/p&gt;\n			&lt;/td&gt;\n			&lt;td width="635" valign="top" style="border:solid black 1.0pt;"&gt;\n				&lt;p class="MsoNormal"&gt;\n					&lt;span style="line-height:150%;font-family:宋体;"&gt;可以对订单运费进行设置&lt;span&gt;&lt;/span&gt;&lt;/span&gt;\n				&lt;/p&gt;\n			&lt;/td&gt;\n		&lt;/tr&gt;\n		&lt;tr&gt;\n			&lt;td width="138" rowspan="2" valign="top" style="border:solid black 1.0pt;"&gt;\n				&lt;p class="MsoNormal"&gt;\n					&lt;span style="line-height:150%;font-family:宋体;"&gt;帐号管理&lt;span&gt;&lt;/span&gt;&lt;/span&gt;\n				&lt;/p&gt;\n			&lt;/td&gt;\n			&lt;td width="94" valign="top" style="border:solid black 1.0pt;"&gt;\n				&lt;p class="MsoNormal"&gt;\n					&lt;span style="line-height:150%;font-family:宋体;"&gt;帐号管理&lt;span&gt;&lt;/span&gt;&lt;/span&gt;\n				&lt;/p&gt;\n			&lt;/td&gt;\n			&lt;td width="635" valign="top" style="border:solid black 1.0pt;"&gt;\n				&lt;p class="MsoNormal"&gt;\n					&lt;span style="line-height:150%;font-family:宋体;"&gt;总管理员可以开启子帐号，具体信息：帐号名称、密码、所属角色、状态（正常和禁用）&lt;span&gt;&lt;/span&gt;&lt;/span&gt;\n				&lt;/p&gt;\n			&lt;/td&gt;\n		&lt;/tr&gt;\n		&lt;tr&gt;\n			&lt;td width="94" valign="top" style="border:solid black 1.0pt;"&gt;\n				&lt;p class="MsoNormal"&gt;\n					&lt;span style="line-height:150%;font-family:宋体;"&gt;角色管理&lt;span&gt;&lt;/span&gt;&lt;/span&gt;\n				&lt;/p&gt;\n			&lt;/td&gt;\n			&lt;td width="635" valign="top" style="border:solid black 1.0pt;"&gt;\n				&lt;p class="MsoNormal"&gt;\n					&lt;span style="line-height:150%;font-family:宋体;"&gt;可以添加和管理角色&lt;span&gt;&lt;/span&gt;&lt;/span&gt;\n				&lt;/p&gt;\n			&lt;/td&gt;\n		&lt;/tr&gt;\n		&lt;tr&gt;\n			&lt;td width="138" rowspan="2" valign="top" style="border:solid black 1.0pt;"&gt;\n				&lt;p class="MsoNormal"&gt;\n					&lt;span style="line-height:150%;font-family:宋体;"&gt;支付设置&lt;span&gt;&lt;/span&gt;&lt;/span&gt;\n				&lt;/p&gt;\n			&lt;/td&gt;\n			&lt;td width="94" valign="top" style="border:solid black 1.0pt;"&gt;\n				&lt;p class="MsoNormal"&gt;\n					&lt;span style="line-height:150%;font-family:宋体;"&gt;微信支付&lt;span&gt;&lt;/span&gt;&lt;/span&gt;\n				&lt;/p&gt;\n			&lt;/td&gt;\n			&lt;td width="635" rowspan="2" valign="top" style="border:solid black 1.0pt;"&gt;\n				&lt;p class="MsoNormal"&gt;\n					&lt;span style="line-height:150%;font-family:宋体;"&gt;可以对微信和支付宝支付进行后台配置&lt;span&gt;&lt;/span&gt;&lt;/span&gt;\n				&lt;/p&gt;\n			&lt;/td&gt;\n		&lt;/tr&gt;\n		&lt;tr&gt;\n			&lt;td width="94" valign="top" style="border:solid black 1.0pt;"&gt;\n				&lt;p class="MsoNormal"&gt;\n					&lt;span style="line-height:150%;font-family:宋体;"&gt;支付宝支付&lt;span&gt;&lt;/span&gt;&lt;/span&gt;\n				&lt;/p&gt;\n			&lt;/td&gt;\n		&lt;/tr&gt;\n		&lt;tr&gt;\n			&lt;td width="115" rowspan="3" valign="top" style="border:solid black 1.0pt;"&gt;\n				&lt;p class="MsoNormal" align="center" style="text-align:center;"&gt;\n					&lt;b&gt;&lt;span style="line-height:150%;font-family:宋体;"&gt;会员管理&lt;span&gt;&lt;/span&gt;&lt;/span&gt;&lt;/b&gt;\n				&lt;/p&gt;\n			&lt;/td&gt;\n			&lt;td width="138" valign="top" style="border:solid black 1.0pt;"&gt;\n				&lt;p class="MsoNormal"&gt;\n					&lt;span style="line-height:150%;font-family:宋体;"&gt;会员列表&lt;span&gt;&lt;/span&gt;&lt;/span&gt;\n				&lt;/p&gt;\n			&lt;/td&gt;\n			&lt;td width="94" rowspan="3" valign="top" style="border:solid black 1.0pt;"&gt;\n				&lt;p class="MsoNormal"&gt;\n					&lt;span style="line-height:150%;font-family:宋体;"&gt;&nbsp;&lt;/span&gt;\n				&lt;/p&gt;\n			&lt;/td&gt;\n			&lt;td width="635" valign="top" style="border:solid black 1.0pt;"&gt;\n				&lt;p class="MsoNormal"&gt;\n					&lt;span style="line-height:150%;font-family:宋体;"&gt;相关信息：序号、&lt;span style="color:#707070;background:white;"&gt;用户名（手机号）、头像、呢称、性别、生日、余额、状态（禁用、正常）操作（编辑和删除）&lt;span&gt;&lt;/span&gt;&lt;/span&gt;&lt;/span&gt;\n				&lt;/p&gt;\n				&lt;p class="MsoNormal"&gt;\n					&lt;span style="line-height:150%;font-family:宋体;color:#707070;background:white;"&gt;有数据导出&lt;/span&gt;&lt;span style="line-height:150%;font-family:宋体;"&gt;EXEL&lt;/span&gt;&lt;span style="line-height:150%;font-family:宋体;"&gt;表&lt;/span&gt;&lt;span style="line-height:150%;font-family:宋体;"&gt;&lt;/span&gt;\n				&lt;/p&gt;\n			&lt;/td&gt;\n		&lt;/tr&gt;\n		&lt;tr&gt;\n			&lt;td width="138" valign="top" style="border:solid black 1.0pt;"&gt;\n				&lt;p class="MsoNormal"&gt;\n					&lt;span style="line-height:150%;font-family:宋体;"&gt;会员收藏&lt;span&gt;&lt;/span&gt;&lt;/span&gt;\n				&lt;/p&gt;\n			&lt;/td&gt;\n			&lt;td width="635" valign="top" style="border:solid black 1.0pt;"&gt;\n				&lt;p class="MsoNormal"&gt;\n					&lt;span style="line-height:150%;font-family:宋体;"&gt;相关信息：序号、&lt;/span&gt;&lt;span style="line-height:150%;font-family:宋体;color:#707070;background:white;"&gt;呢称、手机号&lt;/span&gt;&lt;span style="line-height:150%;font-family:宋体;"&gt;、&lt;/span&gt;&lt;span style="line-height:150%;font-family:宋体;color:#707070;background:white;"&gt;商品名、收藏时间&lt;/span&gt;&lt;span style="line-height:150%;font-family:宋体;"&gt;&lt;/span&gt;\n				&lt;/p&gt;\n			&lt;/td&gt;\n		&lt;/tr&gt;\n		&lt;tr&gt;\n			&lt;td width="138" valign="top" style="border:solid black 1.0pt;"&gt;\n				&lt;p class="MsoNormal"&gt;\n					&lt;span style="line-height:150%;font-family:宋体;"&gt;信息反馈&lt;span&gt;&lt;/span&gt;&lt;/span&gt;\n				&lt;/p&gt;\n			&lt;/td&gt;\n			&lt;td width="635" valign="top" style="border:solid black 1.0pt;"&gt;\n				&lt;p class="MsoNormal"&gt;\n					&lt;span style="line-height:150%;font-family:宋体;"&gt;可以查看到会员反馈的信息，&lt;/span&gt;&lt;span style="line-height:150%;font-family:宋体;"&gt;相关信息：序号、&lt;/span&gt;&lt;span style="line-height:150%;font-family:宋体;color:#707070;background:white;"&gt;呢称、手机号&lt;/span&gt;&lt;span style="line-height:150%;font-family:宋体;"&gt;、&lt;/span&gt;&lt;span style="line-height:150%;font-family:宋体;color:#707070;background:white;"&gt;内容、时间&lt;/span&gt;&lt;span style="line-height:150%;font-family:宋体;"&gt;&lt;/span&gt;\n				&lt;/p&gt;\n			&lt;/td&gt;\n		&lt;/tr&gt;\n		&lt;tr&gt;\n			&lt;td width="115" rowspan="3" valign="top" style="border:solid black 1.0pt;"&gt;\n				&lt;p class="MsoNormal" align="center" style="text-align:center;"&gt;\n					&lt;b&gt;&lt;span style="line-height:150%;font-family:宋体;"&gt;&nbsp;&lt;/span&gt;&lt;/b&gt;\n				&lt;/p&gt;\n				&lt;p class="MsoNormal" align="center" style="text-align:center;"&gt;\n					&lt;b&gt;&lt;span style="line-height:150%;font-family:宋体;"&gt;&nbsp;&lt;/span&gt;&lt;/b&gt;\n				&lt;/p&gt;\n				&lt;p class="MsoNormal" align="center" style="text-align:center;"&gt;\n					&lt;b&gt;&lt;span style="line-height:150%;font-family:宋体;"&gt;&nbsp;&lt;/span&gt;&lt;/b&gt;\n				&lt;/p&gt;\n				&lt;p class="MsoNormal" align="center" style="text-align:center;"&gt;\n					&lt;b&gt;&lt;span style="line-height:150%;font-family:宋体;"&gt;商品管理&lt;span&gt;&lt;/span&gt;&lt;/span&gt;&lt;/b&gt;\n				&lt;/p&gt;\n			&lt;/td&gt;\n			&lt;td width="138" valign="top" style="border:solid black 1.0pt;"&gt;\n				&lt;p class="MsoNormal"&gt;\n					&lt;span style="line-height:150%;font-family:宋体;"&gt;商品分类&lt;span&gt;&lt;/span&gt;&lt;/span&gt;\n				&lt;/p&gt;\n			&lt;/td&gt;\n			&lt;td width="94" rowspan="3" valign="top" style="border:solid black 1.0pt;"&gt;\n				&lt;p class="MsoNormal"&gt;\n					&lt;span style="line-height:150%;font-family:宋体;"&gt;&nbsp;&lt;/span&gt;\n				&lt;/p&gt;\n			&lt;/td&gt;\n			&lt;td width="635" valign="top" style="border:solid black 1.0pt;"&gt;\n				&lt;p class="MsoNormal"&gt;\n					&lt;span style="line-height:150%;font-family:宋体;"&gt;管理员可以对分类进行添加、修改和删除管理，分类为多级关联，&lt;span&gt;&lt;/span&gt;&lt;/span&gt;\n				&lt;/p&gt;\n				&lt;p class="MsoNormal"&gt;\n					&lt;span style="line-height:150%;font-family:宋体;"&gt;分类相关信息：序号、分类名称、分类图片（&lt;span&gt;PC&lt;/span&gt;和手机端）、排序、状态、管理操作（添加子类、编辑、删除）&lt;span&gt;&lt;/span&gt;&lt;/span&gt;\n				&lt;/p&gt;\n			&lt;/td&gt;\n		&lt;/tr&gt;\n		&lt;tr&gt;\n			&lt;td width="138" valign="top" style="border:solid black 1.0pt;"&gt;\n				&lt;p class="MsoNormal"&gt;\n					&lt;span style="line-height:150%;font-family:宋体;"&gt;商品列表&lt;span&gt;&lt;/span&gt;&lt;/span&gt;\n				&lt;/p&gt;\n			&lt;/td&gt;\n			&lt;td width="635" valign="top" style="border:solid black 1.0pt;"&gt;\n				&lt;p class="MsoNormal" style="margin-left:18.0pt;text-indent:-18.0pt;"&gt;\n					&lt;span style="line-height:150%;font-family:宋体;"&gt;1、&lt;span style="font-size:7pt;line-height:normal;font-family:&quot;"&gt; &lt;/span&gt;&lt;/span&gt;&lt;span style="line-height:150%;font-family:宋体;"&gt;发布商品&lt;span&gt;&lt;/span&gt;&lt;/span&gt;\n				&lt;/p&gt;\n				&lt;p class="MsoNormal" style="margin-left:18.0pt;text-indent:-18.0pt;"&gt;\n					&lt;span style="line-height:150%;font-family:宋体;"&gt;2、&lt;span style="font-size:7pt;line-height:normal;font-family:&quot;"&gt; &lt;/span&gt;&lt;/span&gt;&lt;span style="line-height:150%;font-family:宋体;"&gt;商品展示（序号、商品名称、商品主图、所属分类、单位、所属品牌、商城价、零售价、排序、状态、操作（编辑和删除）&lt;span&gt;&lt;/span&gt;&lt;/span&gt;\n				&lt;/p&gt;\n				&lt;p class="MsoNormal"&gt;\n					&lt;span style="line-height:150%;font-family:宋体;"&gt;３、商品搜索（通过分类、状态和发布时间进行查询）&lt;span&gt;&lt;/span&gt;&lt;/span&gt;\n				&lt;/p&gt;\n			&lt;/td&gt;\n		&lt;/tr&gt;\n		&lt;tr&gt;\n			&lt;td width="138" valign="top" style="border:solid black 1.0pt;"&gt;\n				&lt;p class="MsoNormal"&gt;\n					&lt;span style="line-height:150%;font-family:宋体;"&gt;品牌管理&lt;span&gt;&lt;/span&gt;&lt;/span&gt;\n				&lt;/p&gt;\n			&lt;/td&gt;\n			&lt;td width="635" valign="top" style="border:solid black 1.0pt;"&gt;\n				&lt;p class="MsoNormal"&gt;\n					&lt;span style="line-height:150%;font-family:宋体;"&gt;管理员可以添加品牌和对品牌进行管理&lt;span&gt;&lt;/span&gt;&lt;/span&gt;\n				&lt;/p&gt;\n				&lt;p class="MsoNormal"&gt;\n					&lt;span style="line-height:150%;font-family:宋体;"&gt;相关信息：序号、品牌名称、品牌图片、排序、状态、管理操作（编辑和删除）&lt;span&gt;&lt;/span&gt;&lt;/span&gt;\n				&lt;/p&gt;\n			&lt;/td&gt;\n		&lt;/tr&gt;\n		&lt;tr&gt;\n			&lt;td width="115" rowspan="3" valign="top" style="border:solid black 1.0pt;"&gt;\n				&lt;p class="MsoNormal" align="center" style="text-align:center;"&gt;\n					&lt;b&gt;&lt;span style="line-height:150%;font-family:宋体;"&gt;&nbsp;&lt;/span&gt;&lt;/b&gt;\n				&lt;/p&gt;\n				&lt;p class="MsoNormal" align="center" style="text-align:center;"&gt;\n					&lt;b&gt;&lt;span style="line-height:150%;font-family:宋体;"&gt;&nbsp;&lt;/span&gt;&lt;/b&gt;\n				&lt;/p&gt;\n				&lt;p class="MsoNormal" align="center" style="text-align:center;"&gt;\n					&lt;b&gt;&lt;span style="line-height:150%;font-family:宋体;"&gt;订单管理&lt;span&gt;&lt;/span&gt;&lt;/span&gt;&lt;/b&gt;\n				&lt;/p&gt;\n			&lt;/td&gt;\n			&lt;td width="138" valign="top" style="border:solid black 1.0pt;"&gt;\n				&lt;p class="MsoNormal"&gt;\n					&lt;span style="line-height:150%;font-family:宋体;"&gt;商品订单&lt;span&gt;&lt;/span&gt;&lt;/span&gt;\n				&lt;/p&gt;\n			&lt;/td&gt;\n			&lt;td width="94" rowspan="2" valign="top" style="border:solid black 1.0pt;"&gt;\n				&lt;p class="MsoNormal"&gt;\n					&lt;span style="line-height:150%;font-family:宋体;"&gt;&nbsp;&lt;/span&gt;\n				&lt;/p&gt;\n			&lt;/td&gt;\n			&lt;td width="635" valign="top" style="border:solid black 1.0pt;"&gt;\n				&lt;p class="MsoNormal"&gt;\n					&lt;span style="line-height:150%;font-family:宋体;"&gt;概要信息：订单编号、&lt;/span&gt;&lt;span style="line-height:150%;font-family:宋体;background:white;"&gt;下单账号（手机）、下单时间、收货人、收货地址、收货人电话、支付金额&lt;span&gt;&lt;/span&gt;&lt;/span&gt;\n				&lt;/p&gt;\n				&lt;p class="MsoNormal"&gt;\n					&lt;span style="line-height:150%;font-family:宋体;background:white;"&gt;支付方式（微信或支付宝或余额）、订单状态（&lt;/span&gt;&lt;span style="line-height:150%;font-family:宋体;"&gt;待付款、待发货、已发货、待评价&lt;/span&gt;&lt;span style="line-height:150%;font-family:宋体;background:white;"&gt;）&lt;span&gt;&lt;/span&gt;&lt;/span&gt;\n				&lt;/p&gt;\n				&lt;p class="MsoNormal"&gt;\n					&lt;span style="line-height:150%;font-family:宋体;background:white;"&gt;操作（查看详情、打印订单和确认发货）&lt;span&gt;&lt;/span&gt;&lt;/span&gt;\n				&lt;/p&gt;\n				&lt;p class="MsoNormal"&gt;\n					&lt;span style="line-height:150%;font-family:宋体;background:white;"&gt;订单详情：订单信息和商品信息&lt;span&gt;&lt;/span&gt;&lt;/span&gt;\n				&lt;/p&gt;\n			&lt;/td&gt;\n		&lt;/tr&gt;\n		&lt;tr&gt;\n			&lt;td width="138" valign="top" style="border:solid black 1.0pt;"&gt;\n				&lt;p class="MsoNormal"&gt;\n					&lt;span style="line-height:150%;font-family:宋体;"&gt;评论管理&lt;span&gt;&lt;/span&gt;&lt;/span&gt;\n				&lt;/p&gt;\n			&lt;/td&gt;\n			&lt;td width="635" valign="top" style="border:solid black 1.0pt;"&gt;\n				&lt;p class="MsoNormal"&gt;\n					&lt;span style="line-height:150%;font-family:宋体;"&gt;相关信息：序号、商品名称、服务评价（好评）、内容、晒图、评论帐号、评论时间、操作（查看、回复和删除）&lt;/span&gt;&lt;span style="line-height:150%;font-family:宋体;"&gt;&lt;/span&gt;\n				&lt;/p&gt;\n			&lt;/td&gt;\n		&lt;/tr&gt;\n		&lt;tr&gt;\n			&lt;td width="138" valign="top" style="border:solid black 1.0pt;"&gt;\n				&lt;p class="MsoNormal"&gt;\n					&lt;span style="line-height:150%;font-family:宋体;"&gt;售后管理&lt;span&gt;&lt;/span&gt;&lt;/span&gt;\n				&lt;/p&gt;\n			&lt;/td&gt;\n			&lt;td width="94" valign="top" style="border:solid black 1.0pt;"&gt;\n				&lt;p class="MsoNormal"&gt;\n					&lt;span style="line-height:150%;font-family:宋体;"&gt;&nbsp;&lt;/span&gt;\n				&lt;/p&gt;\n			&lt;/td&gt;\n			&lt;td width="635" valign="top" style="border:solid black 1.0pt;"&gt;\n				&lt;p class="MsoNormal"&gt;\n					&lt;span style="line-height:150%;font-family:宋体;"&gt;可以查看到用户的退款订单（退款中、退款成功或失败）&lt;span&gt;&lt;/span&gt;&lt;/span&gt;\n				&lt;/p&gt;\n			&lt;/td&gt;\n		&lt;/tr&gt;\n		&lt;tr&gt;\n			&lt;td width="115" rowspan="5" valign="top" style="border:solid black 1.0pt;"&gt;\n				&lt;p class="MsoNormal" align="center" style="text-align:center;"&gt;\n					&lt;b&gt;&lt;span style="line-height:150%;font-family:宋体;"&gt;&nbsp;&lt;/span&gt;&lt;/b&gt;\n				&lt;/p&gt;\n				&lt;p class="MsoNormal" align="center" style="text-align:center;"&gt;\n					&lt;b&gt;&lt;span style="line-height:150%;font-family:宋体;"&gt;信息管理&lt;/span&gt;&lt;/b&gt;&lt;span style="line-height:150%;font-family:宋体;"&gt;&lt;/span&gt;\n				&lt;/p&gt;\n			&lt;/td&gt;\n			&lt;td width="138" rowspan="3" valign="top" style="border:solid black 1.0pt;"&gt;\n				&lt;p class="MsoNormal"&gt;\n					&lt;span style="line-height:150%;font-family:宋体;"&gt;文章管理&lt;span&gt;&lt;/span&gt;&lt;/span&gt;\n				&lt;/p&gt;\n			&lt;/td&gt;\n			&lt;td width="94" valign="top" style="border:solid black 1.0pt;"&gt;\n				&lt;p class="MsoNormal"&gt;\n					&lt;span style="font-family:宋体;"&gt;栏目管理&lt;/span&gt;&lt;span style="line-height:150%;font-family:宋体;"&gt;&lt;/span&gt;\n				&lt;/p&gt;\n			&lt;/td&gt;\n			&lt;td width="635" valign="top" style="border:solid black 1.0pt;"&gt;\n				&lt;p class="MsoNormal"&gt;\n					&lt;span style="line-height:150%;font-family:宋体;"&gt;对文章分类进行添加、修改和删除&lt;/span&gt;&lt;span style="line-height:150%;font-family:宋体;"&gt;&lt;/span&gt;\n				&lt;/p&gt;\n			&lt;/td&gt;\n		&lt;/tr&gt;\n		&lt;tr&gt;\n			&lt;td width="94" valign="top" style="border:solid black 1.0pt;"&gt;\n				&lt;p class="MsoNormal"&gt;\n					&lt;span style="font-family:宋体;"&gt;添加文章&lt;span&gt;&lt;/span&gt;&lt;/span&gt;\n				&lt;/p&gt;\n			&lt;/td&gt;\n			&lt;td width="635" valign="top" style="border:solid black 1.0pt;"&gt;\n				&lt;p class="MsoNormal"&gt;\n					&lt;span style="line-height:150%;font-family:宋体;"&gt;管理员可以添加新闻消息&lt;span&gt;&lt;/span&gt;&lt;/span&gt;\n				&lt;/p&gt;\n			&lt;/td&gt;\n		&lt;/tr&gt;\n		&lt;tr&gt;\n			&lt;td width="94" valign="top" style="border:solid black 1.0pt;"&gt;\n				&lt;p class="MsoNormal"&gt;\n					&lt;span style="font-family:宋体;"&gt;文章管理&lt;/span&gt;&lt;span style="line-height:150%;font-family:宋体;"&gt;&lt;/span&gt;\n				&lt;/p&gt;\n			&lt;/td&gt;\n			&lt;td width="635" valign="top" style="border:solid black 1.0pt;"&gt;\n				&lt;p class="MsoNormal"&gt;\n					&lt;span style="line-height:150%;font-family:宋体;"&gt;对已经添加好的新闻消息，管理员可以修改和删除&lt;span&gt;&lt;/span&gt;&lt;/span&gt;\n				&lt;/p&gt;\n			&lt;/td&gt;\n		&lt;/tr&gt;\n		&lt;tr&gt;\n			&lt;td width="138" rowspan="2" valign="top" style="border:solid black 1.0pt;"&gt;\n				&lt;p class="MsoNormal"&gt;\n					&lt;span style="line-height:150%;font-family:宋体;"&gt;广告管理&lt;span&gt;&lt;/span&gt;&lt;/span&gt;\n				&lt;/p&gt;\n			&lt;/td&gt;\n			&lt;td width="94" valign="top" style="border:solid black 1.0pt;"&gt;\n				&lt;p class="MsoNormal"&gt;\n					&lt;span style="line-height:150%;font-family:宋体;"&gt;广告位管理&lt;span&gt;&lt;/span&gt;&lt;/span&gt;\n				&lt;/p&gt;\n			&lt;/td&gt;\n			&lt;td width="635" valign="top" style="border:solid black 1.0pt;"&gt;\n				&lt;p class="MsoNormal"&gt;\n					&lt;span style="line-height:150%;font-family:宋体;"&gt;可以设置首页相关广告位&lt;span&gt;&lt;/span&gt;&lt;/span&gt;\n				&lt;/p&gt;\n			&lt;/td&gt;\n		&lt;/tr&gt;\n		&lt;tr&gt;\n			&lt;td width="94" valign="top" style="border:solid black 1.0pt;"&gt;\n				&lt;p class="MsoNormal"&gt;\n					&lt;span style="line-height:150%;font-family:宋体;"&gt;广告管理&lt;span&gt;&lt;/span&gt;&lt;/span&gt;\n				&lt;/p&gt;\n			&lt;/td&gt;\n			&lt;td width="635" valign="top" style="border:solid black 1.0pt;"&gt;\n				&lt;p class="MsoNormal"&gt;\n					&lt;span style="line-height:150%;font-family:宋体;"&gt;可以添加和修改首页相关广告&lt;span&gt;&lt;/span&gt;&lt;/span&gt;\n				&lt;/p&gt;\n			&lt;/td&gt;\n		&lt;/tr&gt;\n		&lt;tr&gt;\n			&lt;td width="115" rowspan="4" valign="top" style="border:solid black 1.0pt;"&gt;\n				&lt;p class="MsoNormal" align="center" style="text-align:center;"&gt;\n					&lt;b&gt;&lt;span style="line-height:150%;font-family:宋体;"&gt;营销管理&lt;span&gt;&lt;/span&gt;&lt;/span&gt;&lt;/b&gt;\n				&lt;/p&gt;\n			&lt;/td&gt;\n			&lt;td width="138" rowspan="2" valign="top" style="border:solid black 1.0pt;"&gt;\n				&lt;p class="MsoNormal"&gt;\n					&lt;span style="line-height:150%;font-family:宋体;"&gt;优惠券管理&lt;span&gt;&lt;/span&gt;&lt;/span&gt;\n				&lt;/p&gt;\n			&lt;/td&gt;\n			&lt;td width="94" valign="top" style="border:solid black 1.0pt;"&gt;\n				&lt;p class="MsoNormal"&gt;\n					&lt;span style="line-height:150%;font-family:宋体;"&gt;优惠券生成&lt;span&gt;&lt;/span&gt;&lt;/span&gt;\n				&lt;/p&gt;\n			&lt;/td&gt;\n			&lt;td width="635" rowspan="2" valign="top" style="border:solid black 1.0pt;"&gt;\n				&lt;p class="MsoNormal"&gt;\n					&lt;span style="line-height:150%;font-family:宋体;"&gt;具体信息：优惠券名称、面值、使用条件、有效期限、发放数量、说明&lt;span&gt;&lt;/span&gt;&lt;/span&gt;\n				&lt;/p&gt;\n			&lt;/td&gt;\n		&lt;/tr&gt;\n		&lt;tr&gt;\n			&lt;td width="94" valign="top" style="border:solid black 1.0pt;"&gt;\n				&lt;p class="MsoNormal"&gt;\n					&lt;span style="line-height:150%;font-family:宋体;"&gt;优惠券列表&lt;span&gt;&lt;/span&gt;&lt;/span&gt;\n				&lt;/p&gt;\n			&lt;/td&gt;\n		&lt;/tr&gt;\n		&lt;tr&gt;\n			&lt;td width="138" rowspan="2" valign="top" style="border:solid black 1.0pt;"&gt;\n				&lt;p class="MsoNormal"&gt;\n					&lt;span style="line-height:150%;font-family:宋体;"&gt;今日特价&lt;span&gt;&lt;/span&gt;&lt;/span&gt;\n				&lt;/p&gt;\n			&lt;/td&gt;\n			&lt;td width="94" valign="top" style="border:solid black 1.0pt;"&gt;\n				&lt;p class="MsoNormal"&gt;\n					&lt;span style="line-height:150%;font-family:宋体;"&gt;活动设置&lt;span&gt;&lt;/span&gt;&lt;/span&gt;\n				&lt;/p&gt;\n			&lt;/td&gt;\n			&lt;td width="635" valign="top" style="border:solid black 1.0pt;"&gt;\n				&lt;p class="MsoNormal"&gt;\n					&lt;span style="line-height:150%;font-family:宋体;"&gt;可以设置活动的名称、活动时间、首页图、子页图、活动状态&lt;span&gt;&lt;/span&gt;&lt;/span&gt;\n				&lt;/p&gt;\n			&lt;/td&gt;\n		&lt;/tr&gt;\n		&lt;tr&gt;\n			&lt;td width="94" valign="top" style="border:solid black 1.0pt;"&gt;\n				&lt;p class="MsoNormal"&gt;\n					&lt;span style="line-height:150%;font-family:宋体;"&gt;活动商品&lt;span&gt;&lt;/span&gt;&lt;/span&gt;\n				&lt;/p&gt;\n			&lt;/td&gt;\n			&lt;td width="635" valign="top" style="border:solid black 1.0pt;"&gt;\n				&lt;p class="MsoNormal"&gt;\n					&lt;span style="line-height:150%;font-family:宋体;"&gt;可以选择商品进行活动添加，具体信息：商品图片、名称、原价、活动价、活动数量&lt;span&gt;&lt;/span&gt;&lt;/span&gt;\n				&lt;/p&gt;\n			&lt;/td&gt;\n		&lt;/tr&gt;\n	&lt;/tbody&gt;\n&lt;/table&gt;\n&lt;p class="MsoNormal" align="left"&gt;\n	&nbsp;\n&lt;/p&gt;', 0, 1, NULL, 1516149613000, NULL, NULL),
	(10, '嘉瑞科技考勤管理制度', '艾鹏鹏', NULL, '考勤管理制度是加强公司劳动纪律，维护正常的生产秩序和工作秩序，提高劳动生产效率，搞好企业管理的一项重要工作。全体员工要提高认识，自觉地、认真地执行考勤制度。', '&lt;p class="MsoNormal" align="center" style="text-align:center;background:#FFFFFF;"&gt;\n	&lt;b&gt;\n	&lt;table class="MsoTableGrid" style="width:426.1pt;"&gt;\n		&lt;tbody&gt;\n			&lt;tr&gt;\n				&lt;td width="148" valign="top" rowspan="2" style="border:1.0000pt solid windowtext;"&gt;\n					&lt;p class="MsoNormal" align="justify" style="text-align:justify;"&gt;\n						&lt;span style="font-family:微软雅黑;line-height:150%;font-size:12pt;"&gt;文件编号：JR-HRD-0001-ZD&lt;/span&gt;&lt;span style="font-family:微软雅黑;line-height:150%;font-size:12pt;"&gt;&lt;/span&gt;\n					&lt;/p&gt;\n				&lt;/td&gt;\n				&lt;td width="124" valign="top" style="border:1.0000pt solid windowtext;"&gt;\n					&lt;p class="MsoNormal" align="justify" style="text-align:justify;"&gt;\n						&lt;span style="font-family:微软雅黑;line-height:150%;font-size:12pt;"&gt;版本号：&lt;/span&gt;&lt;span style="font-family:微软雅黑;line-height:150%;font-size:12pt;"&gt;1.0&lt;/span&gt;&lt;span style="font-family:微软雅黑;line-height:150%;font-size:12pt;"&gt;&lt;/span&gt;\n					&lt;/p&gt;\n				&lt;/td&gt;\n				&lt;td width="102" valign="top" style="border:1.0000pt solid windowtext;"&gt;\n					&lt;p class="MsoNormal" align="center" style="text-align:center;"&gt;\n						&lt;span style="font-family:微软雅黑;line-height:150%;font-size:12pt;"&gt;编制：人事&lt;/span&gt;&lt;span style="font-family:微软雅黑;line-height:150%;font-size:12pt;"&gt;&lt;/span&gt;\n					&lt;/p&gt;\n				&lt;/td&gt;\n				&lt;td width="194" valign="top" style="border:1.0000pt solid windowtext;"&gt;\n					&lt;p class="MsoNormal" align="justify" style="text-align:justify;"&gt;\n						&lt;span style="font-family:微软雅黑;line-height:150%;font-size:12pt;"&gt;执行日期：&lt;/span&gt;&lt;span style="font-family:微软雅黑;line-height:150%;font-size:12pt;"&gt;2018/01/01&lt;/span&gt;&lt;span style="font-family:微软雅黑;line-height:150%;font-size:12pt;"&gt;&lt;/span&gt;\n					&lt;/p&gt;\n				&lt;/td&gt;\n			&lt;/tr&gt;\n			&lt;tr&gt;\n				&lt;td width="226" valign="top" colspan="2" style="border:1.0000pt solid windowtext;"&gt;\n					&lt;p class="MsoNormal" align="justify" style="text-align:justify;"&gt;\n						&lt;span style="font-family:微软雅黑;line-height:150%;font-size:12pt;"&gt;文件公布范围：全体员工&lt;/span&gt;&lt;span style="font-family:微软雅黑;line-height:150%;font-size:12pt;"&gt;&lt;/span&gt;\n					&lt;/p&gt;\n				&lt;/td&gt;\n				&lt;td width="194" valign="top" style="border:1.0000pt solid windowtext;"&gt;\n					&lt;p class="MsoNormal" align="justify" style="text-align:justify;"&gt;\n						&lt;span style="font-family:微软雅黑;line-height:150%;font-size:12pt;"&gt;修订日期：&lt;/span&gt;&lt;span style="font-family:微软雅黑;line-height:150%;font-size:12pt;"&gt;&lt;/span&gt;\n					&lt;/p&gt;\n				&lt;/td&gt;\n			&lt;/tr&gt;\n		&lt;/tbody&gt;\n	&lt;/table&gt;\n嘉瑞科技&lt;/b&gt;&lt;b&gt;考勤管理制度&lt;/b&gt;&lt;b&gt;&lt;/b&gt;\n&lt;/p&gt;\n&lt;p class="MsoNormal" align="center" style="text-align:center;background:#FFFFFF;"&gt;\n	&lt;b&gt;&nbsp;&lt;/b&gt;\n&lt;/p&gt;\n&lt;p class="MsoNormal" align="justify" style="text-align:justify;background:#FFFFFF;"&gt;\n	&lt;b&gt;第一章&lt;/b&gt;&lt;b&gt;&nbsp;&lt;/b&gt;&lt;b&gt;&lt;span&gt;总&lt;/span&gt; &lt;span&gt;则&lt;/span&gt;&lt;/b&gt;&nbsp;\n&lt;/p&gt;\n&lt;p class="p" style="margin-left:0.0000pt;text-indent:24.0000pt;"&gt;\n	（一）&nbsp;&lt;span&gt;为维护正常的工作秩序，强化全体职工的纪律观念，结合公司实际情况，制定本制度。&lt;/span&gt; \n&lt;/p&gt;\n&lt;p class="p" style="margin-left:0.0000pt;text-indent:24.0000pt;"&gt;\n	（二）&lt;span&gt;考勤制度是加强公司劳动纪律，维护正常的生产秩序和工作秩序，提高劳动生产效率，搞好企业管理的一项重要工作。全体员工要提高认识，自觉地、认真地执行考勤制度。&lt;/span&gt; \n&lt;/p&gt;\n&lt;p class="p" style="margin-left:0.0000pt;"&gt;\n	&nbsp; &nbsp; &nbsp; &nbsp;（三）&nbsp;&lt;span&gt;公司的考勤管理由&lt;/span&gt;行政&lt;span&gt;部负责实施。&lt;/span&gt; \n&lt;/p&gt;\n&lt;p class="p" style="margin-left:0.0000pt;text-indent:24.0000pt;"&gt;\n	(四）&nbsp;&lt;span&gt;各部门经理对本部门人员的考勤工作负有监督的义务。&lt;/span&gt; \n&lt;/p&gt;\n&lt;p class="p" style="margin-left:0.0000pt;"&gt;\n	&nbsp; &nbsp; &nbsp; &nbsp;（五）公&lt;a href="http://www.chinalawedu.com/"&gt;司考&lt;/a&gt;&lt;span&gt;勤实行打卡制度，员工上、下班均需打卡（共计每日&lt;/span&gt;2次）。员工应亲自打卡，不得帮助他人打卡和接受他人帮助打卡。\n&lt;/p&gt;\n&lt;p class="p" style="margin-left:0.0000pt;"&gt;\n	&nbsp;（六）&nbsp;&lt;span&gt;考勤记录作为个人工作考评的参考依据。&lt;/span&gt; \n&lt;/p&gt;\n&lt;p class="p" style="margin-left:0.0000pt;"&gt;\n	&lt;b&gt;&lt;span&gt;第二章&lt;/span&gt; &lt;span&gt;具体规定&lt;/span&gt; &lt;/b&gt;\n&lt;/p&gt;\n&lt;p class="p" style="margin-left:0.0000pt;"&gt;\n	&lt;b&gt; &lt;/b&gt;&lt;b&gt;&nbsp;(一）&lt;/b&gt;&lt;b&gt;&nbsp;&lt;span&gt;工&lt;/span&gt;&lt;/b&gt;&lt;b&gt;&nbsp;&lt;/b&gt;&lt;b&gt;作&lt;/b&gt;&lt;b&gt;&nbsp;&lt;/b&gt;&lt;b&gt;时&lt;/b&gt;&lt;b&gt;&nbsp;&lt;/b&gt;&lt;b&gt;间&lt;/b&gt;&nbsp;\n&lt;/p&gt;\n&lt;p class="p" style="margin-left:0.0000pt;"&gt;\n	&lt;span&gt; &lt;/span&gt;1、全体员工每日工作时间一律以八小时为标准。\n&lt;/p&gt;\n&lt;p class="p" style="margin-left:0.0000pt;"&gt;\n	&lt;span&gt; &lt;/span&gt;2、上午上班时间为8时30分，下班时间为12时；下午上班时间为13时30分&lt;span&gt;，下班时间为&lt;/span&gt;18时00&lt;span&gt;分。&lt;/span&gt; \n&lt;/p&gt;\n&lt;p class="p" style="margin-left:0.0000pt;"&gt;\n	&lt;b&gt; &lt;/b&gt;&lt;b&gt;（二）&lt;/b&gt;&lt;b&gt;&nbsp;&lt;span&gt;迟到、早退&lt;/span&gt; &lt;/b&gt;&lt;b&gt;、漏打卡&lt;/b&gt;&lt;b&gt;&lt;/b&gt;\n&lt;/p&gt;\n&lt;p class="p" style="margin-left:0.0000pt;"&gt;\n	&lt;span&gt; &lt;/span&gt;1、上班8时30分以后到达，视为迟到，下班18时&lt;span&gt;以前离开，视为早退。&lt;/span&gt; \n&lt;/p&gt;\n&lt;p class="MsoNormal" style="margin-left:0.0000pt;text-indent:24.0000pt;"&gt;\n	2、以月为计算单位，&lt;span&gt;迟到&lt;/span&gt;1-3次/每次罚款10元（半小时以内）；4-5次/每次罚款20元（半小时以内）；超过5次/每次罚款50元（半小时以内）。迟到超过半小时少于1小时罚款20元/次，迟到1小时以上按缺勤处理。每月部门有3次迟到5分钟的机会(根据当月考勤情况由经理分配机会），不扣全勤和罚款。\n&lt;/p&gt;\n&lt;p class="p" style="margin-left:0.0000pt;"&gt;\n	&lt;span&gt; &lt;/span&gt;3、迟到早退情节严重屡教不改者，将给予通报批评、取消考核资格、直至解除&lt;a href="http://www.chinalawedu.com/web/203/"&gt;劳动合同&lt;/a&gt;&lt;span&gt;处理。&lt;/span&gt; \n&lt;/p&gt;\n&lt;p class="p" style="margin-left:0.0000pt;text-indent:18.0000pt;"&gt;\n	4、遇到恶劣天气、交通事故等特殊情况，属实的，经公司领导批准可不按迟到处理（30分钟以内）&lt;span&gt;。&lt;/span&gt; \n&lt;/p&gt;\n&lt;p class="p" style="margin-left:0.0000pt;text-indent:18.0000pt;"&gt;\n	5、部门每月有2次提前2小时下班的机会，不扣除工资与全勤，不能无故提前下班，需和部门经理报备事由。\n&lt;/p&gt;\n&lt;p class="p" style="margin-left:0.0000pt;text-indent:18.0000pt;"&gt;\n	6、以月为计算单位，员工每月有2次漏打卡（下班卡）的机会，超过2次罚款20元/次并扣除全勤。漏打卡需填未打卡证明条，部门经理签字后交行政&lt;span&gt;部门，无证明扣款&lt;/span&gt;20元/次并扣除全勤。\n&lt;/p&gt;\n&lt;p class="p" style="margin-left:0.0000pt;"&gt;\n	&lt;b&gt; &lt;/b&gt;&lt;b&gt;（三）&lt;/b&gt;&lt;b&gt;&nbsp;&lt;span&gt;请&lt;/span&gt;&lt;/b&gt;&lt;b&gt;&nbsp;&lt;/b&gt;&lt;b&gt;销&lt;/b&gt;&lt;b&gt;&nbsp;&lt;/b&gt;&lt;b&gt;假&lt;/b&gt;&nbsp;\n&lt;/p&gt;\n&lt;p class="p" style="margin-left:0.0000pt;"&gt;\n	&lt;span&gt; &lt;/span&gt;1、请假以半天为单位。经理以下人员请假三天以内的由部门经理批准，三天至五天的由总监级领导批准，五天以上的由总经理批准；部门经理请假需由总监批准。所有请假人员都须在行政&lt;span&gt;部备案。&lt;/span&gt; \n&lt;/p&gt;\n&lt;p class="p" style="margin-left:0.0000pt;"&gt;\n	&lt;span&gt; &lt;/span&gt;2、员工因公外出不能按时打考勤卡，应及时在填写外出单并注明原因，并由部门经理签字确认。经理外出要到行政处填写外出单并注明原因。\n&lt;/p&gt;\n&lt;p class="p" style="margin-left:0.0000pt;"&gt;\n	&lt;b&gt;（四）&lt;/b&gt;&lt;b&gt;&nbsp;&lt;/b&gt;&lt;b&gt;病&lt;/b&gt;&lt;b&gt;&nbsp;&lt;/b&gt;&lt;b&gt;&lt;span&gt;假&lt;/span&gt; &lt;/b&gt;\n&lt;/p&gt;\n&lt;p class="p" style="margin-left:0.0000pt;"&gt;\n	&lt;span&gt; &lt;/span&gt;1、员工本人确实因病，不能正常上班者，称为病假。须经部门经理批准，报行政部备案，员工必须取得区级以上医院开据的病例证明。无证明不视为病假。\n&lt;/p&gt;\n&lt;p class="p" style="margin-left:0.0000pt;"&gt;\n	&lt;span&gt; &lt;/span&gt;2、患病员工请假须由本人或由直系亲属于当日8时30分之前&lt;span&gt;向所在部门领导请假，经批准后方可休假。&lt;/span&gt; \n&lt;/p&gt;\n&lt;p class="p" style="margin-left:0.0000pt;"&gt;\n	&nbsp;3、病假按照南昌最低工资标准支付日工资（1530元/21.75天=70元/天），每月病假一天（不扣全勤），超出1天不支付日工资并扣除全勤。\n&lt;/p&gt;\n&lt;p class="p" style="margin-left:0.0000pt;"&gt;\n	4、员工必须在病愈上班两日内将病假条主动交给行政部&lt;span&gt;核查存档。&lt;/span&gt; \n&lt;/p&gt;\n&lt;p class="p" style="margin-left:0.0000pt;"&gt;\n	&lt;b&gt;（五）&lt;/b&gt;&lt;b&gt;&nbsp;&lt;span&gt;事&lt;/span&gt;&lt;/b&gt;&lt;b&gt;&nbsp;&lt;/b&gt;&lt;b&gt;&lt;span&gt;假&lt;/span&gt; &lt;/b&gt;\n&lt;/p&gt;\n&lt;p class="p" style="margin-left:0.0000pt;"&gt;\n	&lt;span&gt; &lt;/span&gt;1、员工因合理原因须要本人请假处理，并按规定时间申请，经公司领导批准的休假，称为事假。\n&lt;/p&gt;\n&lt;p class="p" style="margin-left:0.0000pt;"&gt;\n	&lt;span&gt; &lt;/span&gt;2、请事假的员工必须提前一天书面申请（如遇不可预测的紧急情况，必须由本人在早晨8时30 分以前请示部门经理），如实说明原因，经部门经理&lt;span&gt;同意后，方可休假，否则按旷工处理。&lt;/span&gt; \n&lt;/p&gt;\n&lt;p class="p" style="margin-left:0.0000pt;"&gt;\n	&lt;span&gt; &lt;/span&gt;3、事假按照日工资标准扣除，并扣除全勤。\n&lt;/p&gt;\n&lt;p class="p" style="margin-left:0.0000pt;"&gt;\n	&lt;span&gt; &lt;/span&gt;4、事假可以用加班加点时间调休（先有加班，后再调休），但必须经过部门经理的批准，经批准的调休事假可不扣发全勤&lt;span&gt;。&lt;/span&gt; \n&lt;/p&gt;\n&lt;p class="p" style="margin-left:0.0000pt;"&gt;\n	&lt;span&gt; &lt;/span&gt;5、员工在工作时间遇有紧急情况需要本人离开岗位处理的，也按上述有关规定执行。\n&lt;/p&gt;\n&lt;p class="p" style="margin-left:0.0000pt;"&gt;\n	&lt;b&gt;（六）&lt;/b&gt;&lt;b&gt;&nbsp;&lt;span&gt;婚&lt;/span&gt;&lt;/b&gt;&lt;b&gt;&nbsp;&lt;/b&gt;&lt;b&gt;假&lt;/b&gt;&nbsp;\n&lt;/p&gt;\n&lt;p class="p" style="margin-left:0.0000pt;"&gt;\n	&lt;span&gt; &lt;/span&gt;1、员工请婚假时，必须本人持法定的结婚证填写婚假申请单，经部门经理批准，行政&lt;span&gt;部审核。&lt;/span&gt; \n&lt;/p&gt;\n&lt;p class="p" style="margin-left:0.0000pt;text-indent:18.0000pt;"&gt;\n	2、婚假假期为三天，员工需入职满一年才可享受婚假。\n&lt;/p&gt;\n&lt;p class="p" style="margin-left:0.0000pt;text-indent:18.0000pt;"&gt;\n	3、婚假薪资按南昌最低工资标准发放，不扣除全勤。\n&lt;/p&gt;\n&lt;p class="p" style="margin-left:0.0000pt;"&gt;\n	（&lt;b&gt;七）&lt;/b&gt;&lt;b&gt;&nbsp;&lt;span&gt;产假&lt;/span&gt;&lt;/b&gt;&nbsp;\n&lt;/p&gt;\n&lt;p class="MsoNormal" style="text-indent:24.0000pt;"&gt;\n	1、女员工&lt;span&gt;怀孕&lt;/span&gt;8&lt;span&gt;个月以上，如工作许可，经本人申请，&lt;/span&gt;领导&lt;span&gt;批准，可请产假&lt;/span&gt;90&lt;span&gt;天&lt;/span&gt;&lt;span&gt;（包括产前&lt;/span&gt;15天、产后哺乳）&lt;span&gt;。&lt;/span&gt;工资按照员工以往每月基本工资的八成发。（缴纳医社保后有变更）\n&lt;/p&gt;\n&lt;p class="p" style="margin-left:0.0000pt;text-indent:18.0000pt;"&gt;\n	2、女员工休假前需要有医院证明，经所在部门经理同意后，报行政部批准，方可休假。\n&lt;/p&gt;\n&lt;p class="p" style="margin-left:0.0000pt;"&gt;\n	&nbsp;3、男员工产假的护理假为7天，薪资按南昌最低工资标准发放。\n&lt;/p&gt;\n&lt;p class="p" style="margin-left:0.0000pt;"&gt;\n	&nbsp;&nbsp;&nbsp;4、员工工龄满一年才可享受产假与护理假。\n&lt;/p&gt;\n&lt;p class="p" style="margin-left:0.0000pt;"&gt;\n	&nbsp;&nbsp;&nbsp;5、&lt;span&gt;二胎不可以休产假&lt;/span&gt;。\n&lt;/p&gt;\n&lt;p class="p" style="margin-left:0.0000pt;"&gt;\n	&lt;b&gt;（八）&lt;/b&gt;&lt;b&gt;&nbsp;&lt;span&gt;丧&lt;/span&gt;&lt;/b&gt;&lt;b&gt;&nbsp;&lt;/b&gt;&lt;b&gt;假&lt;/b&gt;&nbsp;\n&lt;/p&gt;\n&lt;p class="p" style="margin-left:0.0000pt;text-indent:24.0000pt;"&gt;\n	1、员工供养的直系亲属（祖父母、父母、公婆、岳父母、夫妻及满周岁的子女）死亡，可办理丧假，员工的父母或配偶等直系亲属去世，可休假3天；员工办理丧假需在假前写出申请，部门经理签字后，交行政部部批准。\n&lt;/p&gt;\n&lt;p class="p" style="margin-left:0.0000pt;text-indent:24.0000pt;"&gt;\n	2、丧假薪资按南昌最低工资标准发放，不扣除全勤。&nbsp;\n&lt;/p&gt;\n&lt;p class="p" style="margin-left:0.0000pt;text-indent:24.0000pt;"&gt;\n	3、员工需入职满一年。\n&lt;/p&gt;\n&lt;p class="p" style="margin-left:0.0000pt;"&gt;\n	&lt;b&gt; &lt;/b&gt;&lt;b&gt;（九）&lt;/b&gt;&lt;b&gt;&nbsp;&lt;span&gt;旷&lt;/span&gt;&lt;/b&gt;&lt;b&gt;&nbsp;&lt;/b&gt;&lt;b&gt;工&lt;/b&gt;&nbsp;\n&lt;/p&gt;\n&lt;p class="p" style="margin-left:0.0000pt;"&gt;\n	&lt;span&gt; &lt;/span&gt;1、未向部门和公司主管领导书面申请并经批准者，或未按规定时间请假，或违反病、事假规定，或违反公司制度中其它有关规定等行为，均视为旷工。\n&lt;/p&gt;\n&lt;p class="p" style="margin-left:0.0000pt;"&gt;\n	&lt;span&gt; &lt;/span&gt;2、旷工半天者，扣发1日工资，旷工一日（含累计）者，扣发3日工资；旷工二日（含累计）者，扣发7日工资；旷工三日（含累计）者，扣发当月工资的50%&lt;span&gt;；旷工超过三日（含累计）者，公司视情况给予处理。&lt;/span&gt; \n&lt;/p&gt;\n&lt;p class="MsoNormal" align="justify" style="margin-left:0.0000pt;text-align:justify;"&gt;\n	&lt;b&gt;第三章&lt;/b&gt;&nbsp;&nbsp;&lt;b&gt;&lt;span&gt;附&lt;/span&gt; &lt;span&gt;则&lt;/span&gt;&lt;/b&gt;&nbsp;\n&lt;/p&gt;\n&lt;p class="MsoNormal" align="justify" style="margin-left:0.0000pt;text-indent:24.0000pt;text-align:justify;"&gt;\n	1、本制度管理规定起草、解释与修订解释权属行政部。 &nbsp;\n&lt;/p&gt;\n&lt;p class="MsoNormal" align="justify" style="margin-left:0.0000pt;text-indent:24.0000pt;text-align:justify;"&gt;\n	2、本规定由公司会议通过后执行。&nbsp;\n&lt;/p&gt;\n&lt;p class="p" style="margin-left:0.0000pt;text-indent:24.0000pt;"&gt;\n	3、本制度2018年1月1日起开始执行。凡与本制度相冲突的文件与规定即行废止。\n&lt;/p&gt;\n&lt;p class="MsoNormal" style="margin-left:0.0000pt;"&gt;\n	&lt;br /&gt;\n&lt;/p&gt;', 0, 2, NULL, 1516427303000, NULL, NULL),
	(11, '嘉瑞科技薪资管理制度', '艾鹏鹏', NULL, '为规范公司员工薪酬管理，根据工作内容、工作能力、工作表现和对公司所做出的贡献，切实做到外部具有竞争性，内部具有公平性，切实有效发挥分配的激励机制与约束作用，共同分享企业发展所带来的收益，提高员工的积极性，特制订本管理规定。', '&lt;table class="MsoTableGrid" style="width:426.1pt;"&gt;\n	&lt;tbody&gt;\n		&lt;tr&gt;\n			&lt;td width="148" valign="top" rowspan="2" style="border:1.0000pt solid windowtext;"&gt;\n				&lt;p class="MsoNormal" align="justify" style="text-align:justify;"&gt;\n					&lt;span style="font-family:微软雅黑;line-height:150%;font-size:12pt;"&gt;文件编号：JR-HRD-0002-ZD&lt;/span&gt;&lt;span style="font-family:微软雅黑;line-height:150%;font-size:12pt;"&gt;&lt;/span&gt;\n				&lt;/p&gt;\n			&lt;/td&gt;\n			&lt;td width="124" valign="top" style="border:1.0000pt solid windowtext;"&gt;\n				&lt;p class="MsoNormal" align="center" style="text-align:center;"&gt;\n					&lt;span style="font-family:微软雅黑;line-height:150%;font-size:12pt;"&gt;版本号：&lt;/span&gt;&lt;span style="font-family:微软雅黑;line-height:150%;font-size:12pt;"&gt;1.0&lt;/span&gt;&lt;span style="font-family:微软雅黑;line-height:150%;font-size:12pt;"&gt;&lt;/span&gt;\n				&lt;/p&gt;\n			&lt;/td&gt;\n			&lt;td width="102" valign="top" style="border:1.0000pt solid windowtext;"&gt;\n				&lt;p class="MsoNormal" align="center" style="text-align:center;"&gt;\n					&lt;span style="font-family:微软雅黑;line-height:150%;font-size:12pt;"&gt;编制：人事&lt;/span&gt;&lt;span style="font-family:微软雅黑;line-height:150%;font-size:12pt;"&gt;&lt;/span&gt;\n				&lt;/p&gt;\n			&lt;/td&gt;\n			&lt;td width="194" valign="top" style="border:1.0000pt solid windowtext;"&gt;\n				&lt;p class="MsoNormal" align="justify" style="text-align:justify;"&gt;\n					&lt;span style="font-family:微软雅黑;line-height:150%;font-size:12pt;"&gt;执行日期：&lt;/span&gt;&lt;span style="font-family:微软雅黑;line-height:150%;font-size:12pt;"&gt;2018/01/01&lt;/span&gt;&lt;span style="font-family:微软雅黑;line-height:150%;font-size:12pt;"&gt;&lt;/span&gt;\n				&lt;/p&gt;\n			&lt;/td&gt;\n		&lt;/tr&gt;\n		&lt;tr&gt;\n			&lt;td width="226" valign="top" colspan="2" style="border:1.0000pt solid windowtext;"&gt;\n				&lt;p class="MsoNormal" align="center" style="text-align:center;"&gt;\n					&lt;span style="font-family:微软雅黑;line-height:150%;font-size:12pt;"&gt;文件公布范围：全体员工&lt;/span&gt;&lt;span style="font-family:微软雅黑;line-height:150%;font-size:12pt;"&gt;&lt;/span&gt;\n				&lt;/p&gt;\n			&lt;/td&gt;\n			&lt;td width="194" valign="top" style="border:1.0000pt solid windowtext;"&gt;\n				&lt;p class="MsoNormal" align="justify" style="text-align:justify;"&gt;\n					&lt;span style="font-family:微软雅黑;line-height:150%;font-size:12pt;"&gt;修订日期：&lt;/span&gt;&lt;span style="font-family:微软雅黑;line-height:150%;font-size:12pt;"&gt;&lt;/span&gt;\n				&lt;/p&gt;\n			&lt;/td&gt;\n		&lt;/tr&gt;\n	&lt;/tbody&gt;\n&lt;/table&gt;\n&lt;p class="MsoNormal" align="center" style="text-align:center;"&gt;\n	&lt;b&gt;&nbsp;&lt;/b&gt;\n&lt;/p&gt;\n&lt;p class="MsoNormal" align="center" style="text-align:center;"&gt;\n	&lt;b&gt;嘉瑞科技薪资管理制度&lt;/b&gt;&lt;b&gt;&lt;/b&gt;\n&lt;/p&gt;\n&lt;p class="MsoNormal"&gt;\n	&nbsp;\n&lt;/p&gt;\n&lt;p class="MsoNormal" align="justify" style="margin-left:0.0000pt;text-indent:0.0000pt;text-align:justify;"&gt;\n	一、&lt;b&gt;目的&lt;/b&gt;&lt;b&gt;&lt;/b&gt;\n&lt;/p&gt;\n&lt;p class="MsoNormal" align="justify" style="margin-left:0.0000pt;text-indent:24.0000pt;text-align:justify;"&gt;\n	为规范公司员工薪酬管理，根据工作内容、工作能力、工作表现和对公司所做出的贡献，切实做到外部具有竞争性，内部具有公平性，切实有效发挥分配的激励机制与约束作用，共同分享企业发展所带来的收益，提高员工的积极性，特制订本管理规定。\n&lt;/p&gt;\n&lt;p class="MsoNormal" align="justify" style="margin-left:0.0000pt;text-indent:0.0000pt;text-align:justify;"&gt;\n	二、&lt;b&gt;适用范围&lt;/b&gt;&lt;b&gt;&lt;/b&gt;\n&lt;/p&gt;\n&lt;p class="MsoNormal" align="justify" style="text-align:justify;"&gt;\n	1、本管理规定适用于本公司全体员工。\n&lt;/p&gt;\n&lt;p class="MsoNormal" align="justify" style="text-align:justify;"&gt;\n	2、各部门必须严格按照此管理规定执行，未经总经理同意，任何个人和部门不得逾此执行。\n&lt;/p&gt;\n&lt;p class="MsoNormal" align="justify" style="margin-left:0.0000pt;text-indent:0.0000pt;text-align:justify;"&gt;\n	三、&lt;b&gt;工资结构&lt;/b&gt;\n&lt;/p&gt;\n&lt;p class="MsoNormal" align="justify" style="text-align:justify;"&gt;\n	技术员：\n&lt;/p&gt;\n&lt;p class="MsoNormal" align="justify" style="text-indent:36.0000pt;text-align:justify;"&gt;\n	正式员工：&lt;span&gt;月工资&lt;/span&gt;=基本工资+加班工资+工龄工资+餐补+全勤+社保补助+团队津贴\n&lt;/p&gt;\n&lt;p class="MsoNormal" align="justify" style="text-indent:36.0000pt;text-align:justify;"&gt;\n	试用期：&lt;span&gt;月工资&lt;/span&gt;=基本工资+加班工资+工龄工资+餐补+全勤+团队津贴\n&lt;/p&gt;\n&lt;p class="MsoNormal" align="justify" style="text-indent:36.0000pt;text-align:justify;"&gt;\n	实习期：&lt;span&gt;月工资&lt;/span&gt;=基本工资+团队津贴\n&lt;/p&gt;\n&lt;p class="MsoNormal" align="justify" style="text-indent:36.0000pt;text-align:justify;"&gt;\n	培训期：无工资\n&lt;/p&gt;\n&lt;p class="MsoNormal" align="justify" style="text-align:justify;"&gt;\n	业务员：\n&lt;/p&gt;\n&lt;p class="MsoNormal" align="justify" style="text-indent:31.5000pt;text-align:justify;"&gt;\n	正式员工：&lt;span&gt;月工资&lt;/span&gt;=基本工资+工龄工资+餐 补+全勤+社保补助+团队津贴+提成\n&lt;/p&gt;\n&lt;p class="MsoNormal" align="justify" style="text-indent:36.0000pt;text-align:justify;"&gt;\n	试用期：&lt;span&gt;月工资&lt;/span&gt;=基本工资+工龄工资+餐补+全勤+团队津贴\n&lt;/p&gt;\n&lt;p class="MsoNormal" align="justify" style="text-align:justify;"&gt;\n	办公室：\n&lt;/p&gt;\n&lt;p class="MsoNormal" align="justify" style="text-indent:36.0000pt;text-align:justify;"&gt;\n	正式员工：&lt;span&gt;月工资&lt;/span&gt;=基本工资+工龄工资+餐补+全勤+社保补助+团队津贴\n&lt;/p&gt;\n&lt;p class="MsoNormal" align="justify" style="text-indent:36.0000pt;text-align:justify;"&gt;\n	试用期：&lt;span&gt;月工资&lt;/span&gt;=基本工资+工龄工资+餐补+全勤+团队津贴\n&lt;/p&gt;\n&lt;p class="MsoNormal" align="justify" style="text-indent:36.0000pt;text-align:justify;"&gt;\n	管理层：&lt;span&gt;月工资&lt;/span&gt;=基本工资+加班工资+工龄工资+餐补+全勤+团队津贴+社保补助+管理津贴\n&lt;/p&gt;\n&lt;p class="MsoNormal" align="justify" style="margin-left:0.0000pt;text-indent:36.0000pt;text-align:justify;"&gt;\n	团队津贴员工满月补贴（用于团队建设）\n&lt;/p&gt;\n&lt;p class="MsoNormal" align="justify" style="margin-left:0.0000pt;text-indent:36.0000pt;text-align:justify;"&gt;\n	&lt;span&gt;基本工资共有&lt;/span&gt;54个等级，具体参考级别表，每加一级加薪300元。\n&lt;/p&gt;\n&lt;p class="MsoNormal" align="justify" style="margin-left:0.0000pt;text-indent:36.0000pt;text-align:justify;"&gt;\n	&lt;span&gt;每月每部门评选优秀员工一位，奖金&lt;/span&gt;200元。\n&lt;/p&gt;\n&lt;p class="MsoNormal" align="justify" style="margin-left:0.0000pt;text-indent:0.0000pt;text-align:justify;"&gt;\n	四、&lt;b&gt;工龄工资&lt;/b&gt;&lt;b&gt;&lt;/b&gt;\n&lt;/p&gt;\n&lt;p class="MsoNormal" align="justify" style="margin-left:0.0000pt;text-indent:0.0000pt;text-align:justify;"&gt;\n	1、&lt;span&gt;员工入职满一年后，至第一个月开始计发工龄，正式员工每人每年加薪&lt;/span&gt;100元。\n&lt;/p&gt;\n&lt;p class="MsoNormal" align="justify" style="margin-left:0.0000pt;text-indent:0.0000pt;text-align:justify;"&gt;\n	2、工龄以入职时间为准，工龄工资满一年后在第一个月工资内同时发放。\n&lt;/p&gt;\n&lt;p class="MsoNormal" align="justify" style="margin-left:0.0000pt;text-indent:0.0000pt;text-align:justify;"&gt;\n	3、中途离职，按最近一次入职计算，离职前的工作不计算工龄工资。\n&lt;/p&gt;\n&lt;p class="MsoNormal" align="justify" style="margin-left:0.0000pt;text-indent:0.0000pt;text-align:justify;"&gt;\n	4、&lt;span&gt;当月事假超过&lt;/span&gt;7天不享受工龄工资。\n&lt;/p&gt;\n&lt;p class="MsoNormal" align="justify" style="margin-left:0.0000pt;text-indent:0.0000pt;text-align:justify;"&gt;\n	五、&lt;b&gt;工资计算方法&lt;/b&gt;&lt;b&gt;&lt;/b&gt;\n&lt;/p&gt;\n&lt;p class="MsoNormal" align="justify" style="margin-left:0.0000pt;text-indent:0.0000pt;text-align:justify;"&gt;\n	&nbsp;1、工资计算期间为当月的1日至当月的最后一日，并于翌月15日支付。如遇支付工资日为休假日时，则提前于休假日一个工作日发放或推后一个工作日发放。\n&lt;/p&gt;\n&lt;p class="MsoNormal" align="justify" style="margin-left:0.0000pt;text-indent:0.0000pt;text-align:justify;"&gt;\n	2、加班工资\n&lt;/p&gt;\n&lt;p class="MsoNormal" align="justify" style="text-indent:24.0000pt;text-align:justify;"&gt;\n	加班是指由公司部门经理组织，直接与工作有关、为完成工作而必须的、超正常工作时间的延时工作；员工个人和个别部门管理人员为完成本职工作而延长工作时间，不视为加班\n&lt;/p&gt;\n&lt;p class="MsoNormal" align="justify" style="margin-left:0.0000pt;text-indent:0.0000pt;text-align:justify;"&gt;\n	（1）因工作需要，进行加班必须有部门经理同意，并填写加班条。\n&lt;/p&gt;\n&lt;p class="MsoNormal" align="justify" style="margin-left:0.0000pt;text-indent:0.0000pt;text-align:justify;"&gt;\n	（2）加班时间计算：19：00后开始计加班时间。周日、法定节假日。\n&lt;/p&gt;\n&lt;p class="MsoNormal" align="justify" style="margin-left:0.0000pt;text-indent:0.0000pt;text-align:justify;"&gt;\n	（3）公司综合计算工时制和不定时制不计算加班工资。（例：开会、集体活动）\n&lt;/p&gt;\n&lt;p class="MsoNormal" align="justify" style="margin-left:0.0000pt;text-indent:0.0000pt;text-align:justify;"&gt;\n	（4）&lt;span&gt;加班工资的计算：加班工资&lt;/span&gt;=加班时间*25元/小时。\n&lt;/p&gt;\n&lt;p class="MsoNormal" align="justify" style="margin-left:0.0000pt;text-indent:0.0000pt;text-align:justify;"&gt;\n	3、&lt;span&gt;在发工资前请假&lt;/span&gt;10天或请假超过30天，且在发放工资时仍未上岗。工资暂停发放，到岗后一并发放。\n&lt;/p&gt;\n&lt;p class="MsoNormal" align="justify" style="margin-left:0.0000pt;text-indent:0.0000pt;text-align:justify;"&gt;\n	4、员工如对工资有异议，可提请行政部申诉。\n&lt;/p&gt;\n&lt;p class="MsoNormal" align="justify" style="margin-left:0.0000pt;text-indent:0.0000pt;text-align:justify;"&gt;\n	5、正常离职员工工资在公司发工资时一并发放。没有特批不得立即结算工资。自离工资不发。\n&lt;/p&gt;\n&lt;p class="MsoNormal" align="justify" style="margin-left:0.0000pt;text-indent:0.0000pt;text-align:justify;"&gt;\n	6、薪资提前支付情况如下：\n&lt;/p&gt;\n&lt;p class="MsoNormal" align="justify" style="margin-left:6.0000pt;text-indent:0.0000pt;text-align:justify;"&gt;\n	A、员工发生意外。\n&lt;/p&gt;\n&lt;p class="MsoNormal" align="justify" style="margin-left:6.0000pt;text-indent:0.0000pt;text-align:justify;"&gt;\n	B、员工或其亲属患病、死亡或遭受意外灾害。\n&lt;/p&gt;\n&lt;p class="MsoNormal" align="justify" style="margin-left:6.0000pt;text-indent:0.0000pt;text-align:justify;"&gt;\n	C、其它公司认可的事由。\n&lt;/p&gt;\n&lt;p class="MsoNormal" align="justify" style="margin-left:6.0000pt;text-indent:0.0000pt;text-align:justify;"&gt;\n	D、薪资提前支付以不超过未结算薪资为准。\n&lt;/p&gt;\n&lt;p class="MsoNormal" align="justify" style="margin-left:0.0000pt;text-indent:0.0000pt;text-align:justify;"&gt;\n	六、&lt;b&gt;薪资调整&lt;/b&gt;&lt;b&gt;&lt;/b&gt;\n&lt;/p&gt;\n&lt;p class="MsoNormal" align="justify" style="margin-left:0.0000pt;text-indent:0.0000pt;text-align:justify;"&gt;\n	1、公司薪酬调整根据职位等级和《嘉瑞考核管理办法》，结合考核结果确定。\n&lt;/p&gt;\n&lt;p class="MsoNormal" align="justify" style="margin-left:0.0000pt;text-indent:0.0000pt;text-align:justify;"&gt;\n	2、&lt;span&gt;根据职等职级进行调薪时每个岗位最多可调整&lt;/span&gt;2级。一年之内最多调薪不得超过4次。\n&lt;/p&gt;\n&lt;p class="MsoNormal" align="justify" style="margin-left:0.0000pt;text-indent:0.0000pt;text-align:justify;"&gt;\n	七、&lt;b&gt;福利的各项说明&lt;/b&gt;&lt;b&gt;&lt;/b&gt;\n&lt;/p&gt;\n&lt;p class="MsoNormal" align="center" style="text-align:center;"&gt;\n	&lt;b&gt;福利一览表&lt;/b&gt;\n&lt;/p&gt;\n&lt;table class="MsoTableGrid" style="width:426.1pt;"&gt;\n	&lt;tbody&gt;\n		&lt;tr&gt;\n			&lt;td width="85" valign="top" style="border:1.0000pt solid windowtext;"&gt;\n				&lt;p class="MsoNormal" align="center" style="text-align:center;"&gt;\n					&lt;span style="font-family:宋体;line-height:150%;font-size:12.0000pt;"&gt;序号&lt;/span&gt;&lt;span style="font-family:宋体;line-height:150%;font-size:12.0000pt;"&gt;&lt;/span&gt;\n				&lt;/p&gt;\n			&lt;/td&gt;\n			&lt;td width="172" valign="top" style="border:1.0000pt solid windowtext;"&gt;\n				&lt;p class="MsoNormal" align="center" style="text-align:center;"&gt;\n					&lt;span style="font-family:宋体;line-height:150%;font-size:12.0000pt;"&gt;节日&lt;/span&gt;&lt;span style="font-family:宋体;line-height:150%;font-size:12.0000pt;"&gt;&lt;/span&gt;\n				&lt;/p&gt;\n			&lt;/td&gt;\n			&lt;td width="311" valign="top" style="border:1.0000pt solid windowtext;"&gt;\n				&lt;p class="MsoNormal" align="center" style="text-align:center;"&gt;\n					&lt;span style="font-family:宋体;line-height:150%;font-size:12.0000pt;"&gt;形式&lt;/span&gt;&lt;span style="font-family:宋体;line-height:150%;font-size:12.0000pt;"&gt;&lt;/span&gt;\n				&lt;/p&gt;\n			&lt;/td&gt;\n		&lt;/tr&gt;\n		&lt;tr&gt;\n			&lt;td width="85" valign="top" style="border:1.0000pt solid windowtext;"&gt;\n				&lt;p class="MsoNormal" align="center" style="text-align:center;"&gt;\n					&lt;span style="font-family:宋体;line-height:150%;font-size:12.0000pt;"&gt;1&lt;/span&gt;&lt;span style="font-family:宋体;line-height:150%;font-size:12.0000pt;"&gt;&lt;/span&gt;\n				&lt;/p&gt;\n			&lt;/td&gt;\n			&lt;td width="172" valign="top" style="border:1.0000pt solid windowtext;"&gt;\n				&lt;p class="MsoNormal" align="justify" style="text-align:justify;"&gt;\n					&lt;span style="font-family:宋体;line-height:150%;font-size:12.0000pt;"&gt;&nbsp;&nbsp;&nbsp;各项津贴、补贴&lt;/span&gt;&lt;span style="font-family:宋体;line-height:150%;font-size:12.0000pt;"&gt;&lt;/span&gt;\n				&lt;/p&gt;\n			&lt;/td&gt;\n			&lt;td width="311" valign="top" style="border:1.0000pt solid windowtext;"&gt;\n				&lt;p class="MsoNormal" align="center" style="text-align:center;"&gt;\n					&lt;span style="font-family:宋体;line-height:150%;font-size:12.0000pt;"&gt;按照薪资制度中的规定发放&lt;/span&gt;&lt;span style="font-family:宋体;line-height:150%;font-size:12.0000pt;"&gt;&lt;/span&gt;\n				&lt;/p&gt;\n			&lt;/td&gt;\n		&lt;/tr&gt;\n		&lt;tr&gt;\n			&lt;td width="85" valign="top" style="border:1.0000pt solid windowtext;"&gt;\n				&lt;p class="MsoNormal" align="center" style="text-align:center;"&gt;\n					&lt;span style="font-family:宋体;line-height:150%;font-size:12.0000pt;"&gt;2&lt;/span&gt;&lt;span style="font-family:宋体;line-height:150%;font-size:12.0000pt;"&gt;&lt;/span&gt;\n				&lt;/p&gt;\n			&lt;/td&gt;\n			&lt;td width="172" valign="top" style="border:1.0000pt solid windowtext;"&gt;\n				&lt;p class="MsoNormal" align="center" style="text-align:center;"&gt;\n					&lt;span style="font-family:宋体;line-height:150%;font-size:12.0000pt;"&gt;元旦&lt;/span&gt;&lt;span style="font-family:宋体;line-height:150%;font-size:12.0000pt;"&gt;&lt;/span&gt;\n				&lt;/p&gt;\n			&lt;/td&gt;\n			&lt;td width="311" valign="top" style="border:1.0000pt solid windowtext;"&gt;\n				&lt;p class="MsoNormal" align="center" style="text-align:center;"&gt;\n					&lt;span style="font-family:宋体;line-height:150%;font-size:12.0000pt;"&gt;放假1天&lt;/span&gt;&lt;span style="font-family:宋体;line-height:150%;font-size:12.0000pt;"&gt;&lt;/span&gt;\n				&lt;/p&gt;\n			&lt;/td&gt;\n		&lt;/tr&gt;\n		&lt;tr&gt;\n			&lt;td width="85" valign="top" style="border:1.0000pt solid windowtext;"&gt;\n				&lt;p class="MsoNormal" align="center" style="text-align:center;"&gt;\n					&lt;span style="font-family:宋体;line-height:150%;font-size:12.0000pt;"&gt;3&lt;/span&gt;&lt;span style="font-family:宋体;line-height:150%;font-size:12.0000pt;"&gt;&lt;/span&gt;\n				&lt;/p&gt;\n			&lt;/td&gt;\n			&lt;td width="172" valign="top" style="border:1.0000pt solid windowtext;"&gt;\n				&lt;p class="MsoNormal" align="center" style="text-align:center;"&gt;\n					&lt;span style="font-family:宋体;line-height:150%;font-size:12.0000pt;"&gt;春节&lt;/span&gt;&lt;span style="font-family:宋体;line-height:150%;font-size:12.0000pt;"&gt;&lt;/span&gt;\n				&lt;/p&gt;\n			&lt;/td&gt;\n			&lt;td width="311" valign="top" style="border:1.0000pt solid windowtext;"&gt;\n				&lt;p class="MsoNormal" align="center" style="text-align:center;"&gt;\n					&lt;span style="font-family:宋体;line-height:150%;font-size:12.0000pt;"&gt;放假7天及节日福利&lt;/span&gt;&lt;span style="font-family:宋体;line-height:150%;font-size:12.0000pt;"&gt;&lt;/span&gt;\n				&lt;/p&gt;\n			&lt;/td&gt;\n		&lt;/tr&gt;\n		&lt;tr&gt;\n			&lt;td width="85" valign="top" style="border:1.0000pt solid windowtext;"&gt;\n				&lt;p class="MsoNormal" align="center" style="text-align:center;"&gt;\n					&lt;span style="font-family:宋体;line-height:150%;font-size:12.0000pt;"&gt;4&lt;/span&gt;&lt;span style="font-family:宋体;line-height:150%;font-size:12.0000pt;"&gt;&lt;/span&gt;\n				&lt;/p&gt;\n			&lt;/td&gt;\n			&lt;td width="172" valign="top" style="border:1.0000pt solid windowtext;"&gt;\n				&lt;p class="MsoNormal" align="center" style="text-align:center;"&gt;\n					&lt;span style="font-family:宋体;line-height:150%;font-size:12.0000pt;"&gt;妇女节&lt;/span&gt;&lt;span style="font-family:宋体;line-height:150%;font-size:12.0000pt;"&gt;&lt;/span&gt;\n				&lt;/p&gt;\n			&lt;/td&gt;\n			&lt;td width="311" valign="top" style="border:1.0000pt solid windowtext;"&gt;\n				&lt;p class="MsoNormal" align="center" style="text-align:center;"&gt;\n					&lt;span style="font-family:宋体;line-height:150%;font-size:12.0000pt;"&gt;发放节日福利&lt;/span&gt;&lt;span style="font-family:宋体;line-height:150%;font-size:12.0000pt;"&gt;&lt;/span&gt;\n				&lt;/p&gt;\n			&lt;/td&gt;\n		&lt;/tr&gt;\n		&lt;tr&gt;\n			&lt;td width="85" valign="top" style="border:1.0000pt solid windowtext;"&gt;\n				&lt;p class="MsoNormal" align="center" style="text-align:center;"&gt;\n					&lt;span style="font-family:宋体;line-height:150%;font-size:12.0000pt;"&gt;5&lt;/span&gt;&lt;span style="font-family:宋体;line-height:150%;font-size:12.0000pt;"&gt;&lt;/span&gt;\n				&lt;/p&gt;\n			&lt;/td&gt;\n			&lt;td width="172" valign="top" style="border:1.0000pt solid windowtext;"&gt;\n				&lt;p class="MsoNormal" align="center" style="text-align:center;"&gt;\n					&lt;span style="font-family:宋体;line-height:150%;font-size:12.0000pt;"&gt;清明节&lt;/span&gt;&lt;span style="font-family:宋体;line-height:150%;font-size:12.0000pt;"&gt;&lt;/span&gt;\n				&lt;/p&gt;\n			&lt;/td&gt;\n			&lt;td width="311" valign="top" style="border:1.0000pt solid windowtext;"&gt;\n				&lt;p class="MsoNormal" align="center" style="text-align:center;"&gt;\n					&lt;span style="font-family:宋体;line-height:150%;font-size:12.0000pt;"&gt;放假1天&lt;/span&gt;&lt;span style="font-family:宋体;line-height:150%;font-size:12.0000pt;"&gt;&lt;/span&gt;\n				&lt;/p&gt;\n			&lt;/td&gt;\n		&lt;/tr&gt;\n		&lt;tr&gt;\n			&lt;td width="85" valign="top" style="border:1.0000pt solid windowtext;"&gt;\n				&lt;p class="MsoNormal" align="center" style="text-align:center;"&gt;\n					&lt;span style="font-family:宋体;line-height:150%;font-size:12.0000pt;"&gt;6&lt;/span&gt;&lt;span style="font-family:宋体;line-height:150%;font-size:12.0000pt;"&gt;&lt;/span&gt;\n				&lt;/p&gt;\n			&lt;/td&gt;\n			&lt;td width="172" valign="top" style="border:1.0000pt solid windowtext;"&gt;\n				&lt;p class="MsoNormal" align="center" style="text-align:center;"&gt;\n					&lt;span style="font-family:宋体;line-height:150%;font-size:12.0000pt;"&gt;五一劳动节&lt;/span&gt;&lt;span style="font-family:宋体;line-height:150%;font-size:12.0000pt;"&gt;&lt;/span&gt;\n				&lt;/p&gt;\n			&lt;/td&gt;\n			&lt;td width="311" valign="top" style="border:1.0000pt solid windowtext;"&gt;\n				&lt;p class="MsoNormal" align="center" style="text-align:center;"&gt;\n					&lt;span style="font-family:宋体;line-height:150%;font-size:12.0000pt;"&gt;放假1天&lt;/span&gt;&lt;span style="font-family:宋体;line-height:150%;font-size:12.0000pt;"&gt;&lt;/span&gt;\n				&lt;/p&gt;\n			&lt;/td&gt;\n		&lt;/tr&gt;\n		&lt;tr&gt;\n			&lt;td width="85" valign="top" style="border:1.0000pt solid windowtext;"&gt;\n				&lt;p class="MsoNormal" align="center" style="text-align:center;"&gt;\n					&lt;span style="font-family:宋体;line-height:150%;font-size:12.0000pt;"&gt;7&lt;/span&gt;&lt;span style="font-family:宋体;line-height:150%;font-size:12.0000pt;"&gt;&lt;/span&gt;\n				&lt;/p&gt;\n			&lt;/td&gt;\n			&lt;td width="172" valign="top" style="border:1.0000pt solid windowtext;"&gt;\n				&lt;p class="MsoNormal" align="center" style="text-align:center;"&gt;\n					&lt;span style="font-family:宋体;line-height:150%;font-size:12.0000pt;"&gt;端午节&lt;/span&gt;&lt;span style="font-family:宋体;line-height:150%;font-size:12.0000pt;"&gt;&lt;/span&gt;\n				&lt;/p&gt;\n			&lt;/td&gt;\n			&lt;td width="311" valign="top" style="border:1.0000pt solid windowtext;"&gt;\n				&lt;p class="MsoNormal" align="center" style="text-align:center;"&gt;\n					&lt;span style="font-family:宋体;line-height:150%;font-size:12.0000pt;"&gt;放假1天及节日福利&lt;/span&gt;&lt;span style="font-family:宋体;line-height:150%;font-size:12.0000pt;"&gt;&lt;/span&gt;\n				&lt;/p&gt;\n			&lt;/td&gt;\n		&lt;/tr&gt;\n		&lt;tr&gt;\n			&lt;td width="85" valign="top" style="border:1.0000pt solid windowtext;"&gt;\n				&lt;p class="MsoNormal" align="center" style="text-align:center;"&gt;\n					&lt;span style="font-family:宋体;line-height:150%;font-size:12.0000pt;"&gt;8&lt;/span&gt;&lt;span style="font-family:宋体;line-height:150%;font-size:12.0000pt;"&gt;&lt;/span&gt;\n				&lt;/p&gt;\n			&lt;/td&gt;\n			&lt;td width="172" valign="top" style="border:1.0000pt solid windowtext;"&gt;\n				&lt;p class="MsoNormal" align="center" style="text-align:center;"&gt;\n					&lt;span style="font-family:宋体;line-height:150%;font-size:12.0000pt;"&gt;中秋节&lt;/span&gt;&lt;span style="font-family:宋体;line-height:150%;font-size:12.0000pt;"&gt;&lt;/span&gt;\n				&lt;/p&gt;\n			&lt;/td&gt;\n			&lt;td width="311" valign="top" style="border:1.0000pt solid windowtext;"&gt;\n				&lt;p class="MsoNormal" align="center" style="text-align:center;"&gt;\n					&lt;span style="font-family:宋体;line-height:150%;font-size:12.0000pt;"&gt;放假1天及节日福利&lt;/span&gt;&lt;span style="font-family:宋体;line-height:150%;font-size:12.0000pt;"&gt;&lt;/span&gt;\n				&lt;/p&gt;\n			&lt;/td&gt;\n		&lt;/tr&gt;\n		&lt;tr&gt;\n			&lt;td width="85" valign="top" style="border:1.0000pt solid windowtext;"&gt;\n				&lt;p class="MsoNormal" align="center" style="text-align:center;"&gt;\n					&lt;span style="font-family:宋体;line-height:150%;font-size:12.0000pt;"&gt;9&lt;/span&gt;&lt;span style="font-family:宋体;line-height:150%;font-size:12.0000pt;"&gt;&lt;/span&gt;\n				&lt;/p&gt;\n			&lt;/td&gt;\n			&lt;td width="172" valign="top" style="border:1.0000pt solid windowtext;"&gt;\n				&lt;p class="MsoNormal" align="center" style="text-align:center;"&gt;\n					&lt;span style="font-family:宋体;line-height:150%;font-size:12.0000pt;"&gt;国庆节&lt;/span&gt;&lt;span style="font-family:宋体;line-height:150%;font-size:12.0000pt;"&gt;&lt;/span&gt;\n				&lt;/p&gt;\n			&lt;/td&gt;\n			&lt;td width="311" valign="top" style="border:1.0000pt solid windowtext;"&gt;\n				&lt;p class="MsoNormal" align="center" style="text-align:center;"&gt;\n					&lt;span style="font-family:宋体;line-height:150%;font-size:12.0000pt;"&gt;放假5天&lt;/span&gt;&lt;span style="font-family:宋体;line-height:150%;font-size:12.0000pt;"&gt;&lt;/span&gt;\n				&lt;/p&gt;\n			&lt;/td&gt;\n		&lt;/tr&gt;\n		&lt;tr&gt;\n			&lt;td width="85" valign="top" style="border:1.0000pt solid windowtext;"&gt;\n				&lt;p class="MsoNormal" align="center" style="text-align:center;"&gt;\n					&lt;span style="font-family:宋体;line-height:150%;font-size:12.0000pt;"&gt;10&lt;/span&gt;&lt;span style="font-family:宋体;line-height:150%;font-size:12.0000pt;"&gt;&lt;/span&gt;\n				&lt;/p&gt;\n			&lt;/td&gt;\n			&lt;td width="172" valign="top" style="border:1.0000pt solid windowtext;"&gt;\n				&lt;p class="MsoNormal" align="center" style="text-align:center;"&gt;\n					&lt;span style="font-family:宋体;line-height:150%;font-size:12.0000pt;"&gt;员工生日&lt;/span&gt;&lt;span style="font-family:宋体;line-height:150%;font-size:12.0000pt;"&gt;&lt;/span&gt;\n				&lt;/p&gt;\n			&lt;/td&gt;\n			&lt;td width="311" valign="top" style="border:1.0000pt solid windowtext;"&gt;\n				&lt;p class="MsoNormal" align="center" style="text-align:center;"&gt;\n					&lt;span style="font-family:宋体;line-height:150%;font-size:12.0000pt;"&gt;生日蛋糕及200元红包&lt;/span&gt;&lt;span style="font-family:宋体;line-height:150%;font-size:12.0000pt;"&gt;&lt;/span&gt;\n				&lt;/p&gt;\n			&lt;/td&gt;\n		&lt;/tr&gt;\n		&lt;tr&gt;\n			&lt;td width="85" valign="top" style="border:1.0000pt solid windowtext;"&gt;\n				&lt;p class="MsoNormal" align="center" style="text-align:center;"&gt;\n					&lt;span style="font-family:宋体;line-height:150%;font-size:12.0000pt;"&gt;11&lt;/span&gt;&lt;span style="font-family:宋体;line-height:150%;font-size:12.0000pt;"&gt;&lt;/span&gt;\n				&lt;/p&gt;\n			&lt;/td&gt;\n			&lt;td width="172" valign="top" style="border:1.0000pt solid windowtext;"&gt;\n				&lt;p class="MsoNormal" align="center" style="text-align:center;"&gt;\n					&lt;span style="font-family:宋体;line-height:150%;font-size:12.0000pt;"&gt;结婚、生育、住院、亲属（直系)去世&lt;/span&gt;&lt;span style="font-family:宋体;line-height:150%;font-size:12.0000pt;"&gt;&lt;/span&gt;\n				&lt;/p&gt;\n			&lt;/td&gt;\n			&lt;td width="311" valign="top" style="border:1.0000pt solid windowtext;"&gt;\n				&lt;p class="MsoNormal" align="justify" style="text-indent:72.0000pt;text-align:justify;"&gt;\n					&lt;span style="font-family:宋体;line-height:150%;font-size:12.0000pt;"&gt;礼金200元&lt;/span&gt;&lt;span style="font-family:宋体;line-height:150%;font-size:12.0000pt;"&gt;&lt;/span&gt;\n				&lt;/p&gt;\n			&lt;/td&gt;\n		&lt;/tr&gt;\n		&lt;tr&gt;\n			&lt;td width="85" valign="top" style="border:1.0000pt solid windowtext;"&gt;\n				&lt;p class="MsoNormal" align="center" style="text-align:center;"&gt;\n					&lt;span style="font-family:宋体;line-height:150%;font-size:12.0000pt;"&gt;12&lt;/span&gt;&lt;span style="font-family:宋体;line-height:150%;font-size:12.0000pt;"&gt;&lt;/span&gt;\n				&lt;/p&gt;\n			&lt;/td&gt;\n			&lt;td width="172" valign="top" style="border:1.0000pt solid windowtext;"&gt;\n				&lt;p class="MsoNormal" align="center" style="text-align:center;"&gt;\n					&lt;span style="font-family:宋体;line-height:150%;font-size:12.0000pt;"&gt;员工保险&lt;/span&gt;&lt;span style="font-family:宋体;line-height:150%;font-size:12.0000pt;"&gt;&lt;/span&gt;\n				&lt;/p&gt;\n			&lt;/td&gt;\n			&lt;td width="311" valign="top" style="border:1.0000pt solid windowtext;"&gt;\n				&lt;p class="MsoNormal" align="center" style="text-align:center;"&gt;\n					&lt;span style="font-family:宋体;line-height:150%;font-size:12.0000pt;"&gt;目前以工资形式直接补贴&lt;/span&gt;&lt;span style="font-family:宋体;line-height:150%;font-size:12.0000pt;"&gt;&lt;/span&gt;\n				&lt;/p&gt;\n			&lt;/td&gt;\n		&lt;/tr&gt;\n		&lt;tr&gt;\n			&lt;td width="85" valign="top" style="border:1.0000pt solid windowtext;"&gt;\n				&lt;p class="MsoNormal" align="center" style="text-align:center;"&gt;\n					&lt;span style="font-family:宋体;line-height:150%;font-size:12.0000pt;"&gt;13&lt;/span&gt;&lt;span style="font-family:宋体;line-height:150%;font-size:12.0000pt;"&gt;&lt;/span&gt;\n				&lt;/p&gt;\n			&lt;/td&gt;\n			&lt;td width="172" valign="top" style="border:1.0000pt solid windowtext;"&gt;\n				&lt;p class="MsoNormal" align="center" style="text-align:center;"&gt;\n					&lt;span style="font-family:宋体;line-height:150%;font-size:12.0000pt;"&gt;住房公积金&lt;/span&gt;&lt;span style="font-family:宋体;line-height:150%;font-size:12.0000pt;"&gt;&lt;/span&gt;\n				&lt;/p&gt;\n			&lt;/td&gt;\n			&lt;td width="311" valign="top" style="border:1.0000pt solid windowtext;"&gt;\n				&lt;p class="MsoNormal" align="center" style="text-align:center;"&gt;\n					&lt;span style="font-family:宋体;line-height:150%;font-size:12.0000pt;"&gt;随企业发展情况适时推出&lt;/span&gt;&lt;span style="font-family:宋体;line-height:150%;font-size:12.0000pt;"&gt;&lt;/span&gt;\n				&lt;/p&gt;\n			&lt;/td&gt;\n		&lt;/tr&gt;\n		&lt;tr&gt;\n			&lt;td width="85" valign="top" style="border:1.0000pt solid windowtext;"&gt;\n				&lt;p class="MsoNormal" align="center" style="text-align:center;"&gt;\n					&lt;span style="font-family:宋体;line-height:150%;font-size:12.0000pt;"&gt;14&lt;/span&gt;&lt;span style="font-family:宋体;line-height:150%;font-size:12.0000pt;"&gt;&lt;/span&gt;\n				&lt;/p&gt;\n			&lt;/td&gt;\n			&lt;td width="172" valign="top" style="border:1.0000pt solid windowtext;"&gt;\n				&lt;p class="MsoNormal" align="center" style="text-align:center;"&gt;\n					&lt;span style="font-family:宋体;line-height:150%;font-size:12.0000pt;"&gt;集体活动&lt;/span&gt;&lt;span style="font-family:宋体;line-height:150%;font-size:12.0000pt;"&gt;&lt;/span&gt;\n				&lt;/p&gt;\n			&lt;/td&gt;\n			&lt;td width="311" valign="top" style="border:1.0000pt solid windowtext;"&gt;\n				&lt;p class="MsoNormal" align="center" style="text-align:center;"&gt;\n					&lt;span style="font-family:宋体;line-height:150%;font-size:12.0000pt;"&gt;拓展训练、年度旅游、文体活动&lt;/span&gt;&lt;span style="font-family:宋体;line-height:150%;font-size:12.0000pt;"&gt;&lt;/span&gt;\n				&lt;/p&gt;\n			&lt;/td&gt;\n		&lt;/tr&gt;\n		&lt;tr&gt;\n			&lt;td width="85" valign="top" style="border:1.0000pt solid windowtext;"&gt;\n				&lt;p class="MsoNormal" align="center" style="text-align:center;"&gt;\n					&lt;span style="font-family:宋体;line-height:150%;font-size:12.0000pt;"&gt;15&lt;/span&gt;&lt;span style="font-family:宋体;line-height:150%;font-size:12.0000pt;"&gt;&lt;/span&gt;\n				&lt;/p&gt;\n			&lt;/td&gt;\n			&lt;td width="172" valign="top" style="border:1.0000pt solid windowtext;"&gt;\n				&lt;p class="MsoNormal" align="center" style="text-align:center;"&gt;\n					&lt;span style="font-family:宋体;line-height:150%;font-size:12.0000pt;"&gt;健康关怀&lt;/span&gt;&lt;span style="font-family:宋体;line-height:150%;font-size:12.0000pt;"&gt;&lt;/span&gt;\n				&lt;/p&gt;\n			&lt;/td&gt;\n			&lt;td width="311" valign="top" style="border:1.0000pt solid windowtext;"&gt;\n				&lt;p class="MsoNormal" align="center" style="text-align:center;"&gt;\n					&lt;span style="font-family:宋体;line-height:150%;font-size:12.0000pt;"&gt;随企业发展情况适时推出年度体检&lt;/span&gt;&lt;span style="font-family:宋体;line-height:150%;font-size:12.0000pt;"&gt;&lt;/span&gt;\n				&lt;/p&gt;\n			&lt;/td&gt;\n		&lt;/tr&gt;\n		&lt;tr&gt;\n			&lt;td width="85" valign="top" style="border:1.0000pt solid windowtext;"&gt;\n				&lt;p class="MsoNormal" align="center" style="text-align:center;"&gt;\n					&lt;span style="font-family:宋体;line-height:150%;font-size:12.0000pt;"&gt;16&lt;/span&gt;&lt;span style="font-family:宋体;line-height:150%;font-size:12.0000pt;"&gt;&lt;/span&gt;\n				&lt;/p&gt;\n			&lt;/td&gt;\n			&lt;td width="172" valign="top" style="border:1.0000pt solid windowtext;"&gt;\n				&lt;p class="MsoNormal" align="center" style="text-align:center;"&gt;\n					&lt;span style="font-family:宋体;line-height:150%;font-size:12.0000pt;"&gt;年假&lt;/span&gt;&lt;span style="font-family:宋体;line-height:150%;font-size:12.0000pt;"&gt;&lt;/span&gt;\n				&lt;/p&gt;\n			&lt;/td&gt;\n			&lt;td width="311" valign="top" style="border:1.0000pt solid windowtext;"&gt;\n				&lt;p class="MsoNormal" align="center" style="text-align:center;"&gt;\n					&lt;span style="font-family:宋体;line-height:150%;font-size:12.0000pt;"&gt;工龄满一年年假3天&lt;/span&gt;&lt;span style="font-family:宋体;line-height:150%;font-size:12.0000pt;"&gt;&lt;/span&gt;\n				&lt;/p&gt;\n			&lt;/td&gt;\n		&lt;/tr&gt;\n	&lt;/tbody&gt;\n&lt;/table&gt;\n&lt;p class="MsoNormal" align="justify" style="text-align:justify;"&gt;\n	&lt;span&gt;注：&lt;/span&gt;1、以上放假安排不包含周六、周日，具体放假安排根据放假日期的实际情况做出调整。\n&lt;/p&gt;\n&lt;p class="MsoNormal" align="justify" style="text-align:justify;"&gt;\n	&nbsp; &nbsp; &nbsp; 2、年假：以5年为一周期，工龄1-5年年假3天，工龄5-10年年假5天，工龄10-15年年假8天。工龄15-20年年假10天，10天封顶。\n&lt;/p&gt;\n&lt;p class="MsoNormal" align="justify" style="text-align:justify;"&gt;\n	&lt;b&gt;七、&lt;/b&gt;&lt;b&gt;附&lt;/b&gt;&lt;b&gt;&nbsp;&lt;/b&gt;&lt;b&gt;则&lt;/b&gt;&nbsp;\n&lt;/p&gt;\n&lt;p class="MsoNormal" align="justify" style="margin-left:0.0000pt;text-indent:0.0000pt;text-align:justify;"&gt;\n	1、本薪酬管理规定起草、解释与修订解释权属行政部。 &nbsp;\n&lt;/p&gt;\n&lt;p class="MsoNormal" align="justify" style="margin-left:0.0000pt;text-indent:0.0000pt;text-align:justify;"&gt;\n	2、本规定由公司会议通过后执行。\n&lt;/p&gt;\n&lt;p class="MsoNormal" align="justify" style="margin-left:0.0000pt;text-indent:0.0000pt;text-align:justify;"&gt;\n	3、本制度2018年1月1日起开始执行。凡与本制度相冲突的文件与规定即行废止\n&lt;/p&gt;', 0, 2, NULL, 1516427834000, NULL, NULL),
	(12, '嘉瑞科技技术人员考核管理办法  ', '艾鹏鹏', NULL, '为准确评价专业技术人员的工作实绩，激励与督促其履行岗位职责，充分调动其积极性、主动性和创造性，并为转正、晋升，解聘提供依据，根据有关精神，制定以下考核标准。', '&lt;table class="MsoTableGrid" style="width:426.1pt;"&gt;\n	&lt;tbody&gt;\n		&lt;tr&gt;\n			&lt;td width="151" valign="top" rowspan="2" style="border:1.0000pt solid windowtext;"&gt;\n				&lt;p class="MsoNormal" align="justify" style="text-align:justify;"&gt;\n					&lt;span style="font-family:微软雅黑;line-height:150%;font-size:12pt;"&gt;文件编号JR-R&amp;D-0003-ZD&lt;/span&gt;&lt;span style="font-family:微软雅黑;line-height:150%;font-size:12pt;"&gt;&lt;/span&gt;\n				&lt;/p&gt;\n			&lt;/td&gt;\n			&lt;td width="120" valign="top" style="border:1.0000pt solid windowtext;"&gt;\n				&lt;p class="MsoNormal" align="center" style="text-align:center;"&gt;\n					&lt;span style="font-family:微软雅黑;line-height:150%;font-size:12pt;"&gt;版本号：&lt;/span&gt;&lt;span style="font-family:微软雅黑;line-height:150%;font-size:12pt;"&gt;1.0&lt;/span&gt;&lt;span style="font-family:微软雅黑;line-height:150%;font-size:12pt;"&gt;&lt;/span&gt;\n				&lt;/p&gt;\n			&lt;/td&gt;\n			&lt;td width="102" valign="top" style="border:1.0000pt solid windowtext;"&gt;\n				&lt;p class="MsoNormal" align="center" style="text-align:center;"&gt;\n					&lt;span style="font-family:微软雅黑;line-height:150%;font-size:12pt;"&gt;编制：人事&lt;/span&gt;&lt;span style="font-family:微软雅黑;line-height:150%;font-size:12pt;"&gt;&lt;/span&gt;\n				&lt;/p&gt;\n			&lt;/td&gt;\n			&lt;td width="194" valign="top" style="border:1.0000pt solid windowtext;"&gt;\n				&lt;p class="MsoNormal" align="justify" style="text-align:justify;"&gt;\n					&lt;span style="font-family:微软雅黑;line-height:150%;font-size:12pt;"&gt;执行日期：&lt;/span&gt;&lt;span style="font-family:微软雅黑;line-height:150%;font-size:12pt;"&gt;2018/01/01&lt;/span&gt;&lt;span style="font-family:微软雅黑;line-height:150%;font-size:12pt;"&gt;&lt;/span&gt;\n				&lt;/p&gt;\n			&lt;/td&gt;\n		&lt;/tr&gt;\n		&lt;tr&gt;\n			&lt;td width="222" valign="top" colspan="2" style="border:1.0000pt solid windowtext;"&gt;\n				&lt;p class="MsoNormal" align="justify" style="text-align:justify;"&gt;\n					&lt;span style="font-family:微软雅黑;line-height:150%;font-size:12pt;"&gt;文件公布范围：管理层公开&lt;/span&gt;&lt;span style="font-family:微软雅黑;line-height:150%;font-size:12pt;"&gt;&lt;/span&gt;\n				&lt;/p&gt;\n			&lt;/td&gt;\n			&lt;td width="194" valign="top" style="border:1.0000pt solid windowtext;"&gt;\n				&lt;p class="MsoNormal" align="justify" style="text-align:justify;"&gt;\n					&lt;span style="font-family:微软雅黑;line-height:150%;font-size:12pt;"&gt;修订日期：&lt;/span&gt;&lt;span style="font-family:微软雅黑;line-height:150%;font-size:12pt;"&gt;&lt;/span&gt;\n				&lt;/p&gt;\n			&lt;/td&gt;\n		&lt;/tr&gt;\n	&lt;/tbody&gt;\n&lt;/table&gt;\n&lt;p class="MsoNormal" align="center" style="text-indent:22.1000pt;text-align:center;"&gt;\n	&lt;b&gt;&nbsp;&lt;/b&gt;\n&lt;/p&gt;\n&lt;p class="MsoNormal" align="center" style="text-indent:22.1000pt;text-align:center;"&gt;\n	&lt;b&gt;嘉瑞科技技术人员考核管理办法&lt;/b&gt;&lt;b&gt;&lt;/b&gt;\n&lt;/p&gt;\n&lt;p class="MsoNormal" style="text-indent:10.5000pt;"&gt;\n	&nbsp;\n&lt;/p&gt;\n&lt;p class="MsoNormal" align="justify" style="text-indent:20.9000pt;text-align:justify;"&gt;\n	为准确评价专业技术人员的工作实绩，激励与督促其履行岗位职责，充分调动其积极性、主动性和创造性，并为转正、晋升，解聘提供依据，根据有关精神，制定以下考核标准。\n&lt;/p&gt;\n&lt;p class="MsoNormal" align="justify" style="text-indent:15.0500pt;text-align:justify;"&gt;\n	&lt;b&gt;第一条&lt;/b&gt;&lt;b&gt;&nbsp;&lt;span&gt;考核范围&lt;/span&gt;&lt;/b&gt;&lt;b&gt;&lt;/b&gt;\n&lt;/p&gt;\n&lt;p class="MsoNormal" align="justify" style="margin-left:15.7500pt;text-align:justify;"&gt;\n	考核范围包括技术部所有员工（包括实习期与试用期员工）\n&lt;/p&gt;\n&lt;p class="MsoNormal" align="justify" style="margin-left:15.7500pt;text-align:justify;"&gt;\n	&lt;b&gt;第二条&lt;/b&gt;&lt;b&gt;&nbsp;&lt;span&gt;考核原则&lt;/span&gt;&lt;/b&gt;&lt;b&gt;&lt;/b&gt;\n&lt;/p&gt;\n&lt;p class="MsoNormal" align="justify" style="margin-left:15.7500pt;text-align:justify;"&gt;\n	根据技术员工岗位职责范围的要求，按照全面考核、综合评定，坚持客观公正民主公开、注重实绩，对技术人员进行全面考核。&nbsp;&nbsp;&nbsp;\n&lt;/p&gt;\n&lt;p class="MsoNormal" align="justify" style="margin-left:15.7500pt;text-align:justify;"&gt;\n	&lt;b&gt;第三条&lt;/b&gt;&lt;b&gt;&nbsp;&lt;/b&gt;&lt;b&gt;考核内容及标准&lt;/b&gt;&lt;b&gt;&lt;/b&gt;\n&lt;/p&gt;\n&lt;p class="MsoNormal" style="margin-left:15.7500pt;"&gt;\n	&nbsp;\n&lt;/p&gt;\n&lt;p class="MsoNormal" align="center" style="text-align:center;"&gt;\n	&lt;b&gt;技术人员考核表&lt;/b&gt;&lt;b&gt;&lt;/b&gt;\n&lt;/p&gt;\n&lt;p class="MsoNormal" align="center" style="text-align:center;"&gt;\n	&lt;b&gt;&nbsp;&lt;/b&gt;\n&lt;/p&gt;\n&lt;p class="MsoNormal"&gt;\n	部门：&lt;u&gt;&nbsp;&nbsp;&nbsp;&nbsp;&nbsp;&nbsp;&nbsp;&lt;/u&gt;&nbsp;&nbsp;&nbsp;&lt;span&gt;日期&lt;/span&gt; ：&lt;u&gt;&nbsp;&nbsp;&nbsp;&nbsp;&nbsp;&nbsp;&nbsp;&nbsp;&nbsp;&lt;/u&gt;&nbsp;&nbsp;&lt;span&gt;考核人：&lt;/span&gt;&lt;u&gt;&nbsp;&nbsp;&nbsp;&nbsp;&nbsp;&nbsp;&nbsp;&nbsp;&nbsp;&nbsp;&lt;/u&gt;&nbsp;&nbsp;&lt;span&gt;考评人：&lt;/span&gt;&lt;u&gt;&nbsp;&nbsp;&nbsp;&nbsp;&nbsp;&nbsp;&nbsp;&nbsp;&nbsp;&nbsp;&lt;/u&gt;&lt;u&gt;&lt;/u&gt;\n&lt;/p&gt;\n&lt;p class="MsoNormal"&gt;\n	&lt;u&gt;&nbsp;&lt;/u&gt;\n&lt;/p&gt;\n&lt;table class="MsoTableGrid" style="width:433pt;"&gt;\n	&lt;tbody&gt;\n		&lt;tr&gt;\n			&lt;td width="451" valign="top" colspan="2" style="border:1.0000pt solid windowtext;"&gt;\n				&lt;p class="MsoNormal" align="center" style="text-align:center;"&gt;\n					&lt;b&gt;&lt;span style="font-family:宋体;font-size:12pt;"&gt;项目及考核内容&lt;/span&gt;&lt;/b&gt;&lt;b&gt;&lt;span style="font-family:宋体;font-size:12pt;"&gt;&lt;/span&gt;&lt;/b&gt;\n				&lt;/p&gt;\n			&lt;/td&gt;\n			&lt;td width="75" valign="top" style="border:1.0000pt solid windowtext;"&gt;\n				&lt;p class="MsoNormal" align="center" style="text-align:center;"&gt;\n					&lt;b&gt;&lt;span style="font-family:宋体;font-size:12pt;"&gt;评分阶梯&lt;/span&gt;&lt;/b&gt;&lt;b&gt;&lt;span style="font-family:宋体;font-size:12pt;"&gt;&lt;/span&gt;&lt;/b&gt;\n				&lt;/p&gt;\n			&lt;/td&gt;\n			&lt;td width="51" valign="top" style="border:1.0000pt solid windowtext;"&gt;\n				&lt;p class="MsoNormal" align="center" style="text-align:center;"&gt;\n					&lt;b&gt;&lt;span style="font-family:宋体;font-size:12pt;"&gt;考评得分&lt;/span&gt;&lt;/b&gt;&lt;b&gt;&lt;span style="font-family:宋体;font-size:12pt;"&gt;&lt;/span&gt;&lt;/b&gt;\n				&lt;/p&gt;\n			&lt;/td&gt;\n		&lt;/tr&gt;\n		&lt;tr&gt;\n			&lt;td width="126" valign="top" rowspan="5" style="border:1.0000pt solid windowtext;"&gt;\n				&lt;p class="MsoNormal" align="center" style="text-align:center;"&gt;\n					&lt;span style="font-family:宋体;font-size:12.0000pt;"&gt;&nbsp;&lt;/span&gt;\n				&lt;/p&gt;\n				&lt;p class="MsoNormal" align="center" style="text-align:center;"&gt;\n					&lt;span style="font-family:宋体;font-size:12.0000pt;"&gt;&nbsp;&lt;/span&gt;\n				&lt;/p&gt;\n				&lt;p class="MsoNormal" align="center" style="text-align:center;"&gt;\n					&lt;span style="font-family:宋体;font-size:12.0000pt;"&gt;工作任务30%&lt;/span&gt;&lt;span style="font-family:宋体;font-size:12.0000pt;"&gt;&lt;/span&gt;\n				&lt;/p&gt;\n			&lt;/td&gt;\n			&lt;td width="324" valign="top" style="border:1.0000pt solid windowtext;"&gt;\n				&lt;p class="MsoNormal"&gt;\n					&lt;span style="font-family:宋体;font-size:12.0000pt;"&gt;能主动时时跟踪、追踪工作，提前完成任务&lt;/span&gt;&lt;span style="font-family:宋体;font-size:12.0000pt;"&gt;&lt;/span&gt;\n				&lt;/p&gt;\n			&lt;/td&gt;\n			&lt;td width="75" valign="top" style="border:1.0000pt solid windowtext;"&gt;\n				&lt;p class="MsoNormal" align="center" style="text-align:center;"&gt;\n					&lt;span style="font-family:宋体;font-size:12.0000pt;"&gt;30&lt;/span&gt;&lt;span style="font-family:宋体;font-size:12.0000pt;"&gt;&lt;/span&gt;\n				&lt;/p&gt;\n			&lt;/td&gt;\n			&lt;td width="51" valign="top" rowspan="5" style="border:1.0000pt solid windowtext;"&gt;\n				&lt;p class="MsoNormal"&gt;\n					&lt;span style="font-family:宋体;font-size:12.0000pt;"&gt;&nbsp;&lt;/span&gt;\n				&lt;/p&gt;\n			&lt;/td&gt;\n		&lt;/tr&gt;\n		&lt;tr&gt;\n			&lt;td width="324" valign="top" style="border:1.0000pt solid windowtext;"&gt;\n				&lt;p class="MsoNormal"&gt;\n					&lt;span style="font-family:宋体;font-size:12.0000pt;"&gt;能跟踪按期完成任务&lt;/span&gt;&lt;span style="font-family:宋体;font-size:12.0000pt;"&gt;&lt;/span&gt;\n				&lt;/p&gt;\n			&lt;/td&gt;\n			&lt;td width="75" valign="top" style="border:1.0000pt solid windowtext;"&gt;\n				&lt;p class="MsoNormal" align="center" style="text-align:center;"&gt;\n					&lt;span style="font-family:宋体;font-size:12.0000pt;"&gt;25-29&lt;/span&gt;&lt;span style="font-family:宋体;font-size:12.0000pt;"&gt;&lt;/span&gt;\n				&lt;/p&gt;\n			&lt;/td&gt;\n		&lt;/tr&gt;\n		&lt;tr&gt;\n			&lt;td width="324" valign="top" style="border:1.0000pt solid windowtext;"&gt;\n				&lt;p class="MsoNormal"&gt;\n					&lt;span style="font-family:宋体;font-size:12.0000pt;"&gt;在监督下能完成任务&lt;/span&gt;&lt;span style="font-family:宋体;font-size:12.0000pt;"&gt;&lt;/span&gt;\n				&lt;/p&gt;\n			&lt;/td&gt;\n			&lt;td width="75" valign="top" style="border:1.0000pt solid windowtext;"&gt;\n				&lt;p class="MsoNormal" align="center" style="text-align:center;"&gt;\n					&lt;span style="font-family:宋体;font-size:12.0000pt;"&gt;15-25&lt;/span&gt;&lt;span style="font-family:宋体;font-size:12.0000pt;"&gt;&lt;/span&gt;\n				&lt;/p&gt;\n			&lt;/td&gt;\n		&lt;/tr&gt;\n		&lt;tr&gt;\n			&lt;td width="324" valign="top" style="border:1.0000pt solid windowtext;"&gt;\n				&lt;p class="MsoNormal"&gt;\n					&lt;span style="font-family:宋体;font-size:12.0000pt;"&gt;在指导下偶尔不能完成任务&lt;/span&gt;&lt;span style="font-family:宋体;font-size:12.0000pt;"&gt;&lt;/span&gt;\n				&lt;/p&gt;\n			&lt;/td&gt;\n			&lt;td width="75" valign="top" style="border:1.0000pt solid windowtext;"&gt;\n				&lt;p class="MsoNormal" align="center" style="text-align:center;"&gt;\n					&lt;span style="font-family:宋体;font-size:12.0000pt;"&gt;15以下&lt;/span&gt;&lt;span style="font-family:宋体;font-size:12.0000pt;"&gt;&lt;/span&gt;\n				&lt;/p&gt;\n			&lt;/td&gt;\n		&lt;/tr&gt;\n		&lt;tr&gt;\n			&lt;td width="324" valign="top" style="border:1.0000pt solid windowtext;"&gt;\n				&lt;p class="MsoNormal"&gt;\n					&lt;span style="font-family:宋体;font-size:12.0000pt;"&gt;经常不能完成任务&lt;/span&gt;&lt;span style="font-family:宋体;font-size:12.0000pt;"&gt;&lt;/span&gt;\n				&lt;/p&gt;\n			&lt;/td&gt;\n			&lt;td width="75" valign="top" style="border:1.0000pt solid windowtext;"&gt;\n				&lt;p class="MsoNormal" align="center" style="text-align:center;"&gt;\n					&lt;span style="font-family:宋体;font-size:12.0000pt;"&gt;0&lt;/span&gt;&lt;span style="font-family:宋体;font-size:12.0000pt;"&gt;&lt;/span&gt;\n				&lt;/p&gt;\n			&lt;/td&gt;\n		&lt;/tr&gt;\n		&lt;tr&gt;\n			&lt;td width="126" valign="top" rowspan="4" style="border:1.0000pt solid windowtext;"&gt;\n				&lt;p class="MsoNormal" align="center" style="text-align:center;"&gt;\n					&lt;span style="font-family:宋体;font-size:12.0000pt;"&gt;&nbsp;&lt;/span&gt;\n				&lt;/p&gt;\n				&lt;p class="MsoNormal" align="center" style="text-align:center;"&gt;\n					&lt;span style="font-family:宋体;font-size:12.0000pt;"&gt;&nbsp;&lt;/span&gt;\n				&lt;/p&gt;\n				&lt;p class="MsoNormal" align="center" style="text-align:center;"&gt;\n					&lt;span style="font-family:宋体;font-size:12.0000pt;"&gt;工作质量20%&lt;/span&gt;&lt;span style="font-family:宋体;font-size:12.0000pt;"&gt;&lt;/span&gt;\n				&lt;/p&gt;\n			&lt;/td&gt;\n			&lt;td width="324" valign="top" style="border:1.0000pt solid windowtext;"&gt;\n				&lt;p class="MsoNormal"&gt;\n					&lt;span style="font-family:宋体;font-size:12.0000pt;"&gt;出色、准确无任何差错按业务工作流程执行&lt;/span&gt;&lt;span style="font-family:宋体;font-size:12.0000pt;"&gt;&lt;/span&gt;\n				&lt;/p&gt;\n			&lt;/td&gt;\n			&lt;td width="75" valign="top" style="border:1.0000pt solid windowtext;"&gt;\n				&lt;p class="MsoNormal" align="center" style="text-align:center;"&gt;\n					&lt;span style="font-family:宋体;font-size:12.0000pt;"&gt;20&lt;/span&gt;&lt;span style="font-family:宋体;font-size:12.0000pt;"&gt;&lt;/span&gt;\n				&lt;/p&gt;\n			&lt;/td&gt;\n			&lt;td width="51" valign="top" rowspan="4" style="border:1.0000pt solid windowtext;"&gt;\n				&lt;p class="MsoNormal"&gt;\n					&lt;span style="font-family:宋体;font-size:12.0000pt;"&gt;&nbsp;&lt;/span&gt;\n				&lt;/p&gt;\n			&lt;/td&gt;\n		&lt;/tr&gt;\n		&lt;tr&gt;\n			&lt;td width="324" valign="top" style="border:1.0000pt solid windowtext;"&gt;\n				&lt;p class="MsoNormal"&gt;\n					&lt;span style="font-family:宋体;font-size:12.0000pt;"&gt;完成任务质量较好，但还可以再加强&lt;/span&gt;&lt;span style="font-family:宋体;font-size:12.0000pt;"&gt;&lt;/span&gt;\n				&lt;/p&gt;\n			&lt;/td&gt;\n			&lt;td width="75" valign="top" style="border:1.0000pt solid windowtext;"&gt;\n				&lt;p class="MsoNormal" align="center" style="text-align:center;"&gt;\n					&lt;span style="font-family:宋体;font-size:12.0000pt;"&gt;15-19&lt;/span&gt;&lt;span style="font-family:宋体;font-size:12.0000pt;"&gt;&lt;/span&gt;\n				&lt;/p&gt;\n			&lt;/td&gt;\n		&lt;/tr&gt;\n		&lt;tr&gt;\n			&lt;td width="324" valign="top" style="border:1.0000pt solid windowtext;"&gt;\n				&lt;p class="MsoNormal"&gt;\n					&lt;span style="font-family:宋体;font-size:12.0000pt;"&gt;工作疏忽，偶尔性有小差错&lt;/span&gt;&lt;span style="font-family:宋体;font-size:12.0000pt;"&gt;&lt;/span&gt;\n				&lt;/p&gt;\n			&lt;/td&gt;\n			&lt;td width="75" valign="top" style="border:1.0000pt solid windowtext;"&gt;\n				&lt;p class="MsoNormal" align="center" style="text-align:center;"&gt;\n					&lt;span style="font-family:宋体;font-size:12.0000pt;"&gt;15以下&lt;/span&gt;&lt;span style="font-family:宋体;font-size:12.0000pt;"&gt;&lt;/span&gt;\n				&lt;/p&gt;\n			&lt;/td&gt;\n		&lt;/tr&gt;\n		&lt;tr&gt;\n			&lt;td width="324" valign="top" style="border:1.0000pt solid windowtext;"&gt;\n				&lt;p class="MsoNormal"&gt;\n					&lt;span style="font-family:宋体;font-size:12.0000pt;"&gt;工作质量欠佳，经常性有小差错，不认真执行过程控制程序&lt;/span&gt;&lt;span style="font-family:宋体;font-size:12.0000pt;"&gt;&lt;/span&gt;\n				&lt;/p&gt;\n			&lt;/td&gt;\n			&lt;td width="75" valign="top" style="border:1.0000pt solid windowtext;"&gt;\n				&lt;p class="MsoNormal" align="center" style="text-align:center;"&gt;\n					&lt;span style="font-family:宋体;font-size:12.0000pt;"&gt;0&lt;/span&gt;&lt;span style="font-family:宋体;font-size:12.0000pt;"&gt;&lt;/span&gt;\n				&lt;/p&gt;\n			&lt;/td&gt;\n		&lt;/tr&gt;\n		&lt;tr&gt;\n			&lt;td width="126" valign="top" rowspan="5" style="border:1.0000pt solid windowtext;"&gt;\n				&lt;p class="MsoNormal" align="center" style="text-align:center;"&gt;\n					&lt;span style="font-family:宋体;font-size:12.0000pt;"&gt;&nbsp;&lt;/span&gt;\n				&lt;/p&gt;\n				&lt;p class="MsoNormal" align="center" style="text-align:center;"&gt;\n					&lt;span style="font-family:宋体;font-size:12.0000pt;"&gt;&nbsp;&lt;/span&gt;\n				&lt;/p&gt;\n				&lt;p class="MsoNormal" align="center" style="text-align:center;"&gt;\n					&lt;span style="font-family:宋体;font-size:12.0000pt;"&gt;工作技能15%&lt;/span&gt;&lt;span style="font-family:宋体;font-size:12.0000pt;"&gt;&lt;/span&gt;\n				&lt;/p&gt;\n			&lt;/td&gt;\n			&lt;td width="324" valign="top" style="border:1.0000pt solid windowtext;"&gt;\n				&lt;p class="MsoNormal"&gt;\n					&lt;span style="font-family:宋体;font-size:12.0000pt;"&gt;具有极丰富的专业技能、能充分完成本身职责&lt;/span&gt;&lt;span style="font-family:宋体;font-size:12.0000pt;"&gt;&lt;/span&gt;\n				&lt;/p&gt;\n			&lt;/td&gt;\n			&lt;td width="75" valign="top" style="border:1.0000pt solid windowtext;"&gt;\n				&lt;p class="MsoNormal" align="center" style="text-align:center;"&gt;\n					&lt;span style="font-family:宋体;font-size:12.0000pt;"&gt;15&lt;/span&gt;&lt;span style="font-family:宋体;font-size:12.0000pt;"&gt;&lt;/span&gt;\n				&lt;/p&gt;\n			&lt;/td&gt;\n			&lt;td width="51" valign="top" rowspan="5" style="border:1.0000pt solid windowtext;"&gt;\n				&lt;p class="MsoNormal"&gt;\n					&lt;span style="font-family:宋体;font-size:12.0000pt;"&gt;&nbsp;&lt;/span&gt;\n				&lt;/p&gt;\n			&lt;/td&gt;\n		&lt;/tr&gt;\n		&lt;tr&gt;\n			&lt;td width="324" valign="top" style="border:1.0000pt solid windowtext;"&gt;\n				&lt;p class="MsoNormal"&gt;\n					&lt;span style="font-family:宋体;font-size:12.0000pt;"&gt;有相当专业技能，能应付本职工作&lt;/span&gt;&lt;span style="font-family:宋体;font-size:12.0000pt;"&gt;&lt;/span&gt;\n				&lt;/p&gt;\n			&lt;/td&gt;\n			&lt;td width="75" valign="top" style="border:1.0000pt solid windowtext;"&gt;\n				&lt;p class="MsoNormal" align="center" style="text-align:center;"&gt;\n					&lt;span style="font-family:宋体;font-size:12.0000pt;"&gt;13-14&lt;/span&gt;&lt;span style="font-family:宋体;font-size:12.0000pt;"&gt;&lt;/span&gt;\n				&lt;/p&gt;\n			&lt;/td&gt;\n		&lt;/tr&gt;\n		&lt;tr&gt;\n			&lt;td width="324" valign="top" style="border:1.0000pt solid windowtext;"&gt;\n				&lt;p class="MsoNormal"&gt;\n					&lt;span style="font-family:宋体;font-size:12.0000pt;"&gt;专业技能一般，对完成任务没有障碍&lt;/span&gt;&lt;span style="font-family:宋体;font-size:12.0000pt;"&gt;&lt;/span&gt;\n				&lt;/p&gt;\n			&lt;/td&gt;\n			&lt;td width="75" valign="top" style="border:1.0000pt solid windowtext;"&gt;\n				&lt;p class="MsoNormal" align="center" style="text-align:center;"&gt;\n					&lt;span style="font-family:宋体;font-size:12.0000pt;"&gt;11-12&lt;/span&gt;&lt;span style="font-family:宋体;font-size:12.0000pt;"&gt;&lt;/span&gt;\n				&lt;/p&gt;\n			&lt;/td&gt;\n		&lt;/tr&gt;\n		&lt;tr&gt;\n			&lt;td width="324" valign="top" style="border:1.0000pt solid windowtext;"&gt;\n				&lt;p class="MsoNormal"&gt;\n					&lt;span style="font-family:宋体;font-size:12.0000pt;"&gt;技能程度稍感不足，执行职责经常要请教他人&lt;/span&gt;&lt;span style="font-family:宋体;font-size:12.0000pt;"&gt;&lt;/span&gt;\n				&lt;/p&gt;\n			&lt;/td&gt;\n			&lt;td width="75" valign="top" style="border:1.0000pt solid windowtext;"&gt;\n				&lt;p class="MsoNormal" align="center" style="text-align:center;"&gt;\n					&lt;span style="font-family:宋体;font-size:12.0000pt;"&gt;7-9&lt;/span&gt;&lt;span style="font-family:宋体;font-size:12.0000pt;"&gt;&lt;/span&gt;\n				&lt;/p&gt;\n			&lt;/td&gt;\n		&lt;/tr&gt;\n		&lt;tr&gt;\n			&lt;td width="324" valign="top" style="border:1.0000pt solid windowtext;"&gt;\n				&lt;p class="MsoNormal"&gt;\n					&lt;span style="font-family:宋体;font-size:12.0000pt;"&gt;对工作必须技能不熟悉，日常工作难以完成&lt;/span&gt;&lt;span style="font-family:宋体;font-size:12.0000pt;"&gt;&lt;/span&gt;\n				&lt;/p&gt;\n			&lt;/td&gt;\n			&lt;td width="75" valign="top" style="border:1.0000pt solid windowtext;"&gt;\n				&lt;p class="MsoNormal" align="center" style="text-align:center;"&gt;\n					&lt;span style="font-family:宋体;font-size:12.0000pt;"&gt;7以下&lt;/span&gt;&lt;span style="font-family:宋体;font-size:12.0000pt;"&gt;&lt;/span&gt;\n				&lt;/p&gt;\n			&lt;/td&gt;\n		&lt;/tr&gt;\n		&lt;tr&gt;\n			&lt;td width="126" valign="top" rowspan="5" style="border:1.0000pt solid windowtext;"&gt;\n				&lt;p class="MsoNormal"&gt;\n					&lt;span style="font-family:宋体;font-size:12.0000pt;"&gt;&nbsp;&lt;/span&gt;\n				&lt;/p&gt;\n				&lt;p class="MsoNormal"&gt;\n					&lt;span style="font-family:宋体;font-size:12.0000pt;"&gt;&nbsp;&lt;/span&gt;\n				&lt;/p&gt;\n				&lt;p class="MsoNormal" align="center" style="text-align:center;"&gt;\n					&lt;span style="font-family:宋体;font-size:12.0000pt;"&gt;工作态度与责任感15%&lt;/span&gt;&lt;span style="font-family:宋体;font-size:12.0000pt;"&gt;&lt;/span&gt;\n				&lt;/p&gt;\n			&lt;/td&gt;\n			&lt;td width="324" valign="top" style="border:1.0000pt solid windowtext;"&gt;\n				&lt;p class="MsoNormal"&gt;\n					&lt;span style="font-family:宋体;font-size:12.0000pt;"&gt;任劳任怨竭尽所能完成任务，经常性加班&lt;/span&gt;&lt;span style="font-family:宋体;font-size:12.0000pt;"&gt;&lt;/span&gt;\n				&lt;/p&gt;\n			&lt;/td&gt;\n			&lt;td width="75" valign="top" style="border:1.0000pt solid windowtext;"&gt;\n				&lt;p class="MsoNormal" align="center" style="text-align:center;"&gt;\n					&lt;span style="font-family:宋体;font-size:12.0000pt;"&gt;15&lt;/span&gt;&lt;span style="font-family:宋体;font-size:12.0000pt;"&gt;&lt;/span&gt;\n				&lt;/p&gt;\n			&lt;/td&gt;\n			&lt;td width="51" valign="top" rowspan="5" style="border:1.0000pt solid windowtext;"&gt;\n				&lt;p class="MsoNormal"&gt;\n					&lt;span style="font-family:宋体;font-size:12.0000pt;"&gt;&nbsp;&lt;/span&gt;\n				&lt;/p&gt;\n			&lt;/td&gt;\n		&lt;/tr&gt;\n		&lt;tr&gt;\n			&lt;td width="324" valign="top" style="border:1.0000pt solid windowtext;"&gt;\n				&lt;p class="MsoNormal"&gt;\n					&lt;span style="font-family:宋体;font-size:12.0000pt;"&gt;工作努力、主动，能较好的完成分内的工作&lt;/span&gt;&lt;span style="font-family:宋体;font-size:12.0000pt;"&gt;&lt;/span&gt;\n				&lt;/p&gt;\n			&lt;/td&gt;\n			&lt;td width="75" valign="top" style="border:1.0000pt solid windowtext;"&gt;\n				&lt;p class="MsoNormal" align="center" style="text-align:center;"&gt;\n					&lt;span style="font-family:宋体;font-size:12.0000pt;"&gt;13-14&lt;/span&gt;&lt;span style="font-family:宋体;font-size:12.0000pt;"&gt;&lt;/span&gt;\n				&lt;/p&gt;\n			&lt;/td&gt;\n		&lt;/tr&gt;\n		&lt;tr&gt;\n			&lt;td width="324" valign="top" style="border:1.0000pt solid windowtext;"&gt;\n				&lt;p class="MsoNormal"&gt;\n					&lt;span style="font-family:宋体;font-size:12.0000pt;"&gt;有责任心，能自动自发&lt;/span&gt;&lt;span style="font-family:宋体;font-size:12.0000pt;"&gt;&lt;/span&gt;\n				&lt;/p&gt;\n			&lt;/td&gt;\n			&lt;td width="75" valign="top" style="border:1.0000pt solid windowtext;"&gt;\n				&lt;p class="MsoNormal" align="center" style="text-align:center;"&gt;\n					&lt;span style="font-family:宋体;font-size:12.0000pt;"&gt;11-12&lt;/span&gt;&lt;span style="font-family:宋体;font-size:12.0000pt;"&gt;&lt;/span&gt;\n				&lt;/p&gt;\n			&lt;/td&gt;\n		&lt;/tr&gt;\n		&lt;tr&gt;\n			&lt;td width="324" valign="top" style="border:1.0000pt solid windowtext;"&gt;\n				&lt;p class="MsoNormal"&gt;\n					&lt;span style="font-family:宋体;font-size:12.0000pt;"&gt;交付的工作需要督促才能完成&lt;/span&gt;&lt;span style="font-family:宋体;font-size:12.0000pt;"&gt;&lt;/span&gt;\n				&lt;/p&gt;\n			&lt;/td&gt;\n			&lt;td width="75" valign="top" style="border:1.0000pt solid windowtext;"&gt;\n				&lt;p class="MsoNormal" align="center" style="text-align:center;"&gt;\n					&lt;span style="font-family:宋体;font-size:12.0000pt;"&gt;7-9&lt;/span&gt;&lt;span style="font-family:宋体;font-size:12.0000pt;"&gt;&lt;/span&gt;\n				&lt;/p&gt;\n			&lt;/td&gt;\n		&lt;/tr&gt;\n		&lt;tr&gt;\n			&lt;td width="324" valign="top" style="border:1.0000pt solid windowtext;"&gt;\n				&lt;p class="MsoNormal"&gt;\n					&lt;span style="font-family:宋体;font-size:12.0000pt;"&gt;敷衍了事，没有责任心，做事粗心大意&lt;/span&gt;&lt;span style="font-family:宋体;font-size:12.0000pt;"&gt;&lt;/span&gt;\n				&lt;/p&gt;\n			&lt;/td&gt;\n			&lt;td width="75" valign="top" style="border:1.0000pt solid windowtext;"&gt;\n				&lt;p class="MsoNormal" align="center" style="text-align:center;"&gt;\n					&lt;span style="font-family:宋体;font-size:12.0000pt;"&gt;7以下&lt;/span&gt;&lt;span style="font-family:宋体;font-size:12.0000pt;"&gt;&lt;/span&gt;\n				&lt;/p&gt;\n			&lt;/td&gt;\n		&lt;/tr&gt;\n		&lt;tr&gt;\n			&lt;td width="126" valign="top" rowspan="5" style="border:1.0000pt solid windowtext;"&gt;\n				&lt;p class="MsoNormal" align="center" style="text-align:center;"&gt;\n					&lt;span style="font-family:宋体;font-size:12.0000pt;"&gt;&nbsp;&lt;/span&gt;\n				&lt;/p&gt;\n				&lt;p class="MsoNormal" align="center" style="text-align:center;"&gt;\n					&lt;span style="font-family:宋体;font-size:12.0000pt;"&gt;&nbsp;&lt;/span&gt;\n				&lt;/p&gt;\n				&lt;p class="MsoNormal" align="center" style="text-align:center;"&gt;\n					&lt;span style="font-family:宋体;font-size:12.0000pt;"&gt;协调性10%&lt;/span&gt;&lt;span style="font-family:宋体;font-size:12.0000pt;"&gt;&lt;/span&gt;\n				&lt;/p&gt;\n			&lt;/td&gt;\n			&lt;td width="324" valign="top" style="border:1.0000pt solid windowtext;"&gt;\n				&lt;p class="MsoNormal"&gt;\n					&lt;span style="font-family:宋体;font-size:12.0000pt;"&gt;与人协调无间，为工作顺利完成，尽最大努力&lt;/span&gt;&lt;span style="font-family:宋体;font-size:12.0000pt;"&gt;&lt;/span&gt;\n				&lt;/p&gt;\n			&lt;/td&gt;\n			&lt;td width="75" valign="top" style="border:1.0000pt solid windowtext;"&gt;\n				&lt;p class="MsoNormal" align="center" style="text-align:center;"&gt;\n					&lt;span style="font-family:宋体;font-size:12.0000pt;"&gt;10&lt;/span&gt;&lt;span style="font-family:宋体;font-size:12.0000pt;"&gt;&lt;/span&gt;\n				&lt;/p&gt;\n			&lt;/td&gt;\n			&lt;td width="51" valign="top" rowspan="5" style="border:1.0000pt solid windowtext;"&gt;\n				&lt;p class="MsoNormal"&gt;\n					&lt;span style="font-family:宋体;font-size:12.0000pt;"&gt;&nbsp;&lt;/span&gt;\n				&lt;/p&gt;\n			&lt;/td&gt;\n		&lt;/tr&gt;\n		&lt;tr&gt;\n			&lt;td width="324" valign="top" style="border:1.0000pt solid windowtext;"&gt;\n				&lt;p class="MsoNormal"&gt;\n					&lt;span style="font-family:宋体;font-size:12.0000pt;"&gt;爱护团体，常协助别人&lt;/span&gt;&lt;span style="font-family:宋体;font-size:12.0000pt;"&gt;&lt;/span&gt;\n				&lt;/p&gt;\n			&lt;/td&gt;\n			&lt;td width="75" valign="top" style="border:1.0000pt solid windowtext;"&gt;\n				&lt;p class="MsoNormal" align="center" style="text-align:center;"&gt;\n					&lt;span style="font-family:宋体;font-size:12.0000pt;"&gt;8-9&lt;/span&gt;&lt;span style="font-family:宋体;font-size:12.0000pt;"&gt;&lt;/span&gt;\n				&lt;/p&gt;\n			&lt;/td&gt;\n		&lt;/tr&gt;\n		&lt;tr&gt;\n			&lt;td width="324" valign="top" style="border:1.0000pt solid windowtext;"&gt;\n				&lt;p class="MsoNormal"&gt;\n					&lt;span style="font-family:宋体;font-size:12.0000pt;"&gt;肯应他人要求帮助别人&lt;/span&gt;&lt;span style="font-family:宋体;font-size:12.0000pt;"&gt;&lt;/span&gt;\n				&lt;/p&gt;\n			&lt;/td&gt;\n			&lt;td width="75" valign="top" style="border:1.0000pt solid windowtext;"&gt;\n				&lt;p class="MsoNormal" align="center" style="text-align:center;"&gt;\n					&lt;span style="font-family:宋体;font-size:12.0000pt;"&gt;7&lt;/span&gt;&lt;span style="font-family:宋体;font-size:12.0000pt;"&gt;&lt;/span&gt;\n				&lt;/p&gt;\n			&lt;/td&gt;\n		&lt;/tr&gt;\n		&lt;tr&gt;\n			&lt;td width="324" valign="top" style="border:1.0000pt solid windowtext;"&gt;\n				&lt;p class="MsoNormal"&gt;\n					&lt;span style="font-family:宋体;font-size:12.0000pt;"&gt;仅在必要与人协调工作上与人合作&lt;/span&gt;&lt;span style="font-family:宋体;font-size:12.0000pt;"&gt;&lt;/span&gt;\n				&lt;/p&gt;\n			&lt;/td&gt;\n			&lt;td width="75" valign="top" style="border:1.0000pt solid windowtext;"&gt;\n				&lt;p class="MsoNormal" align="center" style="text-align:center;"&gt;\n					&lt;span style="font-family:宋体;font-size:12.0000pt;"&gt;5-6&lt;/span&gt;&lt;span style="font-family:宋体;font-size:12.0000pt;"&gt;&lt;/span&gt;\n				&lt;/p&gt;\n			&lt;/td&gt;\n		&lt;/tr&gt;\n		&lt;tr&gt;\n			&lt;td width="324" valign="top" style="border:1.0000pt solid windowtext;"&gt;\n				&lt;p class="MsoNormal"&gt;\n					&lt;span style="font-family:宋体;font-size:12.0000pt;"&gt;精神散漫，不肯与人合作&lt;/span&gt;&lt;span style="font-family:宋体;font-size:12.0000pt;"&gt;&lt;/span&gt;\n				&lt;/p&gt;\n			&lt;/td&gt;\n			&lt;td width="75" valign="top" style="border:1.0000pt solid windowtext;"&gt;\n				&lt;p class="MsoNormal" align="center" style="text-align:center;"&gt;\n					&lt;span style="font-family:宋体;font-size:12.0000pt;"&gt;5以下&lt;/span&gt;&lt;span style="font-family:宋体;font-size:12.0000pt;"&gt;&lt;/span&gt;\n				&lt;/p&gt;\n			&lt;/td&gt;\n		&lt;/tr&gt;\n		&lt;tr&gt;\n			&lt;td width="126" valign="top" rowspan="5" style="border:1.0000pt solid windowtext;"&gt;\n				&lt;p class="MsoNormal" align="center" style="text-align:center;"&gt;\n					&lt;span style="font-family:宋体;font-size:12.0000pt;"&gt;&nbsp;&lt;/span&gt;\n				&lt;/p&gt;\n				&lt;p class="MsoNormal" align="center" style="text-align:center;"&gt;\n					&lt;span style="font-family:宋体;font-size:12.0000pt;"&gt;&nbsp;&lt;/span&gt;\n				&lt;/p&gt;\n				&lt;p class="MsoNormal" align="center" style="text-align:center;"&gt;\n					&lt;span style="font-family:宋体;font-size:12.0000pt;"&gt;纪律性10%&lt;/span&gt;&lt;span style="font-family:宋体;font-size:12.0000pt;"&gt;&lt;/span&gt;\n				&lt;/p&gt;\n			&lt;/td&gt;\n			&lt;td width="324" valign="top" style="border:1.0000pt solid windowtext;"&gt;\n				&lt;p class="MsoNormal"&gt;\n					&lt;span style="font-family:宋体;font-size:12.0000pt;"&gt;自觉和维护公司各项制度，从不迟到早退&lt;/span&gt;&lt;span style="font-family:宋体;font-size:12.0000pt;"&gt;&lt;/span&gt;\n				&lt;/p&gt;\n			&lt;/td&gt;\n			&lt;td width="75" valign="top" style="border:1.0000pt solid windowtext;"&gt;\n				&lt;p class="MsoNormal" align="center" style="text-align:center;"&gt;\n					&lt;span style="font-family:宋体;font-size:12.0000pt;"&gt;10&lt;/span&gt;&lt;span style="font-family:宋体;font-size:12.0000pt;"&gt;&lt;/span&gt;\n				&lt;/p&gt;\n			&lt;/td&gt;\n			&lt;td width="51" valign="top" rowspan="5" style="border:1.0000pt solid windowtext;"&gt;\n				&lt;p class="MsoNormal"&gt;\n					&lt;span style="font-family:宋体;font-size:12.0000pt;"&gt;&nbsp;&lt;/span&gt;\n				&lt;/p&gt;\n			&lt;/td&gt;\n		&lt;/tr&gt;\n		&lt;tr&gt;\n			&lt;td width="324" valign="top" style="border:1.0000pt solid windowtext;"&gt;\n				&lt;p class="MsoNormal"&gt;\n					&lt;span style="font-family:宋体;font-size:12.0000pt;"&gt;能遵守公司规章制度，但需要&lt;/span&gt;&lt;span style="font-family:宋体;font-size:12.0000pt;"&gt;人监督&lt;/span&gt;&lt;span style="font-family:宋体;font-size:12.0000pt;"&gt;&lt;/span&gt;\n				&lt;/p&gt;\n			&lt;/td&gt;\n			&lt;td width="75" valign="top" style="border:1.0000pt solid windowtext;"&gt;\n				&lt;p class="MsoNormal" align="center" style="text-align:center;"&gt;\n					&lt;span style="font-family:宋体;font-size:12.0000pt;"&gt;8-9&lt;/span&gt;&lt;span style="font-family:宋体;font-size:12.0000pt;"&gt;&lt;/span&gt;\n				&lt;/p&gt;\n			&lt;/td&gt;\n		&lt;/tr&gt;\n		&lt;tr&gt;\n			&lt;td width="324" valign="top" style="border:1.0000pt solid windowtext;"&gt;\n				&lt;p class="MsoNormal"&gt;\n					&lt;span style="font-family:宋体;font-size:12.0000pt;"&gt;偶尔有迟到、早退，但工作兢兢业业&lt;/span&gt;&lt;span style="font-family:宋体;font-size:12.0000pt;"&gt;&lt;/span&gt;\n				&lt;/p&gt;\n			&lt;/td&gt;\n			&lt;td width="75" valign="top" style="border:1.0000pt solid windowtext;"&gt;\n				&lt;p class="MsoNormal" align="center" style="text-align:center;"&gt;\n					&lt;span style="font-family:宋体;font-size:12.0000pt;"&gt;7&lt;/span&gt;&lt;span style="font-family:宋体;font-size:12.0000pt;"&gt;&lt;/span&gt;\n				&lt;/p&gt;\n			&lt;/td&gt;\n		&lt;/tr&gt;\n		&lt;tr&gt;\n			&lt;td width="324" valign="top" style="border:1.0000pt solid windowtext;"&gt;\n				&lt;p class="MsoNormal"&gt;\n					&lt;span style="font-family:宋体;font-size:12.0000pt;"&gt;纪律观念不强，偶尔有违反公司规章制度&lt;/span&gt;&lt;span style="font-family:宋体;font-size:12.0000pt;"&gt;&lt;/span&gt;\n				&lt;/p&gt;\n			&lt;/td&gt;\n			&lt;td width="75" valign="top" style="border:1.0000pt solid windowtext;"&gt;\n				&lt;p class="MsoNormal" align="center" style="text-align:center;"&gt;\n					&lt;span style="font-family:宋体;font-size:12.0000pt;"&gt;5-6&lt;/span&gt;&lt;span style="font-family:宋体;font-size:12.0000pt;"&gt;&lt;/span&gt;\n				&lt;/p&gt;\n			&lt;/td&gt;\n		&lt;/tr&gt;\n		&lt;tr&gt;\n			&lt;td width="324" valign="top" style="border:1.0000pt solid windowtext;"&gt;\n				&lt;p class="MsoNormal"&gt;\n					&lt;span style="font-family:宋体;font-size:12.0000pt;"&gt;经常违反公司规章制度，被指正时态度傲慢&lt;/span&gt;&lt;span style="font-family:宋体;font-size:12.0000pt;"&gt;&lt;/span&gt;\n				&lt;/p&gt;\n			&lt;/td&gt;\n			&lt;td width="75" valign="top" style="border:1.0000pt solid windowtext;"&gt;\n				&lt;p class="MsoNormal" align="center" style="text-align:center;"&gt;\n					&lt;span style="font-family:宋体;font-size:12.0000pt;"&gt;5以下&lt;/span&gt;&lt;span style="font-family:宋体;font-size:12.0000pt;"&gt;&lt;/span&gt;\n				&lt;/p&gt;\n			&lt;/td&gt;\n		&lt;/tr&gt;\n	&lt;/tbody&gt;\n&lt;/table&gt;\n&lt;p class="MsoNormal"&gt;\n	&nbsp;\n&lt;/p&gt;\n&lt;p class="MsoNormal"&gt;\n	&nbsp;&nbsp;&nbsp;&nbsp;&nbsp;&nbsp;&nbsp;&nbsp;&nbsp;&nbsp;&nbsp;&nbsp;&nbsp;&nbsp;&nbsp;&nbsp;&nbsp;&nbsp;&nbsp;&nbsp;&nbsp;&nbsp;&nbsp;&nbsp;&nbsp;&nbsp;&nbsp;&nbsp;&nbsp;&nbsp;&nbsp;&nbsp;&nbsp;&nbsp;&nbsp;&nbsp;&nbsp;&nbsp;&nbsp;&nbsp;&nbsp;&nbsp;&nbsp;&nbsp;&nbsp;&nbsp;&nbsp;&nbsp;&nbsp;&nbsp;&nbsp;&nbsp;&nbsp;&nbsp;合计：&nbsp;&nbsp;&nbsp;&nbsp;&nbsp;&nbsp;&nbsp;&lt;span&gt;分&lt;/span&gt;\n&lt;/p&gt;\n&lt;p class="MsoNormal" style="text-indent:12.0000pt;"&gt;\n	&nbsp;\n&lt;/p&gt;\n&lt;p class="MsoNormal" align="justify" style="text-indent:12.0000pt;text-align:justify;"&gt;\n	注释：\n&lt;/p&gt;\n&lt;p class="MsoNormal" align="justify" style="text-indent:12.0000pt;text-align:justify;"&gt;\n	（一）有下列情况之一者的，可直接定位不合格人员，无考核机会:\n&lt;/p&gt;\n&lt;p class="MsoNormal" align="justify" style="margin-left:10.5000pt;text-indent:12.0000pt;text-align:justify;"&gt;\n	1、由于工作失误，造成不良后果或引起较大的影响者。\n&lt;/p&gt;\n&lt;p class="MsoNormal" align="justify" style="margin-left:10.5000pt;text-indent:12.0000pt;text-align:justify;"&gt;\n	2、考核期内每&lt;span&gt;月出勤未满&lt;/span&gt;15天者。\n&lt;/p&gt;\n&lt;p class="MsoNormal" align="justify" style="margin-left:0.0000pt;text-indent:12.0000pt;text-align:justify;"&gt;\n	（二）各部门考核要严格坚持标准，实事求是。\n&lt;/p&gt;\n&lt;p class="MsoNormal" align="justify" style="margin-left:0.0000pt;text-indent:12.0000pt;text-align:justify;"&gt;\n	（三）考核表需与“薪资调整申请表”同时提交，“薪资调整申请表”通过与否依&lt;span&gt;据：考核得分&lt;/span&gt;+部门经理意见与审核+人事意见与审核。\n&lt;/p&gt;\n&lt;p class="MsoNormal" align="justify" style="margin-left:0.0000pt;text-indent:12.0000pt;text-align:justify;"&gt;\n	（四）本部门评选优秀员工可参考此表。\n	&lt;p class="MsoNormal" align="justify" style="margin-left:15.7500pt;text-align:justify;"&gt;\n		1、考核办法部门经理需在本部门讲述。\n	&lt;/p&gt;\n	&lt;p class="MsoNormal" align="justify" style="margin-left:15.7500pt;text-align:justify;"&gt;\n		2、考核材料经部门领导签字后提交人事处。\n	&lt;/p&gt;\n	&lt;p class="MsoNormal" align="justify" style="margin-left:15.7500pt;text-align:justify;"&gt;\n		3、考核表得分不是最终考核结果。\n	&lt;/p&gt;\n	&lt;p class="MsoNormal" align="justify" style="margin-left:15.7500pt;text-align:justify;"&gt;\n		4、经经理审核与人事审核，总经理签字，公布考核结果，考核结果由人事处公布。\n	&lt;/p&gt;\n	&lt;p class="MsoNormal" align="justify" style="text-align:justify;"&gt;\n		&lt;b&gt;&lt;span&gt;第四条&lt;/span&gt; &lt;/b&gt;&lt;b&gt;附&lt;/b&gt;&lt;b&gt;&nbsp;&lt;/b&gt;&lt;b&gt;则&lt;/b&gt;&nbsp;\n	&lt;/p&gt;\n	&lt;p class="MsoNormal" align="justify" style="margin-left:0.0000pt;text-indent:0.0000pt;text-align:justify;"&gt;\n		1、本管理规定起草、解释与修订解释权属行政部。 &nbsp;\n	&lt;/p&gt;\n	&lt;p class="MsoNormal" align="justify" style="margin-left:0.0000pt;text-indent:0.0000pt;text-align:justify;"&gt;\n		2、本规定由公司会议通过&lt;span&gt;后执行。&lt;/span&gt; \n	&lt;/p&gt;\n	&lt;p class="MsoNormal" align="justify" style="margin-left:0.0000pt;text-indent:0.0000pt;text-align:justify;"&gt;\n		3、本制度2018年1月1日起开始执行。凡与本制度相冲突的文件与规定即行废止。\n	&lt;/p&gt;\n	&lt;p class="MsoNormal"&gt;\n		&nbsp;\n	&lt;/p&gt;\n&lt;/p&gt;', 0, 2, NULL, 1516428770000, NULL, NULL),
	(13, '关于公司搬家通知', NULL, NULL, '公司搬家注意事宜', '&lt;p class="MsoNormal"&gt;\n	&lt;span&gt;（一）搬家时间：&lt;/span&gt;2018&lt;span&gt;年&lt;/span&gt;&lt;span&gt;1&lt;/span&gt;&lt;span&gt;月&lt;/span&gt;&lt;span&gt;31&lt;/span&gt;&lt;span&gt;日（周三）&lt;/span&gt; \n&lt;/p&gt;\n&lt;p class="MsoNormal"&gt;\n	&lt;br /&gt;\n&lt;/p&gt;\n&lt;p class="MsoNormal"&gt;\n	（二）搬家注意事项：\n&lt;/p&gt;\n&lt;p class="MsoNormal"&gt;\n	&lt;br /&gt;\n&lt;/p&gt;\n&lt;p class="MsoNormal"&gt;\n	1、&lt;span&gt;各部门清点好本部门的物品，公共物品准备好打包纸箱打包，贴上利贴纸注明部门，个人物品（如电脑显示屏、主机）贴上便利贴纸注明部门&lt;/span&gt;+&lt;span&gt;姓名，以免混淆。&lt;/span&gt;没有用处的物品提前清理掉。\n&lt;/p&gt;\n&lt;p class="MsoNormal"&gt;\n	&lt;br /&gt;\n&lt;/p&gt;\n&lt;p class="MsoNormal" style="margin-left:0.0000pt;text-indent:0.0000pt;"&gt;\n	2、&lt;span&gt;新公司地址：江西省南昌市青云谱区新地路以南、金鹰路以北昌南工业园&lt;/span&gt;B-04&lt;span&gt;地块（&lt;/span&gt;具体位置公司微信群会提前发定位）\n&lt;/p&gt;\n&lt;p class="MsoNormal"&gt;\n	&lt;br /&gt;\n&lt;/p&gt;\n&lt;p class="MsoNormal" style="margin-left:0.0000pt;text-indent:0.0000pt;"&gt;\n	3、安全第一，在搬家时大家要注意安全。\n&lt;/p&gt;\n&lt;p class="MsoNormal"&gt;\n	&lt;br /&gt;\n&lt;/p&gt;\n&lt;p class="MsoNormal"&gt;\n	&lt;br /&gt;\n&lt;/p&gt;\n&lt;p class="MsoNormal"&gt;\n	&lt;br /&gt;\n&lt;/p&gt;\n&lt;p class="MsoNormal"&gt;\n	&lt;br /&gt;\n&lt;/p&gt;\n&lt;p class="MsoNormal"&gt;\n	&lt;span&gt;行政部&lt;/span&gt; \n&lt;/p&gt;\n&lt;p class="MsoNormal"&gt;\n	&lt;br /&gt;\n&lt;/p&gt;\n&lt;p class="MsoNormal"&gt;\n	2018&lt;span&gt;年&lt;/span&gt;&lt;span&gt;1&lt;/span&gt;&lt;span&gt;月&lt;/span&gt;&lt;span&gt;24&lt;/span&gt;&lt;span&gt;日&lt;/span&gt; \n&lt;/p&gt;', 0, 1, NULL, 1516762714000, NULL, NULL),
	(14, '2018年作息时间调整通知公告', '艾鹏鹏', NULL, '', '&lt;p class="MsoNormal" align="center" style="text-align:center;"&gt;\n	&lt;b&gt;2018&lt;span&gt;年作息时间调整通知公告&lt;/span&gt;&lt;/b&gt;&lt;b&gt;&lt;/b&gt;\n&lt;/p&gt;\n&lt;p class="MsoNormal" align="center" style="text-align:center;"&gt;\n	&lt;b&gt;&nbsp;&lt;/b&gt;\n&lt;/p&gt;\n&lt;p class="MsoNormal" style="text-indent:32.0000pt;"&gt;\n	经公司研究决定，为了使我司员工合理安排作息时光，做到劳逸结合，提高工作效率，特调整工作上班时间及休息时间，具体调整事宜及要求通知如下：\n&lt;/p&gt;\n&lt;p class="MsoNormal"&gt;\n	&lt;span&gt;自&lt;/span&gt;2018&lt;span&gt;年&lt;/span&gt;&lt;span&gt;3&lt;/span&gt;&lt;span&gt;月&lt;/span&gt;&lt;span&gt;1&lt;/span&gt;&lt;span&gt;日起，作息时间调整为&lt;/span&gt;&lt;span&gt;:&lt;/span&gt;\n&lt;/p&gt;\n&lt;p class="MsoNormal" style="text-indent:32.0000pt;"&gt;\n	&lt;span&gt;上班时间为：&lt;/span&gt;9&lt;span&gt;：&lt;/span&gt;&lt;span&gt;00-12:00 &nbsp;&nbsp;13:30-18:00&lt;/span&gt;\n&lt;/p&gt;\n&lt;p class="MsoNormal" style="text-indent:32.0000pt;"&gt;\n	休息时间为：单双休轮休制（一周单休，一周双休）\n&lt;/p&gt;\n&lt;p class="MsoNormal" style="text-indent:30.0000pt;"&gt;\n	特此通知！\n&lt;/p&gt;\n&lt;p class="MsoNormal" style="text-indent:30.0000pt;"&gt;\n	&nbsp;&nbsp;&nbsp;&nbsp;&nbsp;&nbsp;&nbsp;&nbsp;&nbsp;&nbsp;&nbsp;&nbsp;&nbsp;&nbsp;&nbsp;&nbsp;&nbsp;&nbsp;&nbsp;&nbsp;&nbsp;&nbsp;&nbsp;&nbsp;&nbsp;&nbsp;&nbsp;&nbsp;&nbsp;\n&lt;/p&gt;\n&lt;p class="MsoNormal" style="text-indent:30.0000pt;"&gt;\n	&nbsp;&nbsp;&nbsp;&nbsp;&nbsp;&nbsp;&nbsp;&nbsp;&nbsp;&nbsp;&nbsp;&nbsp;&nbsp;&nbsp;&nbsp;&nbsp;&nbsp;&nbsp;&nbsp;&nbsp;&nbsp;&nbsp;&nbsp;&nbsp;&nbsp;&nbsp;&nbsp;&nbsp;&nbsp;&nbsp;&nbsp;&nbsp;&nbsp;&nbsp;&nbsp;&nbsp;&nbsp;&nbsp;行政部\n&lt;/p&gt;\n&lt;p class="MsoNormal" style="text-indent:30.0000pt;"&gt;\n	&nbsp;&nbsp;&nbsp;&nbsp;&nbsp;&nbsp;&nbsp;&nbsp;&nbsp;&nbsp;&nbsp;&nbsp;&nbsp;&nbsp;&nbsp;&nbsp;&nbsp;&nbsp;&nbsp;&nbsp;&nbsp;&nbsp;&nbsp;&nbsp;&nbsp;&nbsp;&nbsp;&nbsp;&nbsp;&nbsp;&nbsp;2018&lt;span&gt;年&lt;/span&gt;&lt;span&gt;1&lt;/span&gt;&lt;span&gt;月&lt;/span&gt;&lt;span&gt;24&lt;/span&gt;&lt;span&gt;日&lt;/span&gt;\n&lt;/p&gt;', 0, 1, NULL, 1516779053000, NULL, NULL),
	(15, '仓储供应链系统功能需求表', '艾鹏鹏', NULL, '仓储供应链系统功能需求表', '&lt;p class="MsoNormal" align="left"&gt;\n	&lt;b&gt;1&lt;/b&gt;&lt;b&gt;、用户端（微信端）&lt;span&gt;&lt;/span&gt;&lt;/b&gt;\n&lt;/p&gt;\n&lt;table class="MsoNormalTable" border="1" cellspacing="0" cellpadding="0" align="left" width="99%" style="border:none;"&gt;\n	&lt;tbody&gt;\n		&lt;tr&gt;\n			&lt;td width="10%" valign="top" style="border:solid black 1.0pt;"&gt;\n				&lt;p class="MsoNormal" align="center" style="text-align:center;"&gt;\n					&lt;b&gt;&lt;span style="font-family:宋体;"&gt;一级模块&lt;span&gt;&lt;/span&gt;&lt;/span&gt;&lt;/b&gt;\n				&lt;/p&gt;\n			&lt;/td&gt;\n			&lt;td width="18%" valign="top" style="border:solid black 1.0pt;"&gt;\n				&lt;p class="MsoNormal" align="center" style="text-align:center;"&gt;\n					&lt;b&gt;&lt;span style="font-family:宋体;"&gt;二级模块&lt;span&gt;&lt;/span&gt;&lt;/span&gt;&lt;/b&gt;\n				&lt;/p&gt;\n			&lt;/td&gt;\n			&lt;td width="13%" valign="top" style="border:solid black 1.0pt;"&gt;\n				&lt;p class="MsoNormal" align="center" style="text-align:center;"&gt;\n					&lt;b&gt;&lt;span style="font-family:宋体;"&gt;三级模块&lt;span&gt;&lt;/span&gt;&lt;/span&gt;&lt;/b&gt;\n				&lt;/p&gt;\n			&lt;/td&gt;\n			&lt;td width="56%" valign="top" style="border:solid black 1.0pt;"&gt;\n				&lt;p class="MsoNormal" align="center" style="text-align:center;"&gt;\n					&lt;b&gt;&lt;span style="font-family:宋体;"&gt;备注&lt;span&gt;&lt;/span&gt;&lt;/span&gt;&lt;/b&gt;\n				&lt;/p&gt;\n			&lt;/td&gt;\n		&lt;/tr&gt;\n		&lt;tr&gt;\n			&lt;td width="10%" rowspan="6" valign="top" style="border:solid black 1.0pt;"&gt;\n				&lt;p class="MsoNormal" align="center" style="text-align:center;"&gt;\n					&lt;b&gt;&lt;span style="font-family:宋体;"&gt;&nbsp;&lt;/span&gt;&lt;/b&gt;\n				&lt;/p&gt;\n				&lt;p class="MsoNormal" align="center" style="text-align:center;"&gt;\n					&lt;b&gt;&lt;span style="font-family:宋体;"&gt;&nbsp;&lt;/span&gt;&lt;/b&gt;\n				&lt;/p&gt;\n				&lt;p class="MsoNormal" align="center" style="text-align:center;"&gt;\n					&lt;b&gt;&lt;span style="font-family:宋体;"&gt;&nbsp;&lt;/span&gt;&lt;/b&gt;\n				&lt;/p&gt;\n				&lt;p class="MsoNormal" align="center" style="text-align:center;"&gt;\n					&lt;b&gt;&lt;span style="font-family:宋体;"&gt;首页&lt;span&gt;&lt;/span&gt;&lt;/span&gt;&lt;/b&gt;\n				&lt;/p&gt;\n			&lt;/td&gt;\n			&lt;td width="18%" valign="top" style="border:solid black 1.0pt;"&gt;\n				&lt;p class="MsoNormal" align="center" style="text-align:center;"&gt;\n					&lt;span style="font-family:宋体;"&gt;搜索&lt;span&gt;&lt;/span&gt;&lt;/span&gt;\n				&lt;/p&gt;\n			&lt;/td&gt;\n			&lt;td width="13%" valign="top" style="border:solid black 1.0pt;"&gt;\n				&lt;p class="MsoNormal"&gt;\n					&lt;span style="font-family:宋体;"&gt;&nbsp;&lt;/span&gt;\n				&lt;/p&gt;\n			&lt;/td&gt;\n			&lt;td width="56%" valign="top" style="border:solid black 1.0pt;"&gt;\n				&lt;p class="MsoNormal" style="margin-left:18.0pt;text-indent:-18.0pt;"&gt;\n					&lt;span style="font-family:宋体;"&gt;1、&lt;span style="font-size:7pt;line-height:normal;font-family:&quot;"&gt; &lt;/span&gt;&lt;/span&gt;&lt;span style="font-family:宋体;"&gt;通过商品名称可以进行模糊搜索&lt;span&gt;&lt;/span&gt;&lt;/span&gt;\n				&lt;/p&gt;\n				&lt;p class="MsoNormal" style="margin-left:18.0pt;text-indent:-18.0pt;"&gt;\n					&lt;span style="font-family:宋体;"&gt;2、&lt;span style="font-size:7pt;line-height:normal;font-family:&quot;"&gt; &lt;/span&gt;&lt;/span&gt;&lt;span style="font-family:宋体;"&gt;搜索页面有热门搜索和历史搜索&lt;span&gt;&lt;/span&gt;&lt;/span&gt;\n				&lt;/p&gt;\n			&lt;/td&gt;\n		&lt;/tr&gt;\n		&lt;tr&gt;\n			&lt;td width="18%" valign="top" style="border:solid black 1.0pt;"&gt;\n				&lt;p class="MsoNormal" align="center" style="text-align:center;"&gt;\n					&lt;span style="font-family:宋体;"&gt;消息提醒&lt;span&gt;&lt;/span&gt;&lt;/span&gt;\n				&lt;/p&gt;\n			&lt;/td&gt;\n			&lt;td width="13%" valign="top" style="border:solid black 1.0pt;"&gt;\n				&lt;p class="MsoNormal"&gt;\n					&lt;span style="font-family:宋体;"&gt;&nbsp;&lt;/span&gt;\n				&lt;/p&gt;\n			&lt;/td&gt;\n			&lt;td width="56%" valign="top" style="border:solid black 1.0pt;"&gt;\n				&lt;p class="MsoNormal"&gt;\n					&lt;span style="font-family:宋体;"&gt;有新品上架、下单、退货等消息通知&lt;span&gt;&lt;/span&gt;&lt;/span&gt;\n				&lt;/p&gt;\n			&lt;/td&gt;\n		&lt;/tr&gt;\n		&lt;tr&gt;\n			&lt;td width="18%" valign="top" style="border:solid black 1.0pt;"&gt;\n				&lt;p class="MsoNormal" align="center" style="text-align:center;"&gt;\n					&lt;span style="line-height:150%;font-family:宋体;"&gt;幻灯片专区&lt;/span&gt;&lt;span style="font-family:宋体;"&gt;&lt;/span&gt;\n				&lt;/p&gt;\n			&lt;/td&gt;\n			&lt;td width="13%" valign="top" style="border:solid black 1.0pt;"&gt;\n				&lt;p class="MsoNormal"&gt;\n					&lt;span style="font-family:宋体;"&gt;&nbsp;&lt;/span&gt;\n				&lt;/p&gt;\n			&lt;/td&gt;\n			&lt;td width="56%" valign="top" style="border:solid black 1.0pt;"&gt;\n				&lt;p class="MsoNormal"&gt;\n					&lt;span style="line-height:150%;font-family:宋体;"&gt;3&lt;/span&gt;&lt;span style="line-height:150%;font-family:宋体;"&gt;张商城广告图片轮流切换，方便主站进行活动推广营销&lt;/span&gt;&lt;span style="font-family:宋体;"&gt;&lt;/span&gt;\n				&lt;/p&gt;\n			&lt;/td&gt;\n		&lt;/tr&gt;\n		&lt;tr&gt;\n			&lt;td width="18%" valign="top" style="border:solid black 1.0pt;"&gt;\n				&lt;p class="MsoNormal" align="center" style="text-align:center;"&gt;\n					&lt;span style="font-family:宋体;"&gt;商品分类&lt;/span&gt;&lt;span style="line-height:150%;font-family:宋体;"&gt;&lt;/span&gt;\n				&lt;/p&gt;\n			&lt;/td&gt;\n			&lt;td width="13%" valign="top" style="border:solid black 1.0pt;"&gt;\n				&lt;p class="MsoNormal"&gt;\n					&lt;span style="font-family:宋体;"&gt;&nbsp;&lt;/span&gt;\n				&lt;/p&gt;\n			&lt;/td&gt;\n			&lt;td width="56%" valign="top" style="border:solid black 1.0pt;"&gt;\n				&lt;p class="MsoNormal"&gt;\n					&lt;span style="font-family:宋体;"&gt;按不同分类进行展示（可以多级分类）&lt;/span&gt;&lt;span style="line-height:150%;font-family:宋体;"&gt;&lt;/span&gt;\n				&lt;/p&gt;\n			&lt;/td&gt;\n		&lt;/tr&gt;\n		&lt;tr&gt;\n			&lt;td width="18%" valign="top" style="border:solid black 1.0pt;"&gt;\n				&lt;p class="MsoNormal" align="center" style="text-align:center;"&gt;\n					&lt;span style="font-family:宋体;"&gt;商品展示&lt;/span&gt;&lt;span style="line-height:150%;font-family:宋体;"&gt;&lt;/span&gt;\n				&lt;/p&gt;\n			&lt;/td&gt;\n			&lt;td width="13%" valign="top" style="border:solid black 1.0pt;"&gt;\n				&lt;p class="MsoNormal"&gt;\n					&lt;span style="font-family:宋体;"&gt;&nbsp;&lt;/span&gt;\n				&lt;/p&gt;\n			&lt;/td&gt;\n			&lt;td width="56%" valign="top" style="border:solid black 1.0pt;"&gt;\n				&lt;p class="MsoNormal"&gt;\n					&lt;span style="font-family:宋体;"&gt;展示产品基本信息（主图、名称、规格、购物小图）&lt;/span&gt;&lt;span style="line-height:150%;font-family:宋体;"&gt;&lt;/span&gt;\n				&lt;/p&gt;\n			&lt;/td&gt;\n		&lt;/tr&gt;\n		&lt;tr&gt;\n			&lt;td width="18%" valign="top" style="border:solid black 1.0pt;"&gt;\n				&lt;p class="MsoNormal" align="center" style="text-align:center;"&gt;\n					&lt;span style="font-family:宋体;"&gt;底部导航&lt;span&gt;&lt;/span&gt;&lt;/span&gt;\n				&lt;/p&gt;\n			&lt;/td&gt;\n			&lt;td width="13%" valign="top" style="border:solid black 1.0pt;"&gt;\n				&lt;p class="MsoNormal"&gt;\n					&lt;span style="font-family:宋体;"&gt;&nbsp;&lt;/span&gt;\n				&lt;/p&gt;\n			&lt;/td&gt;\n			&lt;td width="56%" valign="top" style="border:solid black 1.0pt;"&gt;\n				&lt;p class="MsoNormal"&gt;\n					&lt;span style="font-family:宋体;"&gt;首页、常用清单、购物车、我的&lt;span&gt;&lt;/span&gt;&lt;/span&gt;\n				&lt;/p&gt;\n			&lt;/td&gt;\n		&lt;/tr&gt;\n		&lt;tr&gt;\n			&lt;td width="10%" valign="top" style="border:solid black 1.0pt;"&gt;\n				&lt;p class="MsoNormal" align="center" style="text-align:center;"&gt;\n					&lt;b&gt;&lt;span style="font-family:宋体;"&gt;常用清单&lt;span&gt;&lt;/span&gt;&lt;/span&gt;&lt;/b&gt;\n				&lt;/p&gt;\n			&lt;/td&gt;\n			&lt;td width="18%" valign="top" style="border:solid black 1.0pt;"&gt;\n				&lt;p class="MsoNormal" align="center" style="text-align:center;"&gt;\n					&lt;span style="font-family:宋体;"&gt;&nbsp;&lt;/span&gt;\n				&lt;/p&gt;\n			&lt;/td&gt;\n			&lt;td width="13%" valign="top" style="border:solid black 1.0pt;"&gt;\n				&lt;p class="MsoNormal"&gt;\n					&lt;span style="font-family:宋体;"&gt;&nbsp;&lt;/span&gt;\n				&lt;/p&gt;\n			&lt;/td&gt;\n			&lt;td width="56%" valign="top" style="border:solid black 1.0pt;"&gt;\n				&lt;p class="MsoNormal"&gt;\n					&lt;span style="font-family:宋体;"&gt;经常购买的订单列表&lt;span&gt;&lt;/span&gt;&lt;/span&gt;\n				&lt;/p&gt;\n			&lt;/td&gt;\n		&lt;/tr&gt;\n		&lt;tr&gt;\n			&lt;td width="10%" rowspan="6" valign="top" style="border:solid black 1.0pt;"&gt;\n				&lt;p class="MsoNormal" align="center" style="text-align:center;"&gt;\n					&lt;b&gt;&lt;span style="font-family:宋体;"&gt;&nbsp;&lt;/span&gt;&lt;/b&gt;\n				&lt;/p&gt;\n				&lt;p class="MsoNormal" align="center" style="text-align:center;"&gt;\n					&lt;b&gt;&lt;span style="font-family:宋体;"&gt;&nbsp;&lt;/span&gt;&lt;/b&gt;\n				&lt;/p&gt;\n				&lt;p class="MsoNormal" align="center" style="text-align:center;"&gt;\n					&lt;b&gt;&lt;span style="font-family:宋体;"&gt;购物车&lt;span&gt;&lt;/span&gt;&lt;/span&gt;&lt;/b&gt;\n				&lt;/p&gt;\n			&lt;/td&gt;\n			&lt;td width="18%" valign="top" style="border:solid black 1.0pt;"&gt;\n				&lt;p class="MsoNormal" align="center" style="text-align:center;"&gt;\n					&lt;span style="font-family:宋体;"&gt;用户登录&lt;span&gt;&lt;/span&gt;&lt;/span&gt;\n				&lt;/p&gt;\n			&lt;/td&gt;\n			&lt;td width="13%" valign="top" style="border:solid black 1.0pt;"&gt;\n				&lt;p class="MsoNormal"&gt;\n					&lt;span style="font-family:宋体;"&gt;&nbsp;&lt;/span&gt;\n				&lt;/p&gt;\n			&lt;/td&gt;\n			&lt;td width="56%" valign="top" style="border:solid black 1.0pt;"&gt;\n				&lt;p class="MsoNormal"&gt;\n					&lt;span style="font-family:宋体;"&gt;用户第一次登录时要通过用户名和密码，同时登录后绑定微信&lt;span&gt;&lt;/span&gt;&lt;/span&gt;\n				&lt;/p&gt;\n			&lt;/td&gt;\n		&lt;/tr&gt;\n		&lt;tr&gt;\n			&lt;td width="18%" valign="top" style="border:solid black 1.0pt;"&gt;\n				&lt;p class="MsoNormal" align="center" style="text-align:center;"&gt;\n					&lt;span style="font-family:宋体;"&gt;加入购物车&lt;span&gt;&lt;/span&gt;&lt;/span&gt;\n				&lt;/p&gt;\n			&lt;/td&gt;\n			&lt;td width="13%" valign="top" style="border:solid black 1.0pt;"&gt;\n				&lt;p class="MsoNormal"&gt;\n					&lt;span style="font-family:宋体;"&gt;&nbsp;&lt;/span&gt;\n				&lt;/p&gt;\n			&lt;/td&gt;\n			&lt;td width="56%" valign="top" style="border:solid black 1.0pt;"&gt;\n				&lt;p class="MsoNormal"&gt;\n					&lt;span style="font-family:宋体;"&gt;可以把商品加入购物车（如果为空购物车，要有友好提示页面）&lt;span&gt;&lt;/span&gt;&lt;/span&gt;\n				&lt;/p&gt;\n				&lt;p class="MsoNormal"&gt;\n					&lt;span style="font-family:宋体;"&gt;购物车操作状态：可以修改数量和删除商品。&lt;span&gt;&lt;/span&gt;&lt;/span&gt;\n				&lt;/p&gt;\n			&lt;/td&gt;\n		&lt;/tr&gt;\n		&lt;tr&gt;\n			&lt;td width="18%" rowspan="4" valign="top" style="border:solid black 1.0pt;"&gt;\n				&lt;p class="MsoNormal" align="center" style="text-align:center;"&gt;\n					&lt;span style="font-family:宋体;"&gt;订单确认&lt;span&gt;&lt;/span&gt;&lt;/span&gt;\n				&lt;/p&gt;\n			&lt;/td&gt;\n			&lt;td width="13%" valign="top" style="border:solid black 1.0pt;"&gt;\n				&lt;p class="MsoNormal"&gt;\n					&lt;span style="font-family:宋体;"&gt;收货信息&lt;span&gt;&lt;/span&gt;&lt;/span&gt;\n				&lt;/p&gt;\n			&lt;/td&gt;\n			&lt;td width="56%" valign="top" style="border:solid black 1.0pt;"&gt;\n				&lt;p class="MsoNormal"&gt;\n					&lt;span style="font-family:宋体;"&gt;收货人、手机号、新增收货地址—选择收货地址或修改&lt;span&gt;&lt;/span&gt;&lt;/span&gt;\n				&lt;/p&gt;\n			&lt;/td&gt;\n		&lt;/tr&gt;\n		&lt;tr&gt;\n			&lt;td width="13%" valign="top" style="border:solid black 1.0pt;"&gt;\n				&lt;p class="MsoNormal"&gt;\n					&lt;span style="font-family:宋体;"&gt;商品信息&lt;span&gt;&lt;/span&gt;&lt;/span&gt;\n				&lt;/p&gt;\n			&lt;/td&gt;\n			&lt;td width="56%" valign="top" style="border:solid black 1.0pt;"&gt;\n				&lt;p class="MsoNormal"&gt;\n					&lt;span style="font-family:宋体;"&gt;确认核对商品信息&lt;span&gt;&lt;/span&gt;&lt;/span&gt;\n				&lt;/p&gt;\n			&lt;/td&gt;\n		&lt;/tr&gt;\n		&lt;tr&gt;\n			&lt;td width="13%" valign="top" style="border:solid black 1.0pt;"&gt;\n				&lt;p class="MsoNormal"&gt;\n					&lt;span style="font-family:宋体;"&gt;配送时间&lt;span&gt;&lt;/span&gt;&lt;/span&gt;\n				&lt;/p&gt;\n			&lt;/td&gt;\n			&lt;td width="56%" valign="top" style="border:solid black 1.0pt;"&gt;\n				&lt;p class="MsoNormal"&gt;\n					&lt;span style="font-family:宋体;"&gt;选择配送时间&lt;span&gt;&lt;/span&gt;&lt;/span&gt;\n				&lt;/p&gt;\n			&lt;/td&gt;\n		&lt;/tr&gt;\n		&lt;tr&gt;\n			&lt;td width="13%" valign="top" style="border:solid black 1.0pt;"&gt;\n				&lt;p class="MsoNormal"&gt;\n					&lt;span style="font-family:宋体;"&gt;其他信息&lt;span&gt;&lt;/span&gt;&lt;/span&gt;\n				&lt;/p&gt;\n			&lt;/td&gt;\n			&lt;td width="56%" valign="top" style="border:solid black 1.0pt;"&gt;\n				&lt;p class="MsoNormal"&gt;\n					&lt;span style="font-family:宋体;"&gt;备注说明&lt;span&gt;&lt;/span&gt;&lt;/span&gt;\n				&lt;/p&gt;\n			&lt;/td&gt;\n		&lt;/tr&gt;\n		&lt;tr&gt;\n			&lt;td width="10%" rowspan="7" valign="top" style="border:solid black 1.0pt;"&gt;\n				&lt;p class="MsoNormal" align="center" style="text-align:center;"&gt;\n					&lt;b&gt;&lt;span style="font-family:宋体;"&gt;&nbsp;&lt;/span&gt;&lt;/b&gt;\n				&lt;/p&gt;\n				&lt;p class="MsoNormal" align="center" style="text-align:center;"&gt;\n					&lt;b&gt;&lt;span style="font-family:宋体;"&gt;&nbsp;&lt;/span&gt;&lt;/b&gt;\n				&lt;/p&gt;\n				&lt;p class="MsoNormal" align="center" style="text-align:center;"&gt;\n					&lt;b&gt;&lt;span style="font-family:宋体;"&gt;我的&lt;span&gt;&lt;/span&gt;&lt;/span&gt;&lt;/b&gt;\n				&lt;/p&gt;\n			&lt;/td&gt;\n			&lt;td width="18%" valign="top" style="border:solid black 1.0pt;"&gt;\n				&lt;p class="MsoNormal" align="center" style="text-align:center;"&gt;\n					&lt;span style="font-family:宋体;"&gt;基本资料&lt;span&gt;&lt;/span&gt;&lt;/span&gt;\n				&lt;/p&gt;\n			&lt;/td&gt;\n			&lt;td width="13%" valign="top" style="border:solid black 1.0pt;"&gt;\n				&lt;p class="MsoNormal"&gt;\n					&lt;span style="font-family:宋体;"&gt;&nbsp;&lt;/span&gt;\n				&lt;/p&gt;\n			&lt;/td&gt;\n			&lt;td width="56%" valign="top" style="border:solid black 1.0pt;"&gt;\n				&lt;p class="MsoNormal"&gt;\n					&lt;span style="font-family:宋体;"&gt;获取到的微信头像和呢称&lt;span&gt;&lt;/span&gt;&lt;/span&gt;\n				&lt;/p&gt;\n			&lt;/td&gt;\n		&lt;/tr&gt;\n		&lt;tr&gt;\n			&lt;td width="18%" valign="top" style="border:solid black 1.0pt;"&gt;\n				&lt;p class="MsoNormal" align="center" style="text-align:center;"&gt;\n					&lt;span style="font-family:宋体;"&gt;订单管理&lt;span&gt;&lt;/span&gt;&lt;/span&gt;\n				&lt;/p&gt;\n			&lt;/td&gt;\n			&lt;td width="13%" valign="top" style="border:solid black 1.0pt;"&gt;\n				&lt;p class="MsoNormal"&gt;\n					&lt;span style="font-family:宋体;"&gt;&nbsp;&lt;/span&gt;\n				&lt;/p&gt;\n			&lt;/td&gt;\n			&lt;td width="56%" valign="top" style="border:solid black 1.0pt;"&gt;\n				&lt;p class="MsoNormal"&gt;\n					&lt;span style="line-height:150%;font-family:宋体;"&gt;可以查看到我购买的商品订单，分为待发货、配送中、待付款、退货&lt;/span&gt;&lt;span style="font-family:宋体;"&gt;&lt;/span&gt;\n				&lt;/p&gt;\n			&lt;/td&gt;\n		&lt;/tr&gt;\n		&lt;tr&gt;\n			&lt;td width="18%" valign="top" style="border:solid black 1.0pt;"&gt;\n				&lt;p class="MsoNormal" align="center" style="text-align:center;"&gt;\n					&lt;span style="font-family:宋体;"&gt;我的结算&lt;span&gt;&lt;/span&gt;&lt;/span&gt;\n				&lt;/p&gt;\n			&lt;/td&gt;\n			&lt;td width="13%" valign="top" style="border:solid black 1.0pt;"&gt;\n				&lt;p class="MsoNormal"&gt;\n					&lt;span style="font-family:宋体;"&gt;&nbsp;&lt;/span&gt;\n				&lt;/p&gt;\n			&lt;/td&gt;\n			&lt;td width="56%" valign="top" style="border:solid black 1.0pt;"&gt;\n				&lt;p class="MsoNormal"&gt;\n					&lt;span style="line-height:150%;font-family:宋体;"&gt;用户线下结算后生成的记录&lt;span&gt;&lt;/span&gt;&lt;/span&gt;\n				&lt;/p&gt;\n			&lt;/td&gt;\n		&lt;/tr&gt;\n		&lt;tr&gt;\n			&lt;td width="18%" valign="top" style="border:solid black 1.0pt;"&gt;\n				&lt;p class="MsoNormal" align="center" style="text-align:center;"&gt;\n					&lt;span style="font-family:宋体;"&gt;收货地址&lt;span&gt;&lt;/span&gt;&lt;/span&gt;\n				&lt;/p&gt;\n			&lt;/td&gt;\n			&lt;td width="13%" valign="top" style="border:solid black 1.0pt;"&gt;\n				&lt;p class="MsoNormal"&gt;\n					&lt;span style="font-family:宋体;"&gt;&nbsp;&lt;/span&gt;\n				&lt;/p&gt;\n			&lt;/td&gt;\n			&lt;td width="56%" valign="top" style="border:solid black 1.0pt;"&gt;\n				&lt;p class="MsoNormal"&gt;\n					&lt;span style="line-height:150%;font-family:宋体;"&gt;有后台添加的收货地址&lt;span&gt;&lt;/span&gt;&lt;/span&gt;\n				&lt;/p&gt;\n			&lt;/td&gt;\n		&lt;/tr&gt;\n		&lt;tr&gt;\n			&lt;td width="18%" valign="top" style="border:solid black 1.0pt;"&gt;\n				&lt;p class="MsoNormal" align="center" style="text-align:center;"&gt;\n					&lt;span style="font-family:宋体;"&gt;需求登记&lt;span&gt;&lt;/span&gt;&lt;/span&gt;\n				&lt;/p&gt;\n			&lt;/td&gt;\n			&lt;td width="13%" valign="top" style="border:solid black 1.0pt;"&gt;\n				&lt;p class="MsoNormal"&gt;\n					&lt;span style="font-family:宋体;"&gt;&nbsp;&lt;/span&gt;\n				&lt;/p&gt;\n			&lt;/td&gt;\n			&lt;td width="56%" valign="top" style="border:solid black 1.0pt;"&gt;\n				&lt;p class="MsoNormal"&gt;\n					&lt;span style="line-height:150%;font-family:宋体;"&gt;提交自己想要的商品需求&lt;span&gt;&lt;/span&gt;&lt;/span&gt;\n				&lt;/p&gt;\n			&lt;/td&gt;\n		&lt;/tr&gt;\n		&lt;tr&gt;\n			&lt;td width="18%" valign="top" style="border:solid black 1.0pt;"&gt;\n				&lt;p class="MsoNormal" align="center" style="text-align:center;"&gt;\n					&lt;span style="font-family:宋体;"&gt;客服电话&lt;span&gt;&lt;/span&gt;&lt;/span&gt;\n				&lt;/p&gt;\n			&lt;/td&gt;\n			&lt;td width="13%" valign="top" style="border:solid black 1.0pt;"&gt;\n				&lt;p class="MsoNormal"&gt;\n					&lt;span style="font-family:宋体;"&gt;&nbsp;&lt;/span&gt;\n				&lt;/p&gt;\n			&lt;/td&gt;\n			&lt;td width="56%" valign="top" style="border:solid black 1.0pt;"&gt;\n				&lt;p class="MsoNormal"&gt;\n					&lt;span style="line-height:150%;font-family:宋体;"&gt;通过电话直接播号&lt;span&gt;&lt;/span&gt;&lt;/span&gt;\n				&lt;/p&gt;\n			&lt;/td&gt;\n		&lt;/tr&gt;\n		&lt;tr&gt;\n			&lt;td width="18%" valign="top" style="border:solid black 1.0pt;"&gt;\n				&lt;p class="MsoNormal" align="center" style="text-align:center;"&gt;\n					&lt;span style="font-family:宋体;"&gt;服务条款&lt;span&gt;&lt;/span&gt;&lt;/span&gt;\n				&lt;/p&gt;\n			&lt;/td&gt;\n			&lt;td width="13%" valign="top" style="border:solid black 1.0pt;"&gt;\n				&lt;p class="MsoNormal"&gt;\n					&lt;span style="font-family:宋体;"&gt;&nbsp;&lt;/span&gt;\n				&lt;/p&gt;\n			&lt;/td&gt;\n			&lt;td width="56%" valign="top" style="border:solid black 1.0pt;"&gt;\n				&lt;p class="MsoNormal"&gt;\n					&lt;span style="line-height:150%;font-family:宋体;"&gt;可以查看服务的详细内容&lt;span&gt;&lt;/span&gt;&lt;/span&gt;\n				&lt;/p&gt;\n			&lt;/td&gt;\n		&lt;/tr&gt;\n	&lt;/tbody&gt;\n&lt;/table&gt;\n&lt;p class="MsoNormal" style="margin-left:36.0pt;"&gt;\n	&nbsp;\n&lt;/p&gt;\n&lt;p class="MsoNormal" style="margin-left:36.0pt;text-indent:-36.0pt;"&gt;\n	&lt;b&gt;2、&nbsp;&nbsp;&nbsp; &lt;/b&gt;&lt;b&gt;后台管理系统（电脑端）&lt;span&gt;&lt;/span&gt;&lt;/b&gt;\n&lt;/p&gt;\n&lt;p class="MsoNormal"&gt;\n	&nbsp;\n&lt;/p&gt;\n&lt;table class="MsoNormalTable" border="1" cellspacing="0" cellpadding="0" width="100%" style="border:none;"&gt;\n	&lt;tbody&gt;\n		&lt;tr&gt;\n			&lt;td width="11%" valign="top" style="border:solid black 1.0pt;"&gt;\n				&lt;p class="MsoNormal" align="center" style="text-align:center;"&gt;\n					&lt;b&gt;&lt;span style="font-family:宋体;"&gt;一级模块&lt;span&gt;&lt;/span&gt;&lt;/span&gt;&lt;/b&gt;\n				&lt;/p&gt;\n			&lt;/td&gt;\n			&lt;td width="12%" valign="top" style="border:solid black 1.0pt;"&gt;\n				&lt;p class="MsoNormal" align="center" style="text-align:center;"&gt;\n					&lt;b&gt;&lt;span style="font-family:宋体;"&gt;二级模块&lt;span&gt;&lt;/span&gt;&lt;/span&gt;&lt;/b&gt;\n				&lt;/p&gt;\n			&lt;/td&gt;\n			&lt;td width="10%" valign="top" style="border:solid black 1.0pt;"&gt;\n				&lt;p class="MsoNormal" align="center" style="text-align:center;"&gt;\n					&lt;b&gt;&lt;span style="font-family:宋体;"&gt;三级模块&lt;span&gt;&lt;/span&gt;&lt;/span&gt;&lt;/b&gt;\n				&lt;/p&gt;\n			&lt;/td&gt;\n			&lt;td width="65%" valign="top" style="border:solid black 1.0pt;"&gt;\n				&lt;p class="MsoNormal" align="center" style="text-align:center;"&gt;\n					&lt;b&gt;&lt;span style="font-family:宋体;"&gt;备注&lt;span&gt;&lt;/span&gt;&lt;/span&gt;&lt;/b&gt;\n				&lt;/p&gt;\n			&lt;/td&gt;\n		&lt;/tr&gt;\n		&lt;tr&gt;\n			&lt;td width="11%" valign="top" style="border:solid black 1.0pt;"&gt;\n				&lt;p class="MsoNormal" align="center" style="text-align:center;"&gt;\n					&lt;b&gt;&lt;span style="font-family:宋体;"&gt;首页&lt;span&gt;&lt;/span&gt;&lt;/span&gt;&lt;/b&gt;\n				&lt;/p&gt;\n			&lt;/td&gt;\n			&lt;td width="12%" valign="top" style="border:solid black 1.0pt;"&gt;\n				&lt;p class="MsoNormal"&gt;\n					&lt;b&gt;&lt;span style="font-family:宋体;"&gt;&nbsp;&lt;/span&gt;&lt;/b&gt;\n				&lt;/p&gt;\n			&lt;/td&gt;\n			&lt;td width="10%" valign="top" style="border:solid black 1.0pt;"&gt;\n				&lt;p class="MsoNormal"&gt;\n					&lt;span style="font-family:宋体;"&gt;&nbsp;&lt;/span&gt;\n				&lt;/p&gt;\n			&lt;/td&gt;\n			&lt;td width="65%" valign="top" style="border:solid black 1.0pt;"&gt;\n				&lt;p class="MsoNormal"&gt;\n					&lt;span style="font-family:宋体;"&gt;显示后台的一些基本信息&lt;/span&gt;\n				&lt;/p&gt;\n			&lt;/td&gt;\n		&lt;/tr&gt;\n		&lt;tr&gt;\n			&lt;td width="11%" rowspan="17" valign="top" style="border:solid black 1.0pt;"&gt;\n				&lt;p class="MsoNormal" align="center" style="text-align:center;"&gt;\n					&lt;b&gt;&lt;span style="font-family:宋体;"&gt;&nbsp;&lt;/span&gt;&lt;/b&gt;\n				&lt;/p&gt;\n				&lt;p class="MsoNormal" align="center" style="text-align:center;"&gt;\n					&lt;b&gt;&lt;span style="font-family:宋体;"&gt;&nbsp;&lt;/span&gt;&lt;/b&gt;\n				&lt;/p&gt;\n				&lt;p class="MsoNormal" align="center" style="text-align:center;"&gt;\n					&lt;b&gt;&lt;span style="font-family:宋体;"&gt;&nbsp;&lt;/span&gt;&lt;/b&gt;\n				&lt;/p&gt;\n				&lt;p class="MsoNormal" align="center" style="text-align:center;"&gt;\n					&lt;b&gt;&lt;span style="font-family:宋体;"&gt;&nbsp;&lt;/span&gt;&lt;/b&gt;\n				&lt;/p&gt;\n				&lt;p class="MsoNormal" align="center" style="text-align:center;"&gt;\n					&lt;b&gt;&lt;span style="font-family:宋体;"&gt;&nbsp;&lt;/span&gt;&lt;/b&gt;\n				&lt;/p&gt;\n				&lt;p class="MsoNormal" align="center" style="text-align:center;"&gt;\n					&lt;b&gt;&lt;span style="font-family:宋体;"&gt;&nbsp;&lt;/span&gt;&lt;/b&gt;\n				&lt;/p&gt;\n				&lt;p class="MsoNormal" align="center" style="text-align:center;"&gt;\n					&lt;b&gt;&lt;span style="font-family:宋体;"&gt;&nbsp;&lt;/span&gt;&lt;/b&gt;\n				&lt;/p&gt;\n				&lt;p class="MsoNormal" align="center" style="text-align:center;"&gt;\n					&lt;b&gt;&lt;span style="font-family:宋体;"&gt;&nbsp;&lt;/span&gt;&lt;/b&gt;\n				&lt;/p&gt;\n				&lt;p class="MsoNormal" align="center" style="text-align:center;"&gt;\n					&lt;b&gt;&lt;span style="font-family:宋体;"&gt;&nbsp;&lt;/span&gt;&lt;/b&gt;\n				&lt;/p&gt;\n				&lt;p class="MsoNormal" align="center" style="text-align:center;"&gt;\n					&lt;b&gt;&lt;span style="font-family:宋体;"&gt;&nbsp;&lt;/span&gt;&lt;/b&gt;\n				&lt;/p&gt;\n				&lt;p class="MsoNormal" align="center" style="text-align:center;"&gt;\n					&lt;b&gt;&lt;span style="font-family:宋体;"&gt;全局设置&lt;span&gt;&lt;/span&gt;&lt;/span&gt;&lt;/b&gt;\n				&lt;/p&gt;\n			&lt;/td&gt;\n			&lt;td width="12%" rowspan="2" valign="top" style="border:solid black 1.0pt;"&gt;\n				&lt;p class="MsoNormal" align="center" style="text-align:center;"&gt;\n					&lt;b&gt;&lt;span style="font-family:宋体;"&gt;&nbsp;&lt;/span&gt;&lt;/b&gt;\n				&lt;/p&gt;\n				&lt;p class="MsoNormal" align="center" style="text-align:center;"&gt;\n					&lt;b&gt;&lt;span style="font-family:宋体;"&gt;基础资料&lt;span&gt;&lt;/span&gt;&lt;/span&gt;&lt;/b&gt;\n				&lt;/p&gt;\n				&lt;p class="MsoNormal"&gt;\n					&lt;b&gt;&lt;span style="font-family:宋体;"&gt;&nbsp;&lt;/span&gt;&lt;/b&gt;\n				&lt;/p&gt;\n			&lt;/td&gt;\n			&lt;td width="10%" valign="top" style="border:solid black 1.0pt;"&gt;\n				&lt;p class="MsoNormal"&gt;\n					&lt;span style="font-family:宋体;"&gt;公司信息&lt;span&gt;&lt;/span&gt;&lt;/span&gt;\n				&lt;/p&gt;\n			&lt;/td&gt;\n			&lt;td width="65%" valign="top" style="border:solid black 1.0pt;"&gt;\n				&lt;p class="MsoNormal"&gt;\n					&lt;span style="line-height:150%;font-family:宋体;"&gt;具体信息，公司名称、公司&lt;span&gt;LOGO&lt;/span&gt;、标题（&lt;/span&gt;&lt;span style="line-height:150%;font-family:&quot;color:#777777;"&gt;Title&lt;/span&gt;&lt;span style="line-height:150%;font-family:宋体;"&gt;）、关键词&lt;span&gt;(&lt;/span&gt;&lt;/span&gt;&lt;span style="line-height:150%;font-family:&quot;color:#777777;"&gt;Keywords&lt;/span&gt;&lt;span style="line-height:150%;font-family:宋体;"&gt;)&lt;/span&gt;&lt;span style="line-height:150%;font-family:宋体;"&gt;、描述&lt;span&gt;(&lt;/span&gt;&lt;/span&gt;&lt;span style="line-height:150%;font-family:&quot;color:#777777;"&gt;Description&lt;/span&gt;&lt;span style="line-height:150%;font-family:宋体;"&gt;)&lt;/span&gt;&lt;span style="line-height:150%;font-family:宋体;"&gt;、&lt;span&gt;ICP&lt;/span&gt;号、区域详细地址、电话、传真、联系人、手机、&lt;span&gt;QQ&lt;/span&gt;、邮箱、网址、公司公告、开始下单时间、结束下单时间&lt;/span&gt;\n				&lt;/p&gt;\n			&lt;/td&gt;\n		&lt;/tr&gt;\n		&lt;tr&gt;\n			&lt;td width="10%" valign="top" style="border:solid black 1.0pt;"&gt;\n				&lt;p class="MsoNormal"&gt;\n					&lt;span style="font-family:宋体;"&gt;菜单管理&lt;span&gt;&lt;/span&gt;&lt;/span&gt;\n				&lt;/p&gt;\n			&lt;/td&gt;\n			&lt;td width="65%" valign="top" style="border:solid black 1.0pt;"&gt;\n				&lt;p class="MsoNormal"&gt;\n					&lt;span style="font-family:宋体;"&gt;设置后台的栏目菜单&lt;/span&gt;\n				&lt;/p&gt;\n			&lt;/td&gt;\n		&lt;/tr&gt;\n		&lt;tr&gt;\n			&lt;td width="12%" rowspan="5" valign="top" style="border:solid black 1.0pt;"&gt;\n				&lt;p class="MsoNormal" align="center" style="text-align:center;"&gt;\n					&lt;b&gt;&lt;span style="font-family:宋体;"&gt;&nbsp;&lt;/span&gt;&lt;/b&gt;\n				&lt;/p&gt;\n				&lt;p class="MsoNormal" align="center" style="text-align:center;"&gt;\n					&lt;b&gt;&lt;span style="font-family:宋体;"&gt;&nbsp;&lt;/span&gt;&lt;/b&gt;\n				&lt;/p&gt;\n				&lt;p class="MsoNormal" align="center" style="text-align:center;"&gt;\n					&lt;b&gt;&lt;span style="font-family:宋体;"&gt;员工管理&lt;span&gt;&lt;/span&gt;&lt;/span&gt;&lt;/b&gt;\n				&lt;/p&gt;\n			&lt;/td&gt;\n			&lt;td width="10%" valign="top" style="border:solid black 1.0pt;"&gt;\n				&lt;p class="MsoNormal"&gt;\n					&lt;span style="font-family:宋体;"&gt;仓库管理&lt;span&gt;&lt;/span&gt;&lt;/span&gt;\n				&lt;/p&gt;\n			&lt;/td&gt;\n			&lt;td width="65%" valign="top" style="border:solid black 1.0pt;"&gt;\n				&lt;p class="MsoNormal" style="margin-left:18.0pt;text-indent:-18.0pt;"&gt;\n					&lt;span&gt;1、&lt;span style="font-size:7pt;line-height:normal;font-family:&quot;"&gt;&nbsp; &lt;/span&gt;&lt;/span&gt;&lt;span style="font-family:宋体;"&gt;新增仓库：仓库名称、地区（省&lt;/span&gt;&lt;span&gt;/&lt;/span&gt;&lt;span style="font-family:宋体;"&gt;市&lt;/span&gt;&lt;span&gt;/&lt;/span&gt;&lt;span style="font-family:宋体;"&gt;区）、详细地址、是否启用（启用、禁用）&lt;/span&gt;\n				&lt;/p&gt;\n				&lt;p class="MsoNormal" style="margin-left:18.0pt;text-indent:-18.0pt;"&gt;\n					&lt;span&gt;2、&lt;span style="font-size:7pt;line-height:normal;font-family:&quot;"&gt;&nbsp; &lt;/span&gt;&lt;/span&gt;&lt;span style="font-family:宋体;"&gt;仓库列表：序号、仓库名称、地址、创建时间、状态、操作（编辑和删除）&lt;/span&gt;\n				&lt;/p&gt;\n			&lt;/td&gt;\n		&lt;/tr&gt;\n		&lt;tr&gt;\n			&lt;td width="10%" valign="top" style="border:solid black 1.0pt;"&gt;\n				&lt;p class="MsoNormal"&gt;\n					&lt;span style="font-family:宋体;"&gt;部门设置&lt;span&gt;&lt;/span&gt;&lt;/span&gt;\n				&lt;/p&gt;\n			&lt;/td&gt;\n			&lt;td width="65%" valign="top" style="border:solid black 1.0pt;"&gt;\n				&lt;p class="MsoNormal" style="margin-left:18.0pt;text-indent:-18.0pt;"&gt;\n					&lt;span&gt;1、&lt;span style="font-size:7pt;line-height:normal;font-family:&quot;"&gt;&nbsp; &lt;/span&gt;&lt;/span&gt;&lt;span style="font-family:宋体;"&gt;新增部门：部门名称、上级部门、备注、是否启用（启用和禁用）&lt;/span&gt;\n				&lt;/p&gt;\n				&lt;p class="MsoNormal" style="margin-left:18.0pt;text-indent:-18.0pt;"&gt;\n					&lt;span&gt;2、&lt;span style="font-size:7pt;line-height:normal;font-family:&quot;"&gt;&nbsp; &lt;/span&gt;&lt;/span&gt;&lt;span style="font-family:宋体;"&gt;部门列表：序号、部门名称、备注、状态、操作（编辑和删除）&lt;/span&gt;\n				&lt;/p&gt;\n			&lt;/td&gt;\n		&lt;/tr&gt;\n		&lt;tr&gt;\n			&lt;td width="10%" valign="top" style="border:solid black 1.0pt;"&gt;\n				&lt;p class="MsoNormal"&gt;\n					&lt;span style="font-family:宋体;"&gt;职位设置&lt;span&gt;&lt;/span&gt;&lt;/span&gt;\n				&lt;/p&gt;\n			&lt;/td&gt;\n			&lt;td width="65%" valign="top" style="border:solid black 1.0pt;"&gt;\n				&lt;p class="MsoNormal" style="margin-left:18.0pt;text-indent:-18.0pt;"&gt;\n					&lt;span&gt;1、&lt;span style="font-size:7pt;line-height:normal;font-family:&quot;"&gt;&nbsp; &lt;/span&gt;&lt;/span&gt;&lt;span style="font-family:宋体;"&gt;新增职位：职位名称、备注、是否启用（是或否）&lt;/span&gt;\n				&lt;/p&gt;\n				&lt;p class="MsoNormal" style="margin-left:18.0pt;text-indent:-18.0pt;"&gt;\n					&lt;span&gt;2、&lt;span style="font-size:7pt;line-height:normal;font-family:&quot;"&gt;&nbsp; &lt;/span&gt;&lt;/span&gt;&lt;span style="font-family:宋体;"&gt;职位列表：序号、职位名称、备注、创建时间、状态、操作（授权、编辑和删除）&lt;/span&gt;\n				&lt;/p&gt;\n			&lt;/td&gt;\n		&lt;/tr&gt;\n		&lt;tr&gt;\n			&lt;td width="10%" valign="top" style="border:solid black 1.0pt;"&gt;\n				&lt;p class="MsoNormal"&gt;\n					&lt;span style="font-family:宋体;"&gt;员工账号&lt;span&gt;&lt;/span&gt;&lt;/span&gt;\n				&lt;/p&gt;\n			&lt;/td&gt;\n			&lt;td width="65%" valign="top" style="border:solid black 1.0pt;"&gt;\n				&lt;p class="MsoNormal"&gt;\n					&lt;span style="line-height:150%;font-family:宋体;"&gt;1&lt;/span&gt;&lt;span style="line-height:150%;font-family:宋体;"&gt;、新增账号：登录账号、密码、姓名、性别、手机号、部门、职位、状态（正常或禁用）&lt;span&gt;&lt;/span&gt;&lt;/span&gt;\n				&lt;/p&gt;\n				&lt;p class="MsoNormal"&gt;\n					&lt;span style="line-height:150%;font-family:宋体;"&gt;2&lt;/span&gt;&lt;span style="line-height:150%;font-family:宋体;"&gt;、员工列表：序号、登录账号、密码、姓名、性别、手机号、部门、职位、创建时间、状态、&lt;/span&gt;&lt;span style="line-height:150%;font-family:宋体;background:white;"&gt;操作（编辑和删除）&lt;/span&gt;&lt;span style="line-height:150%;font-family:&quot;background:white;"&gt;&lt;/span&gt;\n				&lt;/p&gt;\n				&lt;p class="MsoNormal"&gt;\n					&lt;span style="line-height:150%;font-family:&quot;background:white;"&gt;3&lt;/span&gt;&lt;span style="line-height:150%;font-family:宋体;background:white;"&gt;、相关查询：可以通过部门、职位、注册时间、关键词（姓名和手机号）进行查询&lt;/span&gt;&lt;span style="line-height:150%;font-family:&quot;background:white;"&gt;&lt;/span&gt;\n				&lt;/p&gt;\n			&lt;/td&gt;\n		&lt;/tr&gt;\n		&lt;tr&gt;\n			&lt;td width="10%" valign="top" style="border:solid black 1.0pt;"&gt;\n				&lt;p class="MsoNormal"&gt;\n					&lt;span style="font-family:宋体;"&gt;绩点设置&lt;span&gt;&lt;/span&gt;&lt;/span&gt;\n				&lt;/p&gt;\n			&lt;/td&gt;\n			&lt;td width="65%" valign="top" style="border:solid black 1.0pt;"&gt;\n				&lt;p class="MsoNormal"&gt;\n					&lt;span style="line-height:150%;font-family:宋体;"&gt;是为了核算相关提成&lt;span&gt;&lt;/span&gt;&lt;/span&gt;\n				&lt;/p&gt;\n			&lt;/td&gt;\n		&lt;/tr&gt;\n		&lt;tr&gt;\n			&lt;td width="12%" rowspan="3" valign="top" style="border:solid black 1.0pt;"&gt;\n				&lt;p class="MsoNormal"&gt;\n					&lt;b&gt;&lt;span style="font-family:宋体;"&gt;供应商管理&lt;span&gt;&lt;/span&gt;&lt;/span&gt;&lt;/b&gt;\n				&lt;/p&gt;\n			&lt;/td&gt;\n			&lt;td width="10%" valign="top" style="border:solid black 1.0pt;"&gt;\n				&lt;p class="MsoNormal"&gt;\n					&lt;span style="font-family:宋体;"&gt;类别设置&lt;span&gt;&lt;/span&gt;&lt;/span&gt;\n				&lt;/p&gt;\n			&lt;/td&gt;\n			&lt;td width="65%" valign="top" style="border:solid black 1.0pt;"&gt;\n				&lt;p class="MsoNormal" style="margin-left:18.0pt;text-indent:-18.0pt;"&gt;\n					&lt;span&gt;1、&lt;span style="font-size:7pt;line-height:normal;font-family:&quot;"&gt;&nbsp; &lt;/span&gt;&lt;/span&gt;&lt;span style="font-family:宋体;"&gt;新增类别：分类名称、上级分类、分类图片、排序、状态（正常或禁用）&lt;/span&gt;\n				&lt;/p&gt;\n				&lt;p class="MsoNormal" style="margin-left:18.0pt;text-indent:-18.0pt;"&gt;\n					&lt;span&gt;2、&lt;span style="font-size:7pt;line-height:normal;font-family:&quot;"&gt;&nbsp; &lt;/span&gt;&lt;/span&gt;&lt;span style="font-family:宋体;"&gt;分类列表：序号、名称、图片、排序、状态（正常或禁用）、操作（添加子类、编辑和删除）&lt;/span&gt;\n				&lt;/p&gt;\n			&lt;/td&gt;\n		&lt;/tr&gt;\n		&lt;tr&gt;\n			&lt;td width="10%" valign="top" style="border:solid black 1.0pt;"&gt;\n				&lt;p class="MsoNormal"&gt;\n					&lt;span style="font-family:宋体;"&gt;品牌设置&lt;span&gt;&lt;/span&gt;&lt;/span&gt;\n				&lt;/p&gt;\n			&lt;/td&gt;\n			&lt;td width="65%" valign="top" style="border:solid black 1.0pt;"&gt;\n				&lt;p class="MsoNormal" style="margin-left:18.0pt;text-indent:-18.0pt;"&gt;\n					&lt;span&gt;1、&lt;span style="font-size:7pt;line-height:normal;font-family:&quot;"&gt;&nbsp; &lt;/span&gt;&lt;/span&gt;&lt;span style="font-family:宋体;"&gt;新增品牌：品牌名称、品牌图片、排序、状态（正常或禁用）&lt;/span&gt;\n				&lt;/p&gt;\n				&lt;p class="MsoNormal" style="margin-left:18.0pt;text-indent:-18.0pt;"&gt;\n					&lt;span&gt;2、&lt;span style="font-size:7pt;line-height:normal;font-family:&quot;"&gt;&nbsp; &lt;/span&gt;&lt;/span&gt;&lt;span style="font-family:宋体;"&gt;品牌列表：序号、品牌名称、品牌图片、排序、状态（正常或禁用）、操作（编辑和删除）&lt;/span&gt;\n				&lt;/p&gt;\n			&lt;/td&gt;\n		&lt;/tr&gt;\n		&lt;tr&gt;\n			&lt;td width="10%" valign="top" style="border:solid black 1.0pt;"&gt;\n				&lt;p class="MsoNormal"&gt;\n					&lt;span style="font-family:宋体;"&gt;供应商管理&lt;span&gt;&lt;/span&gt;&lt;/span&gt;\n				&lt;/p&gt;\n			&lt;/td&gt;\n			&lt;td width="65%" valign="top" style="border:solid black 1.0pt;"&gt;\n				&lt;p class="MsoNormal" style="margin-left:18.0pt;text-indent:-18.0pt;"&gt;\n					&lt;span&gt;1、&lt;span style="font-size:7pt;line-height:normal;font-family:&quot;"&gt;&nbsp; &lt;/span&gt;&lt;/span&gt;&lt;span style="font-family:宋体;"&gt;新增：&lt;/span&gt;\n				&lt;/p&gt;\n				&lt;p class="MsoNormal" style="margin-left:18.0pt;"&gt;\n					&lt;span style="font-family:宋体;"&gt;（&lt;/span&gt;&lt;span&gt;1&lt;/span&gt;&lt;span style="font-family:宋体;"&gt;）供应商信息：名称、分类、品牌、区域、详细地址、状态（启用或禁用）&lt;/span&gt;\n				&lt;/p&gt;\n				&lt;p class="MsoNormal" style="margin-left:18.0pt;"&gt;\n					&lt;span style="font-family:宋体;"&gt;（&lt;/span&gt;&lt;span&gt;2&lt;/span&gt;&lt;span style="font-family:宋体;"&gt;）负责人信息：姓名、手机、电话&lt;/span&gt;\n				&lt;/p&gt;\n				&lt;p class="MsoNormal" style="margin-left:18.0pt;"&gt;\n					&lt;span style="font-family:宋体;"&gt;（&lt;/span&gt;&lt;span&gt;3&lt;/span&gt;&lt;span style="font-family:宋体;"&gt;）财务信息：开户名称、开户银行、银行账号、发票抬头&lt;/span&gt;\n				&lt;/p&gt;\n				&lt;p class="MsoNormal" style="margin-left:18.0pt;"&gt;\n					&lt;span style="font-family:宋体;"&gt;（&lt;/span&gt;&lt;span&gt;4&lt;/span&gt;&lt;span style="font-family:宋体;"&gt;）其它信息：备注说明&lt;/span&gt;\n				&lt;/p&gt;\n				&lt;p class="MsoNormal"&gt;\n					&lt;span&gt;2&lt;/span&gt;&lt;span style="font-family:宋体;"&gt;、供应商列表：序号、供应商名称、类别、品牌、地址、负责人、手机号、创建时间、状态、操作（编辑和删除）&lt;/span&gt;\n				&lt;/p&gt;\n				&lt;p class="MsoNormal"&gt;\n					&lt;span&gt;3&lt;/span&gt;&lt;span style="font-family:宋体;"&gt;、相关查询：可以通过类别、地区、合作时间、关键词（负责人或手机号）进行查询&lt;/span&gt;\n				&lt;/p&gt;\n			&lt;/td&gt;\n		&lt;/tr&gt;\n		&lt;tr&gt;\n			&lt;td width="12%" rowspan="3" valign="top" style="border:solid black 1.0pt;"&gt;\n				&lt;p class="MsoNormal"&gt;\n					&lt;b&gt;&lt;span&gt;&nbsp;&lt;/span&gt;&lt;/b&gt;\n				&lt;/p&gt;\n				&lt;p class="MsoNormal" align="center" style="text-align:center;"&gt;\n					&lt;b&gt;&lt;span style="font-family:宋体;"&gt;货架设置&lt;/span&gt;&lt;/b&gt;&lt;b&gt;&lt;span style="font-family:宋体;"&gt;&lt;/span&gt;&lt;/b&gt;\n				&lt;/p&gt;\n			&lt;/td&gt;\n			&lt;td width="10%" valign="top" style="border:solid black 1.0pt;"&gt;\n				&lt;p class="MsoNormal" align="center" style="text-align:center;"&gt;\n					&lt;span style="font-family:宋体;"&gt;新增货架&lt;span&gt;&lt;/span&gt;&lt;/span&gt;\n				&lt;/p&gt;\n			&lt;/td&gt;\n			&lt;td width="65%" valign="top" style="border:solid black 1.0pt;"&gt;\n				&lt;p class="MsoNormal"&gt;\n					&lt;span style="font-family:宋体;"&gt;具体信息：所属仓库、货架区域、货架组、货架列、货架层、货架号、排序、是否启用&lt;/span&gt;&lt;span&gt;&lt;/span&gt;\n				&lt;/p&gt;\n			&lt;/td&gt;\n		&lt;/tr&gt;\n		&lt;tr&gt;\n			&lt;td width="10%" valign="top" style="border:solid black 1.0pt;"&gt;\n				&lt;p class="MsoNormal" align="center" style="text-align:center;"&gt;\n					&lt;span style="font-family:宋体;"&gt;货架列表&lt;span&gt;&lt;/span&gt;&lt;/span&gt;\n				&lt;/p&gt;\n			&lt;/td&gt;\n			&lt;td width="65%" valign="top" style="border:solid black 1.0pt;"&gt;\n				&lt;p class="MsoNormal"&gt;\n					&lt;span style="font-family:宋体;"&gt;具体信息：序号、所属仓库、货架区域、货架组、货架列、货架层、货架号、是否空闲、创建时间、状态（正常或禁用）、排序、操作（编辑和删除）&lt;/span&gt;&lt;span&gt;&lt;/span&gt;\n				&lt;/p&gt;\n			&lt;/td&gt;\n		&lt;/tr&gt;\n		&lt;tr&gt;\n			&lt;td width="10%" valign="top" style="border:solid black 1.0pt;"&gt;\n				&lt;p class="MsoNormal" align="center" style="text-align:center;"&gt;\n					&lt;span style="font-family:宋体;"&gt;货架查询&lt;span&gt;&lt;/span&gt;&lt;/span&gt;\n				&lt;/p&gt;\n			&lt;/td&gt;\n			&lt;td width="65%" valign="top" style="border:solid black 1.0pt;"&gt;\n				&lt;p class="MsoNormal"&gt;\n					&lt;span style="font-family:宋体;"&gt;可以通过仓库、区、组、层、是否空闲进行查询&lt;/span&gt;&lt;span&gt;&lt;/span&gt;\n				&lt;/p&gt;\n			&lt;/td&gt;\n		&lt;/tr&gt;\n		&lt;tr&gt;\n			&lt;td width="12%" rowspan="3" valign="top" style="border:solid black 1.0pt;"&gt;\n				&lt;p class="MsoNormal" align="center" style="text-align:center;"&gt;\n					&lt;b&gt;&lt;span&gt;&nbsp;&lt;/span&gt;&lt;/b&gt;\n				&lt;/p&gt;\n				&lt;p class="MsoNormal" align="center" style="text-align:center;"&gt;\n					&lt;b&gt;&lt;span&gt;&nbsp;&lt;/span&gt;&lt;/b&gt;\n				&lt;/p&gt;\n				&lt;p class="MsoNormal" align="center" style="text-align:center;"&gt;\n					&lt;b&gt;&lt;span style="font-family:宋体;"&gt;车辆管理&lt;/span&gt;&lt;span&gt;&lt;/span&gt;&lt;/b&gt;\n				&lt;/p&gt;\n			&lt;/td&gt;\n			&lt;td width="10%" valign="top" style="border:solid black 1.0pt;"&gt;\n				&lt;p class="MsoNormal" align="center" style="text-align:center;"&gt;\n					&lt;span style="font-family:宋体;"&gt;车辆列表&lt;span&gt;&lt;/span&gt;&lt;/span&gt;\n				&lt;/p&gt;\n			&lt;/td&gt;\n			&lt;td width="65%" valign="top" style="border:solid black 1.0pt;"&gt;\n				&lt;p class="MsoNormal" style="margin-left:18.0pt;text-indent:-18.0pt;"&gt;\n					&lt;span&gt;1、&lt;span style="font-size:7pt;line-height:normal;font-family:&quot;"&gt;&nbsp; &lt;/span&gt;&lt;/span&gt;&lt;span style="font-family:宋体;"&gt;新增：车辆型号、车牌号、备注、是否启用（是或否）&lt;/span&gt;\n				&lt;/p&gt;\n				&lt;p class="MsoNormal" style="margin-left:18.0pt;text-indent:-18.0pt;"&gt;\n					&lt;span&gt;2、&lt;span style="font-size:7pt;line-height:normal;font-family:&quot;"&gt;&nbsp; &lt;/span&gt;&lt;/span&gt;&lt;span style="font-family:宋体;"&gt;列表：序号、车辆型号、车牌号、备注、创建时间、状态（正常或禁用）、操作（编辑和删除）&lt;/span&gt;\n				&lt;/p&gt;\n			&lt;/td&gt;\n		&lt;/tr&gt;\n		&lt;tr&gt;\n			&lt;td width="10%" valign="top" style="border:solid black 1.0pt;"&gt;\n				&lt;p class="MsoNormal" align="center" style="text-align:center;"&gt;\n					&lt;span style="font-family:宋体;"&gt;车辆申请&lt;span&gt;&lt;/span&gt;&lt;/span&gt;\n				&lt;/p&gt;\n			&lt;/td&gt;\n			&lt;td width="65%" valign="top" style="border:solid black 1.0pt;"&gt;\n				&lt;p class="MsoNormal" style="margin-left:18.0pt;text-indent:-18.0pt;"&gt;\n					&lt;span&gt;1、&lt;span style="font-size:7pt;line-height:normal;font-family:&quot;"&gt;&nbsp; &lt;/span&gt;&lt;/span&gt;&lt;span style="font-family:宋体;"&gt;申请：车辆型号、备注、部门、使用时间&lt;/span&gt;\n				&lt;/p&gt;\n				&lt;p class="MsoNormal" style="margin-left:18.0pt;text-indent:-18.0pt;"&gt;\n					&lt;span&gt;2、&lt;span style="font-size:7pt;line-height:normal;font-family:&quot;"&gt;&nbsp; &lt;/span&gt;&lt;/span&gt;&lt;span style="font-family:宋体;"&gt;列表：单号、车辆型号、备注、部门、申请人、使用时间、状态（通过或未通过）审核人、审核时间、操作（审核、查看、修改或删除）&lt;/span&gt;\n				&lt;/p&gt;\n			&lt;/td&gt;\n		&lt;/tr&gt;\n		&lt;tr&gt;\n			&lt;td width="10%" valign="top" style="border:solid black 1.0pt;"&gt;\n				&lt;p class="MsoNormal" align="center" style="text-align:center;"&gt;\n					&lt;span style="font-family:宋体;"&gt;车辆安排&lt;span&gt;&lt;/span&gt;&lt;/span&gt;\n				&lt;/p&gt;\n			&lt;/td&gt;\n			&lt;td width="65%" valign="top" style="border:solid black 1.0pt;"&gt;\n				&lt;p class="MsoNormal" style="margin-left:18.0pt;text-indent:-18.0pt;"&gt;\n					&lt;span&gt;1、&lt;span style="font-size:7pt;line-height:normal;font-family:&quot;"&gt;&nbsp; &lt;/span&gt;&lt;/span&gt;&lt;span style="font-family:宋体;"&gt;安排车辆：车牌号、选择司机、出车日期、出车时间、回车时间、出车线路&lt;/span&gt;\n				&lt;/p&gt;\n				&lt;p class="MsoNormal" style="margin-left:18.0pt;text-indent:-18.0pt;"&gt;\n					&lt;span&gt;2、&lt;span style="font-size:7pt;line-height:normal;font-family:&quot;"&gt;&nbsp; &lt;/span&gt;&lt;/span&gt;&lt;span style="font-family:宋体;"&gt;安排列表：序号、车型、车牌号、司机、出车日期、出车时间、回车时间、出车线路、操作（编辑和删除）&lt;/span&gt;\n				&lt;/p&gt;\n			&lt;/td&gt;\n		&lt;/tr&gt;\n		&lt;tr&gt;\n			&lt;td width="12%" valign="top" style="border:solid black 1.0pt;"&gt;\n				&lt;p class="MsoNormal" align="center" style="text-align:center;"&gt;\n					&lt;b&gt;&lt;span style="font-family:宋体;"&gt;数据管理&lt;/span&gt;&lt;span&gt;&lt;/span&gt;&lt;/b&gt;\n				&lt;/p&gt;\n			&lt;/td&gt;\n			&lt;td width="10%" valign="top" style="border:solid black 1.0pt;"&gt;\n				&lt;p class="MsoNormal" align="center" style="text-align:center;"&gt;\n					&lt;span style="font-family:宋体;"&gt;数据库管理&lt;span&gt;&lt;/span&gt;&lt;/span&gt;\n				&lt;/p&gt;\n			&lt;/td&gt;\n			&lt;td width="65%" valign="top" style="border:solid black 1.0pt;"&gt;\n				&lt;p class="MsoNormal"&gt;\n					&lt;span style="font-family:宋体;"&gt;可以对数据库进行在线备份和恢复&lt;/span&gt;\n				&lt;/p&gt;\n			&lt;/td&gt;\n		&lt;/tr&gt;\n		&lt;tr&gt;\n			&lt;td width="11%" rowspan="3" valign="top" style="border:solid black 1.0pt;"&gt;\n				&lt;p class="MsoNormal" align="center" style="text-align:center;"&gt;\n					&lt;b&gt;&lt;span style="font-family:宋体;"&gt;&nbsp;&lt;/span&gt;&lt;/b&gt;\n				&lt;/p&gt;\n				&lt;p class="MsoNormal" align="center" style="text-align:center;"&gt;\n					&lt;b&gt;&lt;span style="font-family:宋体;"&gt;&nbsp;&lt;/span&gt;&lt;/b&gt;\n				&lt;/p&gt;\n				&lt;p class="MsoNormal" align="center" style="text-align:center;"&gt;\n					&lt;b&gt;&lt;span style="font-family:宋体;"&gt;&nbsp;&lt;/span&gt;&lt;/b&gt;\n				&lt;/p&gt;\n				&lt;p class="MsoNormal" align="center" style="text-align:center;"&gt;\n					&lt;b&gt;&lt;span style="font-family:宋体;"&gt;&nbsp;&lt;/span&gt;&lt;/b&gt;\n				&lt;/p&gt;\n				&lt;p class="MsoNormal" align="center" style="text-align:center;"&gt;\n					&lt;b&gt;&lt;span style="font-family:宋体;"&gt;&nbsp;&lt;/span&gt;&lt;/b&gt;\n				&lt;/p&gt;\n				&lt;p class="MsoNormal" align="center" style="text-align:center;"&gt;\n					&lt;b&gt;&lt;span style="font-family:宋体;"&gt;客户管理&lt;span&gt;&lt;/span&gt;&lt;/span&gt;&lt;/b&gt;\n				&lt;/p&gt;\n				&lt;p class="MsoNormal" align="center" style="text-align:center;"&gt;\n					&lt;b&gt;&lt;span style="font-family:宋体;"&gt;&nbsp;&lt;/span&gt;&lt;/b&gt;\n				&lt;/p&gt;\n			&lt;/td&gt;\n			&lt;td width="12%" valign="top" style="border:solid black 1.0pt;"&gt;\n				&lt;p class="MsoNormal" align="center" style="text-align:center;"&gt;\n					&lt;span style="font-family:宋体;"&gt;&nbsp;&lt;/span&gt;\n				&lt;/p&gt;\n				&lt;p class="MsoNormal" align="center" style="text-align:center;"&gt;\n					&lt;b&gt;&lt;span style="font-family:宋体;"&gt;客户级别&lt;/span&gt;&lt;span&gt;&lt;/span&gt;&lt;/b&gt;\n				&lt;/p&gt;\n			&lt;/td&gt;\n			&lt;td width="10%" valign="top" style="border:solid black 1.0pt;"&gt;\n				&lt;p class="MsoNormal"&gt;\n					&lt;span style="font-family:宋体;"&gt;&nbsp;&lt;/span&gt;\n				&lt;/p&gt;\n			&lt;/td&gt;\n			&lt;td width="65%" valign="top" style="border:solid black 1.0pt;"&gt;\n				&lt;p class="MsoNormal" style="margin-left:18.0pt;text-indent:-18.0pt;"&gt;\n					&lt;span&gt;1、&lt;span style="font-size:7pt;line-height:normal;font-family:&quot;"&gt;&nbsp; &lt;/span&gt;&lt;/span&gt;&lt;span style="font-family:宋体;"&gt;新增级别：名称、授信额度、订货折扣（&lt;/span&gt;&lt;span&gt;x%&lt;/span&gt;&lt;span style="font-family:宋体;"&gt;）、状态&lt;/span&gt;&lt;span&gt;(&lt;/span&gt;&lt;span style="font-family:宋体;"&gt;正常或禁用&lt;/span&gt;&lt;span&gt;)&lt;/span&gt;\n				&lt;/p&gt;\n				&lt;p class="MsoNormal"&gt;\n					&lt;span&gt;2&lt;/span&gt;&lt;span style="font-family:宋体;"&gt;、级别列表：序号、名称、授信额度、订货折扣（&lt;/span&gt;&lt;span&gt;x%&lt;/span&gt;&lt;span style="font-family:宋体;"&gt;）、状态&lt;/span&gt;&lt;span&gt;(&lt;/span&gt;&lt;span style="font-family:宋体;"&gt;正常或禁用&lt;/span&gt;&lt;span&gt;)&lt;/span&gt;&lt;span style="font-family:宋体;"&gt;、操作（编辑和删除）&lt;/span&gt;&lt;span style="line-height:150%;font-family:&quot;background:white;"&gt;&lt;/span&gt;\n				&lt;/p&gt;\n			&lt;/td&gt;\n		&lt;/tr&gt;\n		&lt;tr&gt;\n			&lt;td width="12%" valign="top" style="border:solid black 1.0pt;"&gt;\n				&lt;p class="MsoNormal" align="center" style="text-align:center;"&gt;\n					&lt;b&gt;&lt;span style="font-family:宋体;"&gt;&nbsp;&lt;/span&gt;&lt;/b&gt;\n				&lt;/p&gt;\n				&lt;p class="MsoNormal" align="center" style="text-align:center;"&gt;\n					&lt;b&gt;&lt;span style="font-family:宋体;"&gt;&nbsp;&lt;/span&gt;&lt;/b&gt;\n				&lt;/p&gt;\n				&lt;p class="MsoNormal" align="center" style="text-align:center;"&gt;\n					&lt;b&gt;&lt;span style="font-family:宋体;"&gt;&nbsp;&lt;/span&gt;&lt;/b&gt;\n				&lt;/p&gt;\n				&lt;p class="MsoNormal" align="center" style="text-align:center;"&gt;\n					&lt;b&gt;&lt;span style="font-family:宋体;"&gt;&nbsp;&lt;/span&gt;&lt;/b&gt;\n				&lt;/p&gt;\n				&lt;p class="MsoNormal" align="center" style="text-align:center;"&gt;\n					&lt;b&gt;&lt;span style="font-family:宋体;"&gt;&nbsp;&lt;/span&gt;&lt;/b&gt;\n				&lt;/p&gt;\n				&lt;p class="MsoNormal" align="center" style="text-align:center;"&gt;\n					&lt;b&gt;&lt;span style="font-family:宋体;"&gt;客户列表&lt;/span&gt;&lt;span&gt;&lt;/span&gt;&lt;/b&gt;\n				&lt;/p&gt;\n			&lt;/td&gt;\n			&lt;td width="10%" valign="top" style="border:solid black 1.0pt;"&gt;\n				&lt;p class="MsoNormal"&gt;\n					&lt;span style="font-family:宋体;"&gt;&nbsp;&lt;/span&gt;\n				&lt;/p&gt;\n			&lt;/td&gt;\n			&lt;td width="65%" valign="top" style="border:solid black 1.0pt;"&gt;\n				&lt;p class="MsoNormal" style="margin-left:18.0pt;text-indent:-18.0pt;"&gt;\n					&lt;span&gt;1、&lt;span style="font-size:7pt;line-height:normal;font-family:&quot;"&gt;&nbsp; &lt;/span&gt;&lt;/span&gt;&lt;span style="font-family:宋体;"&gt;新增：&lt;/span&gt;\n				&lt;/p&gt;\n				&lt;p class="MsoNormal" style="margin-left:18.0pt;"&gt;\n					&lt;span style="font-family:宋体;"&gt;（&lt;/span&gt;&lt;span&gt;1&lt;/span&gt;&lt;span style="font-family:宋体;"&gt;）公司信息：名称、级别、所在部门、业务员、区域、详细地址、结算开始时间、结算周期、备用信息&lt;/span&gt;\n				&lt;/p&gt;\n				&lt;p class="MsoNormal" style="margin-left:18.0pt;"&gt;\n					&lt;span style="font-family:宋体;"&gt;（&lt;/span&gt;&lt;span&gt;2&lt;/span&gt;&lt;span style="font-family:宋体;"&gt;）负责人信息：姓名、手机、电话、职位、&lt;/span&gt;&lt;span&gt;QQ&lt;/span&gt;&lt;span style="font-family:宋体;"&gt;、微信号&lt;/span&gt;\n				&lt;/p&gt;\n				&lt;p class="MsoNormal" style="margin-left:18.0pt;"&gt;\n					&lt;span style="font-family:宋体;"&gt;（&lt;/span&gt;&lt;span&gt;3&lt;/span&gt;&lt;span style="font-family:宋体;"&gt;）账号信息：账号、密码、是否开通（是或否）&lt;/span&gt;\n				&lt;/p&gt;\n				&lt;p class="MsoNormal" style="margin-left:18.0pt;"&gt;\n					&lt;span style="font-family:宋体;"&gt;（&lt;/span&gt;&lt;span&gt;3&lt;/span&gt;&lt;span style="font-family:宋体;"&gt;）财务信息：发票抬头、纳税人识别号、地址、电话、开户名称、开户银行、银行账号&lt;/span&gt;\n				&lt;/p&gt;\n				&lt;p class="MsoNormal"&gt;\n					&lt;span&gt;2&lt;/span&gt;&lt;span style="font-family:宋体;"&gt;、客户列表：序号、客户名称、登录账号、地区、级别、负责人、手机号、创建时间、状态、操作（编辑和删除）&lt;/span&gt;\n				&lt;/p&gt;\n				&lt;p class="MsoNormal"&gt;\n					&lt;span&gt;3&lt;/span&gt;&lt;span style="font-family:宋体;"&gt;、相关查询：可以通过级别、地区、合作时间、关键词（客户名称、负责人或手机号）进行查询&lt;/span&gt;\n				&lt;/p&gt;\n				&lt;p class="MsoNormal"&gt;\n					&lt;span&gt;4&lt;/span&gt;&lt;span style="font-family:宋体;"&gt;、客户可以批量导出或导入&lt;/span&gt;&lt;span style="line-height:150%;font-family:宋体;background:white;"&gt;&lt;/span&gt;\n				&lt;/p&gt;\n			&lt;/td&gt;\n		&lt;/tr&gt;\n		&lt;tr&gt;\n			&lt;td width="12%" valign="top" style="border:solid black 1.0pt;"&gt;\n				&lt;p class="MsoNormal" align="center" style="text-align:center;"&gt;\n					&lt;b&gt;&lt;span style="font-family:宋体;"&gt;客户反馈&lt;/span&gt;&lt;span&gt;&lt;/span&gt;&lt;/b&gt;\n				&lt;/p&gt;\n			&lt;/td&gt;\n			&lt;td width="10%" valign="top" style="border:solid black 1.0pt;"&gt;\n				&lt;p class="MsoNormal"&gt;\n					&lt;span style="font-family:宋体;"&gt;&nbsp;&lt;/span&gt;\n				&lt;/p&gt;\n			&lt;/td&gt;\n			&lt;td width="65%" valign="top" style="border:solid black 1.0pt;"&gt;\n				&lt;p class="MsoNormal"&gt;\n					&lt;span style="font-family:宋体;"&gt;客户通过前台可以进行线上信息反馈，具体信息：序号、客户名称、内容、时间&lt;/span&gt;&lt;span style="line-height:150%;font-family:宋体;background:white;"&gt;&lt;/span&gt;\n				&lt;/p&gt;\n			&lt;/td&gt;\n		&lt;/tr&gt;\n		&lt;tr&gt;\n			&lt;td width="11%" valign="top" style="border:solid black 1.0pt;"&gt;\n				&lt;p class="MsoNormal" align="center" style="text-align:center;"&gt;\n					&lt;b&gt;&lt;span style="font-family:宋体;"&gt;&nbsp;&lt;/span&gt;&lt;/b&gt;\n				&lt;/p&gt;\n				&lt;p class="MsoNormal" align="center" style="text-align:center;"&gt;\n					&lt;b&gt;&lt;span style="font-family:宋体;"&gt;商品管理&lt;span&gt;&lt;/span&gt;&lt;/span&gt;&lt;/b&gt;\n				&lt;/p&gt;\n			&lt;/td&gt;\n			&lt;td width="12%" valign="top" style="border:solid black 1.0pt;"&gt;\n				&lt;p class="MsoNormal" align="center" style="text-align:center;"&gt;\n					&lt;b&gt;&lt;span style="font-family:宋体;"&gt;&nbsp;&lt;/span&gt;&lt;/b&gt;\n				&lt;/p&gt;\n				&lt;p class="MsoNormal" align="center" style="text-align:center;"&gt;\n					&lt;b&gt;&lt;span style="font-family:宋体;"&gt;商品列表&lt;/span&gt;&lt;span&gt;&lt;/span&gt;&lt;/b&gt;\n				&lt;/p&gt;\n			&lt;/td&gt;\n			&lt;td width="10%" valign="top" style="border:solid black 1.0pt;"&gt;\n				&lt;p class="MsoNormal"&gt;\n					&lt;span style="font-family:宋体;"&gt;&nbsp;&lt;/span&gt;\n				&lt;/p&gt;\n			&lt;/td&gt;\n			&lt;td width="65%" valign="top" style="border:solid black 1.0pt;"&gt;\n				&lt;p class="MsoNormal" style="margin-left:18.0pt;text-indent:-18.0pt;"&gt;\n					&lt;span style="line-height:150%;font-family:宋体;"&gt;1、&lt;span style="font-size:7pt;line-height:normal;font-family:&quot;"&gt; &lt;/span&gt;&lt;/span&gt;&lt;span style="line-height:150%;font-family:宋体;"&gt;发布商品：商品名称、商品类别、商品主图、商品标签（新品、热卖）、成本价、市场价、编码、单位、规格、保质期、预警设置、供应商、是否上架、详情&lt;span&gt;&lt;/span&gt;&lt;/span&gt;\n				&lt;/p&gt;\n				&lt;p class="MsoNormal" style="margin-left:18.0pt;text-indent:-18.0pt;"&gt;\n					&lt;span style="line-height:150%;font-family:宋体;"&gt;2、&lt;span style="font-size:7pt;line-height:normal;font-family:&quot;"&gt; &lt;/span&gt;&lt;/span&gt;&lt;span style="line-height:150%;font-family:宋体;"&gt;商品展示（序号、商品名称、品牌、分类、商品编码、单位、成本价、市场价、保质期、状态（上架或下架）、商品主图、规格、预警设置、供应商&lt;span&gt;&lt;/span&gt;&lt;/span&gt;\n				&lt;/p&gt;\n				&lt;p class="MsoNormal" style="margin-left:18.0pt;text-indent:-18.0pt;"&gt;\n					&lt;span style="line-height:150%;font-family:宋体;"&gt;3、&lt;span style="font-size:7pt;line-height:normal;font-family:&quot;"&gt; &lt;/span&gt;&lt;/span&gt;&lt;span style="line-height:150%;font-family:宋体;"&gt;商品导入或导出&lt;span&gt;&lt;/span&gt;&lt;/span&gt;\n				&lt;/p&gt;\n			&lt;/td&gt;\n		&lt;/tr&gt;\n		&lt;tr&gt;\n			&lt;td width="11%" rowspan="7" valign="top" style="border:solid black 1.0pt;"&gt;\n				&lt;p class="MsoNormal" align="center" style="text-align:center;"&gt;\n					&lt;b&gt;&lt;span style="font-family:宋体;"&gt;&nbsp;&lt;/span&gt;&lt;/b&gt;\n				&lt;/p&gt;\n				&lt;p class="MsoNormal" align="center" style="text-align:center;"&gt;\n					&lt;b&gt;&lt;span style="font-family:宋体;"&gt;&nbsp;&lt;/span&gt;&lt;/b&gt;\n				&lt;/p&gt;\n				&lt;p class="MsoNormal" align="center" style="text-align:center;"&gt;\n					&lt;b&gt;&lt;span style="font-family:宋体;"&gt;&nbsp;&lt;/span&gt;&lt;/b&gt;\n				&lt;/p&gt;\n				&lt;p class="MsoNormal" align="center" style="text-align:center;"&gt;\n					&lt;b&gt;&lt;span style="font-family:宋体;"&gt;&nbsp;&lt;/span&gt;&lt;/b&gt;\n				&lt;/p&gt;\n				&lt;p class="MsoNormal" align="center" style="text-align:center;"&gt;\n					&lt;b&gt;&lt;span style="font-family:宋体;"&gt;&nbsp;&lt;/span&gt;&lt;/b&gt;\n				&lt;/p&gt;\n				&lt;p class="MsoNormal" align="center" style="text-align:center;"&gt;\n					&lt;b&gt;&lt;span style="font-family:宋体;"&gt;&nbsp;&lt;/span&gt;&lt;/b&gt;\n				&lt;/p&gt;\n				&lt;p class="MsoNormal" align="center" style="text-align:center;"&gt;\n					&lt;b&gt;&lt;span style="font-family:宋体;"&gt;&nbsp;&lt;/span&gt;&lt;/b&gt;\n				&lt;/p&gt;\n				&lt;p class="MsoNormal" align="center" style="text-align:center;"&gt;\n					&lt;b&gt;&lt;span style="font-family:宋体;"&gt;&nbsp;&lt;/span&gt;&lt;/b&gt;\n				&lt;/p&gt;\n				&lt;p class="MsoNormal" align="center" style="text-align:center;"&gt;\n					&lt;b&gt;&lt;span style="font-family:宋体;"&gt;采购管理&lt;span&gt;&lt;/span&gt;&lt;/span&gt;&lt;/b&gt;\n				&lt;/p&gt;\n			&lt;/td&gt;\n			&lt;td width="12%" valign="top" style="border:solid black 1.0pt;"&gt;\n				&lt;p class="MsoNormal" align="center" style="text-align:center;"&gt;\n					&lt;b&gt;&lt;span style="font-family:宋体;"&gt;&nbsp;&lt;/span&gt;&lt;/b&gt;\n				&lt;/p&gt;\n				&lt;p class="MsoNormal" align="center" style="text-align:center;"&gt;\n					&lt;b&gt;&lt;span style="font-family:宋体;"&gt;&nbsp;&lt;/span&gt;&lt;/b&gt;\n				&lt;/p&gt;\n				&lt;p class="MsoNormal" align="center" style="text-align:center;"&gt;\n					&lt;b&gt;&lt;span style="font-family:宋体;"&gt;&nbsp;&lt;/span&gt;&lt;/b&gt;\n				&lt;/p&gt;\n				&lt;p class="MsoNormal" align="center" style="text-align:center;"&gt;\n					&lt;b&gt;&lt;span style="font-family:宋体;"&gt;&nbsp;&lt;/span&gt;&lt;/b&gt;\n				&lt;/p&gt;\n				&lt;p class="MsoNormal" align="center" style="text-align:center;"&gt;\n					&lt;b&gt;&lt;span style="font-family:宋体;"&gt;&nbsp;&lt;/span&gt;&lt;/b&gt;\n				&lt;/p&gt;\n				&lt;p class="MsoNormal" align="center" style="text-align:center;"&gt;\n					&lt;b&gt;&lt;span style="font-family:宋体;"&gt;&nbsp;&lt;/span&gt;&lt;/b&gt;\n				&lt;/p&gt;\n				&lt;p class="MsoNormal" align="center" style="text-align:center;"&gt;\n					&lt;b&gt;&lt;span style="font-family:宋体;"&gt;&nbsp;&lt;/span&gt;&lt;/b&gt;\n				&lt;/p&gt;\n				&lt;p class="MsoNormal" align="center" style="text-align:center;"&gt;\n					&lt;b&gt;&lt;span style="font-family:宋体;"&gt;&nbsp;&lt;/span&gt;&lt;/b&gt;\n				&lt;/p&gt;\n				&lt;p class="MsoNormal" align="center" style="text-align:center;"&gt;\n					&lt;b&gt;&lt;span style="font-family:宋体;"&gt;采购订单&lt;span&gt;&lt;/span&gt;&lt;/span&gt;&lt;/b&gt;\n				&lt;/p&gt;\n			&lt;/td&gt;\n			&lt;td width="10%" valign="top" style="border:solid black 1.0pt;"&gt;\n				&lt;p class="MsoNormal"&gt;\n					&lt;span style="font-family:宋体;"&gt;&nbsp;&lt;/span&gt;\n				&lt;/p&gt;\n			&lt;/td&gt;\n			&lt;td width="65%" valign="top" style="border:solid black 1.0pt;"&gt;\n				&lt;p class="MsoNormal"&gt;\n					&lt;span&gt;1&lt;/span&gt;&lt;span style="font-family:宋体;"&gt;、新增：&lt;/span&gt;\n				&lt;/p&gt;\n				&lt;p class="MsoNormal" style="margin-left:18.0pt;"&gt;\n					&lt;span style="font-family:宋体;"&gt;（&lt;/span&gt;&lt;span&gt;1&lt;/span&gt;&lt;span style="font-family:宋体;"&gt;）选择供应商&lt;/span&gt;\n				&lt;/p&gt;\n				&lt;p class="MsoNormal" style="margin-left:18.0pt;"&gt;\n					&lt;span style="font-family:宋体;"&gt;（&lt;/span&gt;&lt;span&gt;2&lt;/span&gt;&lt;span style="font-family:宋体;"&gt;）商品信息：商品编码、商品名称、规格、单位、采购数、采购单价、小计、合计&lt;/span&gt;\n				&lt;/p&gt;\n				&lt;p class="MsoNormal" style="margin-left:18.0pt;"&gt;\n					&lt;span style="font-family:宋体;"&gt;（&lt;/span&gt;&lt;span&gt;3&lt;/span&gt;&lt;span style="font-family:宋体;"&gt;）其它信息：日期、备注、采购单号、采购员、制单人&lt;/span&gt;\n				&lt;/p&gt;\n				&lt;p class="MsoNormal"&gt;\n					&lt;span&gt;2&lt;/span&gt;&lt;span style="font-family:宋体;"&gt;、订单列表&lt;/span&gt;\n				&lt;/p&gt;\n				&lt;p class="MsoNormal" style="text-indent:21.75pt;"&gt;\n					&lt;span style="font-family:宋体;"&gt;（&lt;/span&gt;&lt;span&gt;1&lt;/span&gt;&lt;span style="font-family:宋体;"&gt;）待审核：单号、供应商、采购金额、制单人、采购员、时间、状态（待审核）、操作（审核、修改、删除和查看）&lt;/span&gt;\n				&lt;/p&gt;\n				&lt;p class="MsoNormal" style="text-indent:21.75pt;"&gt;\n					&lt;span style="font-family:宋体;"&gt;（&lt;/span&gt;&lt;span&gt;2&lt;/span&gt;&lt;span style="font-family:宋体;"&gt;）待采购：单号、供应商、采购金额、制单人、采购员、时间、状态（待采购）、操作（已采购、作废和查看）&lt;/span&gt;\n				&lt;/p&gt;\n				&lt;p class="MsoNormal" style="text-indent:21.75pt;"&gt;\n					&lt;span style="font-family:宋体;"&gt;（&lt;/span&gt;&lt;span&gt;3&lt;/span&gt;&lt;span style="font-family:宋体;"&gt;）待入库：单号、供应商、采购金额、制单人、采购员、时间、状态（待入库）、操作（入库、查看和打印）&lt;/span&gt;\n				&lt;/p&gt;\n				&lt;p class="MsoNormal" style="text-indent:21.75pt;"&gt;\n					&lt;span style="font-family:宋体;"&gt;（&lt;/span&gt;&lt;span&gt;4&lt;/span&gt;&lt;span style="font-family:宋体;"&gt;）已入库：单号、供应商、采购金额、制单人、采购员、时间、状态（已入库）、操作（查看、退货和打印）&lt;/span&gt;\n				&lt;/p&gt;\n				&lt;p class="MsoNormal"&gt;\n					&lt;span&gt;3&lt;/span&gt;&lt;span style="font-family:宋体;"&gt;、订单详情&lt;/span&gt;\n				&lt;/p&gt;\n				&lt;p class="MsoNormal" style="text-indent:21.75pt;"&gt;\n					&lt;span&gt;&nbsp;&lt;/span&gt;&lt;span style="font-family:宋体;"&gt;（&lt;/span&gt;&lt;span&gt;1&lt;/span&gt;&lt;span style="font-family:宋体;"&gt;）待审核&lt;/span&gt;&lt;span&gt;&nbsp;&nbsp; &lt;/span&gt;&lt;span style="font-family:宋体;"&gt;采购单号、供应商、采购员、时间&lt;/span&gt;\n				&lt;/p&gt;\n				&lt;p class="MsoNormal" style="text-indent:48.0pt;"&gt;\n					&lt;span style="font-family:宋体;"&gt;商品信息：商品编码、商品名称、规格、单位、采购数、采购单价、小计、合计&lt;/span&gt;\n				&lt;/p&gt;\n				&lt;p class="MsoNormal" style="text-indent:48.0pt;"&gt;\n					&lt;span style="font-family:宋体;"&gt;备注、制单人&lt;/span&gt;\n				&lt;/p&gt;\n				&lt;p class="MsoNormal" style="text-indent:21.75pt;"&gt;\n					&lt;span style="font-family:宋体;"&gt;（&lt;/span&gt;&lt;span&gt;2&lt;/span&gt;&lt;span style="font-family:宋体;"&gt;）待采购&lt;/span&gt;&lt;span&gt;&nbsp;&nbsp; &lt;/span&gt;&lt;span style="font-family:宋体;"&gt;采购单号、供应商、采购员、时间&lt;/span&gt;\n				&lt;/p&gt;\n				&lt;p class="MsoNormal" style="text-indent:48.0pt;"&gt;\n					&lt;span style="font-family:宋体;"&gt;商品信息：商品编码、商品名称、规格、单位、采购数、采购单价、小计、合计&lt;/span&gt;\n				&lt;/p&gt;\n				&lt;p class="MsoNormal" style="text-indent:21.75pt;"&gt;\n					&lt;span style="font-family:宋体;"&gt;备注、制单人、审核人&lt;/span&gt;\n				&lt;/p&gt;\n				&lt;p class="MsoNormal" style="text-indent:21.75pt;"&gt;\n					&lt;span style="font-family:宋体;"&gt;（&lt;/span&gt;&lt;span&gt;3&lt;/span&gt;&lt;span style="font-family:宋体;"&gt;）已作废&lt;/span&gt;&lt;span&gt;&nbsp;&nbsp; &lt;/span&gt;&lt;span style="font-family:宋体;"&gt;采购单号、供应商、采购员、时间&lt;/span&gt;\n				&lt;/p&gt;\n				&lt;p class="MsoNormal" style="text-indent:48.0pt;"&gt;\n					&lt;span style="font-family:宋体;"&gt;商品信息：商品编码、商品名称、规格、单位、采购数、采购单价、小计、合计&lt;/span&gt;\n				&lt;/p&gt;\n				&lt;p class="MsoNormal" style="text-indent:21.75pt;"&gt;\n					&lt;span style="font-family:宋体;"&gt;备注、制单人&lt;/span&gt;\n				&lt;/p&gt;\n				&lt;p class="MsoNormal" style="text-indent:21.75pt;"&gt;\n					&lt;span style="font-family:宋体;"&gt;（&lt;/span&gt;&lt;span&gt;4&lt;/span&gt;&lt;span style="font-family:宋体;"&gt;）待入库&lt;/span&gt;&lt;span&gt;&nbsp;&nbsp; &lt;/span&gt;&lt;span style="font-family:宋体;"&gt;采购单号、供应商、采购员、时间&lt;/span&gt;\n				&lt;/p&gt;\n				&lt;p class="MsoNormal" style="text-indent:48.0pt;"&gt;\n					&lt;span style="font-family:宋体;"&gt;商品信息：商品编码、商品名称、规格、单位、采购数、采购单价、小计、合计&lt;/span&gt;\n				&lt;/p&gt;\n				&lt;p class="MsoNormal" style="text-indent:21.75pt;"&gt;\n					&lt;span style="font-family:宋体;"&gt;备注、制单人、审核人&lt;/span&gt;\n				&lt;/p&gt;\n				&lt;p class="MsoNormal" style="text-indent:21.75pt;"&gt;\n					&lt;span style="font-family:宋体;"&gt;（&lt;/span&gt;&lt;span&gt;5&lt;/span&gt;&lt;span style="font-family:宋体;"&gt;）已入库&lt;/span&gt;&lt;span&gt;&nbsp;&nbsp; &lt;/span&gt;&lt;span style="font-family:宋体;"&gt;采购单号、供应商、采购员、时间&lt;/span&gt;\n				&lt;/p&gt;\n				&lt;p class="MsoNormal" style="text-indent:48.0pt;"&gt;\n					&lt;span style="font-family:宋体;"&gt;商品信息：商品编码、商品名称、规格、单位、采购数、采购单价、小计、合计&lt;/span&gt;\n				&lt;/p&gt;\n				&lt;p class="MsoNormal" style="text-indent:21.75pt;"&gt;\n					&lt;span style="font-family:宋体;"&gt;备注、制单人、审核人、收货员&lt;/span&gt;\n				&lt;/p&gt;\n			&lt;/td&gt;\n		&lt;/tr&gt;\n		&lt;tr&gt;\n			&lt;td width="12%" rowspan="3" valign="top" style="border:solid black 1.0pt;"&gt;\n				&lt;p class="MsoNormal" align="center" style="text-align:center;"&gt;\n					&lt;b&gt;&lt;span style="font-family:宋体;"&gt;&nbsp;&lt;/span&gt;&lt;/b&gt;\n				&lt;/p&gt;\n				&lt;p class="MsoNormal" align="center" style="text-align:center;"&gt;\n					&lt;b&gt;&lt;span style="font-family:宋体;"&gt;&nbsp;&lt;/span&gt;&lt;/b&gt;\n				&lt;/p&gt;\n				&lt;p class="MsoNormal" align="center" style="text-align:center;"&gt;\n					&lt;b&gt;&lt;span style="font-family:宋体;"&gt;采购退货&lt;span&gt;&lt;/span&gt;&lt;/span&gt;&lt;/b&gt;\n				&lt;/p&gt;\n			&lt;/td&gt;\n			&lt;td width="10%" valign="top" style="border:solid black 1.0pt;"&gt;\n				&lt;p class="MsoNormal"&gt;\n					&lt;span style="font-family:宋体;"&gt;新增退货&lt;span&gt;&lt;/span&gt;&lt;/span&gt;\n				&lt;/p&gt;\n			&lt;/td&gt;\n			&lt;td width="65%" valign="top" style="border:solid black 1.0pt;"&gt;\n				&lt;p class="MsoNormal"&gt;\n					&lt;span style="font-family:宋体;"&gt;（&lt;/span&gt;&lt;span&gt;1&lt;/span&gt;&lt;span style="font-family:宋体;"&gt;）&lt;/span&gt;&lt;span style="line-height:150%;font-family:宋体;"&gt;关联采购订单、选择退货仓库、供应商&lt;/span&gt;\n				&lt;/p&gt;\n				&lt;p class="MsoNormal"&gt;\n					&lt;span style="font-family:宋体;"&gt;（&lt;/span&gt;&lt;span&gt;2&lt;/span&gt;&lt;span style="font-family:宋体;"&gt;）商品信息：商品编码、商品名称、规格、单位、剩余可退数、退货数、退货单价、小计、合计&lt;/span&gt;\n				&lt;/p&gt;\n				&lt;p class="MsoNormal"&gt;\n					&lt;span style="font-family:宋体;"&gt;（&lt;/span&gt;&lt;span&gt;3&lt;/span&gt;&lt;span style="font-family:宋体;"&gt;）其它信息：日期、备注、&lt;/span&gt;&lt;span style="line-height:150%;font-family:宋体;color:#415161;background:white;"&gt;采购退货单号&lt;/span&gt;&lt;span style="font-family:宋体;"&gt;、经办人、制单人&lt;/span&gt;\n				&lt;/p&gt;\n			&lt;/td&gt;\n		&lt;/tr&gt;\n		&lt;tr&gt;\n			&lt;td width="10%" valign="top" style="border:solid black 1.0pt;"&gt;\n				&lt;p class="MsoNormal"&gt;\n					&lt;span style="font-family:宋体;"&gt;退货列表&lt;span&gt;&lt;/span&gt;&lt;/span&gt;\n				&lt;/p&gt;\n			&lt;/td&gt;\n			&lt;td width="65%" valign="top" style="border:solid black 1.0pt;"&gt;\n				&lt;p class="MsoNormal"&gt;\n					&lt;span style="line-height:150%;font-family:宋体;"&gt;具体信息：采购退货单号、供应商、退货仓库、退货金额、制单人、经办人、时间、状态（审核中或已完成）、操作（审核、查看、编辑和删除）&lt;span&gt;&lt;/span&gt;&lt;/span&gt;\n				&lt;/p&gt;\n			&lt;/td&gt;\n		&lt;/tr&gt;\n		&lt;tr&gt;\n			&lt;td width="10%" valign="top" style="border:solid black 1.0pt;"&gt;\n				&lt;p class="MsoNormal"&gt;\n					&lt;span style="font-family:宋体;"&gt;相关查询&lt;span&gt;&lt;/span&gt;&lt;/span&gt;\n				&lt;/p&gt;\n			&lt;/td&gt;\n			&lt;td width="65%" valign="top" style="border:solid black 1.0pt;"&gt;\n				&lt;p class="MsoNormal"&gt;\n					&lt;span style="line-height:150%;font-family:宋体;"&gt;可以通过仓库、单号、供应商、商品、时间进行查询&lt;span&gt;&lt;/span&gt;&lt;/span&gt;\n				&lt;/p&gt;\n			&lt;/td&gt;\n		&lt;/tr&gt;\n		&lt;tr&gt;\n			&lt;td width="12%" rowspan="2" valign="top" style="border:solid black 1.0pt;"&gt;\n				&lt;p class="MsoNormal" align="center" style="text-align:center;"&gt;\n					&lt;b&gt;&lt;span style="font-family:宋体;"&gt;采购汇总&lt;span&gt;&lt;/span&gt;&lt;/span&gt;&lt;/b&gt;\n				&lt;/p&gt;\n			&lt;/td&gt;\n			&lt;td width="10%" valign="top" style="border:solid black 1.0pt;"&gt;\n				&lt;p class="MsoNormal"&gt;\n					&lt;span style="font-family:宋体;"&gt;汇总列表&lt;span&gt;&lt;/span&gt;&lt;/span&gt;\n				&lt;/p&gt;\n			&lt;/td&gt;\n			&lt;td width="65%" valign="top" style="border:solid black 1.0pt;"&gt;\n				&lt;p class="MsoNormal" style="margin-left:18.0pt;text-indent:-18.0pt;"&gt;\n					&lt;span style="line-height:150%;font-family:宋体;"&gt;1、&lt;span style="font-size:7pt;line-height:normal;font-family:&quot;"&gt; &lt;/span&gt;&lt;/span&gt;&lt;span style="line-height:150%;font-family:宋体;"&gt;统计：采购总单数、采购商品数、采购总金额&lt;span&gt;&lt;/span&gt;&lt;/span&gt;\n				&lt;/p&gt;\n				&lt;p class="MsoNormal" style="margin-left:18.0pt;text-indent:-18.0pt;"&gt;\n					&lt;span style="line-height:150%;font-family:宋体;"&gt;2、&lt;span style="font-size:7pt;line-height:normal;font-family:&quot;"&gt; &lt;/span&gt;&lt;/span&gt;&lt;span style="line-height:150%;font-family:宋体;"&gt;列表：采购时间、采购单号、供应商名称、商品编码、商品名称、规格、单位、数量、采购价、小计&lt;span&gt;&lt;/span&gt;&lt;/span&gt;\n				&lt;/p&gt;\n			&lt;/td&gt;\n		&lt;/tr&gt;\n		&lt;tr&gt;\n			&lt;td width="10%" valign="top" style="border:solid black 1.0pt;"&gt;\n				&lt;p class="MsoNormal"&gt;\n					&lt;span style="font-family:宋体;"&gt;高级搜索&lt;span&gt;&lt;/span&gt;&lt;/span&gt;\n				&lt;/p&gt;\n			&lt;/td&gt;\n			&lt;td width="65%" valign="top" style="border:solid black 1.0pt;"&gt;\n				&lt;p class="MsoNormal"&gt;\n					&lt;span style="line-height:150%;font-family:宋体;"&gt;采购时间、供应商、商品信息、商品分类&lt;span&gt;&lt;/span&gt;&lt;/span&gt;\n				&lt;/p&gt;\n			&lt;/td&gt;\n		&lt;/tr&gt;\n		&lt;tr&gt;\n			&lt;td width="12%" valign="top" style="border:solid black 1.0pt;"&gt;\n				&lt;p class="MsoNormal" align="center" style="text-align:center;"&gt;\n					&lt;b&gt;&lt;span style="font-family:宋体;"&gt;采购结算&lt;span&gt;&lt;/span&gt;&lt;/span&gt;&lt;/b&gt;\n				&lt;/p&gt;\n			&lt;/td&gt;\n			&lt;td width="10%" valign="top" style="border:solid black 1.0pt;"&gt;\n				&lt;p class="MsoNormal"&gt;\n					&lt;span style="font-family:宋体;"&gt;&nbsp;&lt;/span&gt;\n				&lt;/p&gt;\n			&lt;/td&gt;\n			&lt;td width="65%" valign="top" style="border:solid black 1.0pt;"&gt;\n				&lt;p class="MsoNormal"&gt;\n					&lt;span style="line-height:150%;font-family:宋体;"&gt;&nbsp;&lt;/span&gt;\n				&lt;/p&gt;\n			&lt;/td&gt;\n		&lt;/tr&gt;\n		&lt;tr&gt;\n			&lt;td width="11%" rowspan="8" valign="top" style="border:solid black 1.0pt;"&gt;\n				&lt;p class="MsoNormal" align="center" style="text-align:center;"&gt;\n					&lt;b&gt;&lt;span style="font-family:宋体;"&gt;&nbsp;&lt;/span&gt;&lt;/b&gt;\n				&lt;/p&gt;\n				&lt;p class="MsoNormal" align="center" style="text-align:center;"&gt;\n					&lt;b&gt;&lt;span style="font-family:宋体;"&gt;&nbsp;&lt;/span&gt;&lt;/b&gt;\n				&lt;/p&gt;\n				&lt;p class="MsoNormal" align="center" style="text-align:center;"&gt;\n					&lt;b&gt;&lt;span style="font-family:宋体;"&gt;&nbsp;&lt;/span&gt;&lt;/b&gt;\n				&lt;/p&gt;\n				&lt;p class="MsoNormal" align="center" style="text-align:center;"&gt;\n					&lt;b&gt;&lt;span style="font-family:宋体;"&gt;&nbsp;&lt;/span&gt;&lt;/b&gt;\n				&lt;/p&gt;\n				&lt;p class="MsoNormal" align="center" style="text-align:center;"&gt;\n					&lt;b&gt;&lt;span style="font-family:宋体;"&gt;&nbsp;&lt;/span&gt;&lt;/b&gt;\n				&lt;/p&gt;\n				&lt;p class="MsoNormal" align="center" style="text-align:center;"&gt;\n					&lt;b&gt;&lt;span style="font-family:宋体;"&gt;&nbsp;&lt;/span&gt;&lt;/b&gt;\n				&lt;/p&gt;\n				&lt;p class="MsoNormal" align="center" style="text-align:center;"&gt;\n					&lt;b&gt;&lt;span style="font-family:宋体;"&gt;&nbsp;&lt;/span&gt;&lt;/b&gt;\n				&lt;/p&gt;\n				&lt;p class="MsoNormal" align="center" style="text-align:center;"&gt;\n					&lt;b&gt;&lt;span style="font-family:宋体;"&gt;&nbsp;&lt;/span&gt;&lt;/b&gt;\n				&lt;/p&gt;\n				&lt;p class="MsoNormal" align="center" style="text-align:center;"&gt;\n					&lt;b&gt;&lt;span style="font-family:宋体;"&gt;库房管理&lt;span&gt;&lt;/span&gt;&lt;/span&gt;&lt;/b&gt;\n				&lt;/p&gt;\n			&lt;/td&gt;\n			&lt;td width="12%" rowspan="5" valign="top" style="border:solid black 1.0pt;"&gt;\n				&lt;p class="MsoNormal"&gt;\n					&lt;span&gt;&nbsp;&lt;/span&gt;\n				&lt;/p&gt;\n				&lt;p class="MsoNormal"&gt;\n					&lt;span&gt;&nbsp;&lt;/span&gt;\n				&lt;/p&gt;\n				&lt;p class="MsoNormal"&gt;\n					&lt;span&gt;&nbsp;&lt;/span&gt;\n				&lt;/p&gt;\n				&lt;p class="MsoNormal" align="center" style="text-align:center;"&gt;\n					&lt;b&gt;&lt;span&gt;&nbsp;&lt;/span&gt;&lt;/b&gt;\n				&lt;/p&gt;\n				&lt;p class="MsoNormal" align="center" style="text-align:center;"&gt;\n					&lt;b&gt;&lt;span&gt;&nbsp;&lt;/span&gt;&lt;/b&gt;\n				&lt;/p&gt;\n				&lt;p class="MsoNormal" align="center" style="text-align:center;"&gt;\n					&lt;b&gt;&lt;span&gt;&nbsp;&lt;/span&gt;&lt;/b&gt;\n				&lt;/p&gt;\n				&lt;p class="MsoNormal" align="center" style="text-align:center;"&gt;\n					&lt;b&gt;&lt;span&gt;&nbsp;&lt;/span&gt;&lt;/b&gt;\n				&lt;/p&gt;\n				&lt;p class="MsoNormal" align="center" style="text-align:center;"&gt;\n					&lt;b&gt;&lt;span&gt;&nbsp;&lt;/span&gt;&lt;/b&gt;\n				&lt;/p&gt;\n				&lt;p class="MsoNormal" align="center" style="text-align:center;"&gt;\n					&lt;b&gt;&lt;span style="font-family:宋体;"&gt;库存管理&lt;/span&gt;&lt;/b&gt;&lt;b&gt;&lt;span style="font-family:宋体;"&gt;&lt;/span&gt;&lt;/b&gt;\n				&lt;/p&gt;\n			&lt;/td&gt;\n			&lt;td width="10%" valign="top" style="border:solid black 1.0pt;"&gt;\n				&lt;p class="MsoNormal"&gt;\n					&lt;span style="font-family:宋体;"&gt;库存状况&lt;span&gt;&lt;/span&gt;&lt;/span&gt;\n				&lt;/p&gt;\n			&lt;/td&gt;\n			&lt;td width="65%" valign="top" style="border:solid black 1.0pt;"&gt;\n				&lt;p class="MsoNormal" style="margin-left:18.0pt;text-indent:-18.0pt;"&gt;\n					&lt;span style="font-family:宋体;"&gt;1、&lt;span style="font-size:7pt;line-height:normal;font-family:&quot;"&gt; &lt;/span&gt;&lt;/span&gt;&lt;span style="font-family:宋体;"&gt;具体信息：序号、商品名称、单位、价格、库存、安全库存&lt;span&gt;&lt;/span&gt;&lt;/span&gt;\n				&lt;/p&gt;\n				&lt;p class="MsoNormal" style="margin-left:18.0pt;text-indent:-18.0pt;"&gt;\n					&lt;span style="line-height:150%;font-family:宋体;"&gt;2、&lt;span style="font-size:7pt;line-height:normal;font-family:&quot;"&gt; &lt;/span&gt;&lt;/span&gt;&lt;span style="font-family:宋体;"&gt;库存预警（当实际库存小于或等于安全库存时，后台有消息提醒）&lt;/span&gt;&lt;span style="line-height:150%;font-family:宋体;"&gt;&lt;/span&gt;\n				&lt;/p&gt;\n			&lt;/td&gt;\n		&lt;/tr&gt;\n		&lt;tr&gt;\n			&lt;td width="10%" valign="top" style="border:solid black 1.0pt;"&gt;\n				&lt;p class="MsoNormal"&gt;\n					&lt;span style="font-family:宋体;"&gt;商品入库&lt;span&gt;&lt;/span&gt;&lt;/span&gt;\n				&lt;/p&gt;\n			&lt;/td&gt;\n			&lt;td width="65%" valign="top" style="border:solid black 1.0pt;"&gt;\n				&lt;p class="MsoNormal" style="margin-left:18.0pt;text-indent:-18.0pt;"&gt;\n					&lt;span style="font-family:宋体;"&gt;1、&lt;span style="font-size:7pt;line-height:normal;font-family:&quot;"&gt; &lt;/span&gt;&lt;/span&gt;&lt;span style="font-family:宋体;"&gt;新增入库：选择仓库、入库日期、选择商品（商品编号、名称、规格、单位、入库数量）、入库单号、备注、入库类型（销售退货和其他入库）、经办人、制单人&lt;span&gt;&lt;/span&gt;&lt;/span&gt;\n				&lt;/p&gt;\n				&lt;p class="MsoNormal" style="margin-left:18.0pt;text-indent:-18.0pt;"&gt;\n					&lt;span style="font-family:宋体;"&gt;2、&lt;span style="font-size:7pt;line-height:normal;font-family:&quot;"&gt; &lt;/span&gt;&lt;/span&gt;&lt;span style="font-family:宋体;"&gt;入库单据：入库单号、入库时间、所属仓库、入库类型、制单人、操作（查看和打印）&lt;span&gt;&lt;/span&gt;&lt;/span&gt;\n				&lt;/p&gt;\n			&lt;/td&gt;\n		&lt;/tr&gt;\n		&lt;tr&gt;\n			&lt;td width="10%" valign="top" style="border:solid black 1.0pt;"&gt;\n				&lt;p class="MsoNormal"&gt;\n					&lt;span style="font-family:宋体;"&gt;商品出库&lt;span&gt;&lt;/span&gt;&lt;/span&gt;\n				&lt;/p&gt;\n			&lt;/td&gt;\n			&lt;td width="65%" valign="top" style="border:solid black 1.0pt;"&gt;\n				&lt;p class="MsoNormal" style="margin-left:18.0pt;text-indent:-18.0pt;"&gt;\n					&lt;span style="font-family:宋体;"&gt;1、&lt;span style="font-size:7pt;line-height:normal;font-family:&quot;"&gt; &lt;/span&gt;&lt;/span&gt;&lt;span style="font-family:宋体;"&gt;新增出库：选择仓库、出库日期、选择商品（商品编号、名称、规格、单位、出库数量）、出库单号、备注、出库类型（销售退货和其他出库）、经办人、制单人&lt;span&gt;&lt;/span&gt;&lt;/span&gt;\n				&lt;/p&gt;\n				&lt;p class="MsoNormal" style="margin-left:18.0pt;text-indent:-18.0pt;"&gt;\n					&lt;span style="font-family:宋体;"&gt;2、&lt;span style="font-size:7pt;line-height:normal;font-family:&quot;"&gt; &lt;/span&gt;&lt;/span&gt;&lt;span style="font-family:宋体;"&gt;出库单据：出库单号、出库时间、所属仓库、出库类型、制单人、操作（查看和打印）&lt;span&gt;&lt;/span&gt;&lt;/span&gt;\n				&lt;/p&gt;\n			&lt;/td&gt;\n		&lt;/tr&gt;\n		&lt;tr&gt;\n			&lt;td width="10%" valign="top" style="border:solid black 1.0pt;"&gt;\n				&lt;p class="MsoNormal"&gt;\n					&lt;span style="font-family:宋体;"&gt;商品调拨&lt;span&gt;&lt;/span&gt;&lt;/span&gt;\n				&lt;/p&gt;\n			&lt;/td&gt;\n			&lt;td width="65%" valign="top" style="border:solid black 1.0pt;"&gt;\n				&lt;p class="MsoNormal"&gt;\n					&lt;span style="font-family:宋体;"&gt;1&lt;/span&gt;&lt;span style="font-family:宋体;"&gt;、新增：调出仓、调出时间、调入仓、商品信息（商品编号、名称、规格、单位、调拨数量）、调拨单号、备注说明、经办人、制单人&lt;span&gt;&lt;/span&gt;&lt;/span&gt;\n				&lt;/p&gt;\n				&lt;p class="MsoNormal"&gt;\n					&lt;span style="font-family:宋体;"&gt;2&lt;/span&gt;&lt;span style="font-family:宋体;"&gt;、调拨单据：调拨单号、调出仓库、调入仓库、调出时间、调入时间、制单人、&lt;span&gt;&lt;/span&gt;&lt;/span&gt;\n				&lt;/p&gt;\n				&lt;p class="MsoNormal" style="text-indent:15.75pt;"&gt;\n					&lt;span style="font-family:宋体;"&gt;状态：&lt;span&gt;&lt;/span&gt;&lt;/span&gt;\n				&lt;/p&gt;\n				&lt;p class="MsoNormal" style="text-indent:15.75pt;"&gt;\n					&lt;span style="font-family:宋体;"&gt;待审核（审核、编辑、查看和删除）&lt;span&gt;&lt;/span&gt;&lt;/span&gt;\n				&lt;/p&gt;\n				&lt;p class="MsoNormal" style="text-indent:15.75pt;"&gt;\n					&lt;span style="font-family:宋体;"&gt;待配货（出库、查看和删除）&lt;span&gt;&lt;/span&gt;&lt;/span&gt;\n				&lt;/p&gt;\n				&lt;p class="MsoNormal" style="text-indent:15.75pt;"&gt;\n					&lt;span style="font-family:宋体;"&gt;已出库（入库和查看）&lt;span&gt;&lt;/span&gt;&lt;/span&gt;\n				&lt;/p&gt;\n				&lt;p class="MsoNormal" style="text-indent:15.75pt;"&gt;\n					&lt;span style="font-family:宋体;"&gt;已完成（查看）&lt;span&gt;&lt;/span&gt;&lt;/span&gt;\n				&lt;/p&gt;\n				&lt;p class="MsoNormal" style="text-indent:15.8pt;"&gt;\n					&lt;b&gt;&lt;span style="font-family:宋体;color:red;"&gt;备注：在订单详情可以进行打印和导出&lt;span&gt;&lt;/span&gt;&lt;/span&gt;&lt;/b&gt;\n				&lt;/p&gt;\n			&lt;/td&gt;\n		&lt;/tr&gt;\n		&lt;tr&gt;\n			&lt;td width="10%" valign="top" style="border:solid black 1.0pt;"&gt;\n				&lt;p class="MsoNormal"&gt;\n					&lt;span style="font-family:宋体;"&gt;商品盘点&lt;span&gt;&lt;/span&gt;&lt;/span&gt;\n				&lt;/p&gt;\n			&lt;/td&gt;\n			&lt;td width="65%" valign="top" style="border:solid black 1.0pt;"&gt;\n				&lt;p class="MsoNormal" style="margin-left:18.0pt;text-indent:-18.0pt;"&gt;\n					&lt;span style="font-family:宋体;"&gt;1、&lt;span style="font-size:7pt;line-height:normal;font-family:&quot;"&gt; &lt;/span&gt;&lt;/span&gt;&lt;span style="font-family:宋体;"&gt;申请盘点：选择仓库、商品分类、品牌、库区、货架、商品信息（商品名称、规格、单位、系统库存、商品编号、上次盘点时间、货架号、操作（新增或删除）&lt;span&gt;&lt;/span&gt;&lt;/span&gt;\n				&lt;/p&gt;\n				&lt;p class="MsoNormal" style="margin-left:18.0pt;text-indent:-18.0pt;"&gt;\n					&lt;span style="font-family:宋体;"&gt;2、&lt;span style="font-size:7pt;line-height:normal;font-family:&quot;"&gt; &lt;/span&gt;&lt;/span&gt;&lt;span style="font-family:宋体;"&gt;盘点单据：盘点单号、盘点仓库、制单人、审核人、盘点人、创建时间、状态（待审核、待盘点和已完成）、操作（审核、盘点和查看）&lt;span&gt;&lt;/span&gt;&lt;/span&gt;\n				&lt;/p&gt;\n				&lt;p class="MsoNormal" style="margin-left:18.0pt;text-indent:-18.0pt;"&gt;\n					&lt;span style="font-family:宋体;"&gt;3、&lt;span style="font-size:7pt;line-height:normal;font-family:&quot;"&gt; &lt;/span&gt;&lt;/span&gt;&lt;span style="font-family:宋体;"&gt;盘点差异：盘点商品、单位、规格、仓库、货位货架号、库存、盘点数量、差异数量、单价、差异金额、备注、盘点单号&lt;span&gt;&lt;/span&gt;&lt;/span&gt;\n				&lt;/p&gt;\n			&lt;/td&gt;\n		&lt;/tr&gt;\n		&lt;tr&gt;\n			&lt;td width="12%" valign="top" style="border:solid black 1.0pt;"&gt;\n				&lt;p class="MsoNormal"&gt;\n					&lt;span&gt;&nbsp;&lt;/span&gt;\n				&lt;/p&gt;\n			&lt;/td&gt;\n			&lt;td width="10%" valign="top" style="border:solid black 1.0pt;"&gt;\n				&lt;p class="MsoNormal"&gt;\n					&lt;span style="font-family:宋体;"&gt;&nbsp;&lt;/span&gt;\n				&lt;/p&gt;\n				&lt;p class="MsoNormal"&gt;\n					&lt;span style="font-family:宋体;"&gt;缺货登记&lt;span&gt;&lt;/span&gt;&lt;/span&gt;\n				&lt;/p&gt;\n			&lt;/td&gt;\n			&lt;td width="65%" valign="top" style="border:solid black 1.0pt;"&gt;\n				&lt;p class="MsoNormal" style="margin-left:18.0pt;text-indent:-18.0pt;"&gt;\n					&lt;span style="font-family:宋体;"&gt;1、&lt;span style="font-size:7pt;line-height:normal;font-family:&quot;"&gt; &lt;/span&gt;&lt;/span&gt;&lt;span style="font-family:宋体;"&gt;登记列表：客户名称、联系人、电话、内容、提交时间、状态（已处理和未处理）操作（处理、查看和删除）&lt;span&gt;&lt;/span&gt;&lt;/span&gt;\n				&lt;/p&gt;\n				&lt;p class="MsoNormal" style="margin-left:18.0pt;text-indent:-18.0pt;"&gt;\n					&lt;span style="font-family:宋体;"&gt;2、&lt;span style="font-size:7pt;line-height:normal;font-family:&quot;"&gt; &lt;/span&gt;&lt;/span&gt;&lt;span style="font-family:宋体;"&gt;相关搜索：可以通过提交时间、状态和客户名称进行搜索。&lt;span&gt;&lt;/span&gt;&lt;/span&gt;\n				&lt;/p&gt;\n			&lt;/td&gt;\n		&lt;/tr&gt;\n		&lt;tr&gt;\n			&lt;td width="12%" rowspan="2" valign="top" style="border:solid black 1.0pt;"&gt;\n				&lt;p class="MsoNormal" align="center" style="text-align:center;"&gt;\n					&lt;b&gt;&lt;span&gt;&nbsp;&lt;/span&gt;&lt;/b&gt;\n				&lt;/p&gt;\n				&lt;p class="MsoNormal" align="center" style="text-align:center;"&gt;\n					&lt;b&gt;&lt;span style="font-family:宋体;"&gt;加工管理&lt;/span&gt;&lt;span&gt;&lt;/span&gt;&lt;/b&gt;\n				&lt;/p&gt;\n			&lt;/td&gt;\n			&lt;td width="10%" valign="top" style="border:solid black 1.0pt;"&gt;\n				&lt;p class="MsoNormal"&gt;\n					&lt;span style="font-family:宋体;"&gt;加工配方&lt;span&gt;&lt;/span&gt;&lt;/span&gt;\n				&lt;/p&gt;\n			&lt;/td&gt;\n			&lt;td width="65%" valign="top" style="border:solid black 1.0pt;"&gt;\n				&lt;p class="MsoNormal" style="margin-left:18.0pt;text-indent:-18.0pt;"&gt;\n					&lt;span style="font-family:宋体;"&gt;1、&lt;span style="font-size:7pt;line-height:normal;font-family:&quot;"&gt; &lt;/span&gt;&lt;/span&gt;&lt;span style="font-family:宋体;"&gt;新增配方&lt;span&gt;&lt;/span&gt;&lt;/span&gt;\n				&lt;/p&gt;\n				&lt;p class="MsoNormal" style="margin-left:18.0pt;text-indent:-18.0pt;"&gt;\n					&lt;span style="font-family:宋体;"&gt;2、&lt;span style="font-size:7pt;line-height:normal;font-family:&quot;"&gt; &lt;/span&gt;&lt;/span&gt;&lt;span style="font-family:宋体;"&gt;具体信息：序号、配方名称、成品、规格、成品率、创建时间、操作（编辑和删除）&lt;span&gt;&lt;/span&gt;&lt;/span&gt;\n				&lt;/p&gt;\n			&lt;/td&gt;\n		&lt;/tr&gt;\n		&lt;tr&gt;\n			&lt;td width="10%" valign="top" style="border:solid black 1.0pt;"&gt;\n				&lt;p class="MsoNormal"&gt;\n					&lt;span style="font-family:宋体;"&gt;加工单&lt;span&gt;&lt;/span&gt;&lt;/span&gt;\n				&lt;/p&gt;\n			&lt;/td&gt;\n			&lt;td width="65%" valign="top" style="border:solid black 1.0pt;"&gt;\n				&lt;p class="MsoNormal"&gt;\n					&lt;span style="line-height:150%;font-family:宋体;"&gt;具体信息：序号、单据号、配方名称、商品名称、规格、数量、创建时间、操作（查看和打印）&lt;span&gt;&lt;/span&gt;&lt;/span&gt;\n				&lt;/p&gt;\n			&lt;/td&gt;\n		&lt;/tr&gt;\n		&lt;tr&gt;\n			&lt;td width="11%" rowspan="7" valign="top" style="border:solid black 1.0pt;"&gt;\n				&lt;p class="MsoNormal" align="center" style="text-align:center;"&gt;\n					&lt;b&gt;&lt;span style="font-family:宋体;"&gt;&nbsp;&lt;/span&gt;&lt;/b&gt;\n				&lt;/p&gt;\n				&lt;p class="MsoNormal" align="center" style="text-align:center;"&gt;\n					&lt;b&gt;&lt;span style="font-family:宋体;"&gt;&nbsp;&lt;/span&gt;&lt;/b&gt;\n				&lt;/p&gt;\n				&lt;p class="MsoNormal" align="center" style="text-align:center;"&gt;\n					&lt;b&gt;&lt;span style="font-family:宋体;"&gt;&nbsp;&lt;/span&gt;&lt;/b&gt;\n				&lt;/p&gt;\n				&lt;p class="MsoNormal" align="center" style="text-align:center;"&gt;\n					&lt;b&gt;&lt;span style="font-family:宋体;"&gt;订单管理&lt;/span&gt;&lt;/b&gt;&lt;span style="font-family:宋体;"&gt;&lt;/span&gt;\n				&lt;/p&gt;\n			&lt;/td&gt;\n			&lt;td width="12%" valign="top" style="border:solid black 1.0pt;"&gt;\n				&lt;p class="MsoNormal" align="center" style="text-align:center;"&gt;\n					&lt;span style="font-family:宋体;"&gt;&nbsp;&lt;/span&gt;\n				&lt;/p&gt;\n				&lt;p class="MsoNormal" align="center" style="text-align:center;"&gt;\n					&lt;span style="font-family:宋体;"&gt;&nbsp;&lt;/span&gt;\n				&lt;/p&gt;\n				&lt;p class="MsoNormal" align="center" style="text-align:center;"&gt;\n					&lt;span style="font-family:宋体;"&gt;&nbsp;&lt;/span&gt;\n				&lt;/p&gt;\n				&lt;p class="MsoNormal" align="center" style="text-align:center;"&gt;\n					&lt;span style="font-family:宋体;"&gt;&nbsp;&lt;/span&gt;\n				&lt;/p&gt;\n				&lt;p class="MsoNormal" align="center" style="text-align:center;"&gt;\n					&lt;span style="font-family:宋体;"&gt;&nbsp;&lt;/span&gt;\n				&lt;/p&gt;\n				&lt;p class="MsoNormal" align="center" style="text-align:center;"&gt;\n					&lt;span style="font-family:宋体;"&gt;&nbsp;&lt;/span&gt;\n				&lt;/p&gt;\n				&lt;p class="MsoNormal" align="center" style="text-align:center;"&gt;\n					&lt;b&gt;&lt;span style="font-family:宋体;"&gt;&nbsp;&lt;/span&gt;&lt;/b&gt;\n				&lt;/p&gt;\n				&lt;p class="MsoNormal" align="center" style="text-align:center;"&gt;\n					&lt;b&gt;&lt;span style="font-family:宋体;"&gt;订货单&lt;/span&gt;&lt;/b&gt;&lt;b&gt;&lt;span style="line-height:150%;font-family:宋体;"&gt;&lt;/span&gt;&lt;/b&gt;\n				&lt;/p&gt;\n			&lt;/td&gt;\n			&lt;td width="10%" valign="top" style="border:solid black 1.0pt;"&gt;\n				&lt;p class="MsoNormal"&gt;\n					&lt;span style="font-family:宋体;"&gt;&nbsp;&lt;/span&gt;\n				&lt;/p&gt;\n			&lt;/td&gt;\n			&lt;td width="65%" valign="top" style="border:solid black 1.0pt;"&gt;\n				&lt;p class="MsoNormal" style="margin-left:18.0pt;text-indent:-18.0pt;background:white;"&gt;\n					&lt;span style="line-height:150%;font-family:宋体;"&gt;1、&lt;span style="font-size:7pt;line-height:normal;font-family:&quot;"&gt; &lt;/span&gt;&lt;/span&gt;&lt;span style="line-height:150%;font-family:宋体;"&gt;新增：&lt;span&gt;&lt;/span&gt;&lt;/span&gt;\n				&lt;/p&gt;\n				&lt;p class="MsoNormal" style="margin-left:54.0pt;text-indent:-36.0pt;background:white;"&gt;\n					&lt;span style="line-height:150%;font-family:宋体;"&gt;（1）&lt;span style="font-size:7pt;line-height:normal;font-family:&quot;"&gt;&nbsp;&nbsp; &lt;/span&gt;&lt;/span&gt;&lt;span style="line-height:150%;font-family:宋体;"&gt;选择客户&lt;span&gt;&lt;/span&gt;&lt;/span&gt;\n				&lt;/p&gt;\n				&lt;p class="MsoNormal" style="margin-left:54.0pt;text-indent:-36.0pt;background:white;"&gt;\n					&lt;span style="line-height:150%;font-family:宋体;"&gt;（2）&lt;span style="font-size:7pt;line-height:normal;font-family:&quot;"&gt;&nbsp;&nbsp; &lt;/span&gt;&lt;/span&gt;&lt;span style="line-height:150%;font-family:宋体;"&gt;商品信息：主图、编号、名称、规格、数量、单位、单价、小计、合计&lt;span&gt;&lt;/span&gt;&lt;/span&gt;\n				&lt;/p&gt;\n				&lt;p class="MsoNormal" style="margin-left:54.0pt;text-indent:-36.0pt;background:white;"&gt;\n					&lt;span style="line-height:150%;font-family:宋体;"&gt;（3）&lt;span style="font-size:7pt;line-height:normal;font-family:&quot;"&gt;&nbsp;&nbsp; &lt;/span&gt;&lt;/span&gt;&lt;span style="line-height:150%;font-family:宋体;"&gt;收货信息：客户名称、收货人、联系电话、收货地址&lt;span&gt;&lt;/span&gt;&lt;/span&gt;\n				&lt;/p&gt;\n				&lt;p class="MsoNormal" style="margin-left:54.0pt;text-indent:-36.0pt;background:white;"&gt;\n					&lt;span style="line-height:150%;font-family:宋体;"&gt;（4）&lt;span style="font-size:7pt;line-height:normal;font-family:&quot;"&gt;&nbsp;&nbsp; &lt;/span&gt;&lt;/span&gt;&lt;span style="line-height:150%;font-family:宋体;"&gt;交货日期&lt;span&gt;&lt;/span&gt;&lt;/span&gt;\n				&lt;/p&gt;\n				&lt;p class="MsoNormal" style="margin-left:54.0pt;text-indent:-36.0pt;background:white;"&gt;\n					&lt;span style="line-height:150%;font-family:宋体;"&gt;（5）&lt;span style="font-size:7pt;line-height:normal;font-family:&quot;"&gt;&nbsp;&nbsp; &lt;/span&gt;&lt;/span&gt;&lt;span style="line-height:150%;font-family:宋体;"&gt;发票信息（不开发票或普通发票）&lt;span&gt;&lt;/span&gt;&lt;/span&gt;\n				&lt;/p&gt;\n				&lt;p class="MsoNormal" style="margin-left:54.0pt;text-indent:-36.0pt;background:white;"&gt;\n					&lt;span style="line-height:150%;font-family:宋体;"&gt;（6）&lt;span style="font-size:7pt;line-height:normal;font-family:&quot;"&gt;&nbsp;&nbsp; &lt;/span&gt;&lt;/span&gt;&lt;span style="line-height:150%;font-family:宋体;"&gt;备注说明&lt;span&gt;&lt;/span&gt;&lt;/span&gt;\n				&lt;/p&gt;\n				&lt;p class="MsoNormal" style="margin-left:18.0pt;text-indent:-18.0pt;background:white;"&gt;\n					&lt;span style="line-height:150%;font-family:宋体;"&gt;2、&lt;span style="font-size:7pt;line-height:normal;font-family:&quot;"&gt; &lt;/span&gt;&lt;/span&gt;&lt;span style="line-height:150%;font-family:宋体;"&gt;订单列表：&lt;span&gt;&lt;/span&gt;&lt;/span&gt;\n				&lt;/p&gt;\n				&lt;p class="MsoNormal" style="margin-left:54.0pt;text-indent:-36.0pt;background:white;"&gt;\n					&lt;span style="line-height:150%;font-family:宋体;"&gt;（1）&lt;span style="font-size:7pt;line-height:normal;font-family:&quot;"&gt;&nbsp;&nbsp; &lt;/span&gt;&lt;/span&gt;&lt;span style="line-height:150%;font-family:宋体;"&gt;待审核：订单号、下单时间、客户名称、收货人、联系电话、订单状态（待审核）、付款状态（未付款）、操作（审核、编辑和查看）&lt;span&gt;&lt;/span&gt;&lt;/span&gt;\n				&lt;/p&gt;\n				&lt;p class="MsoNormal" style="margin-left:54.0pt;text-indent:-36.0pt;background:white;"&gt;\n					&lt;span style="line-height:150%;font-family:宋体;"&gt;（2）&lt;span style="font-size:7pt;line-height:normal;font-family:&quot;"&gt;&nbsp;&nbsp; &lt;/span&gt;&lt;/span&gt;&lt;span style="line-height:150%;font-family:宋体;"&gt;待发货：订单号、下单时间、客户名称、收货人、联系电话、订单状态（待发货）、付款状态（未付款）、操作（发货和查看）&lt;span&gt;&lt;/span&gt;&lt;/span&gt;\n				&lt;/p&gt;\n				&lt;p class="MsoNormal" style="margin-left:54.0pt;text-indent:-36.0pt;background:white;"&gt;\n					&lt;span style="line-height:150%;font-family:宋体;"&gt;（3）&lt;span style="font-size:7pt;line-height:normal;font-family:&quot;"&gt;&nbsp;&nbsp; &lt;/span&gt;&lt;/span&gt;&lt;span style="line-height:150%;font-family:宋体;"&gt;已出库：订单号、下单时间、客户名称、收货人、联系电话、订单状态（已发货）、付款状态（未付款）、操作（收货和查看）&lt;span&gt;&lt;/span&gt;&lt;/span&gt;\n				&lt;/p&gt;\n				&lt;p class="MsoNormal" style="margin-left:54.0pt;text-indent:-36.0pt;background:white;"&gt;\n					&lt;span style="line-height:150%;font-family:宋体;"&gt;（4）&lt;span style="font-size:7pt;line-height:normal;font-family:&quot;"&gt;&nbsp;&nbsp; &lt;/span&gt;&lt;/span&gt;&lt;span style="line-height:150%;font-family:宋体;"&gt;已完成：订单号、下单时间、客户名称、收货人、联系电话、订单状态（已完成）、付款状态（未付款）、操作（查看）&lt;span&gt;&lt;/span&gt;&lt;/span&gt;\n				&lt;/p&gt;\n			&lt;/td&gt;\n		&lt;/tr&gt;\n		&lt;tr&gt;\n			&lt;td width="12%" valign="top" style="border:solid black 1.0pt;"&gt;\n				&lt;p class="MsoNormal" align="center" style="text-align:center;"&gt;\n					&lt;b&gt;&lt;span style="font-family:宋体;"&gt;订单汇总&lt;/span&gt;&lt;/b&gt;&lt;b&gt;&lt;span style="line-height:150%;font-family:宋体;"&gt;&lt;/span&gt;&lt;/b&gt;\n				&lt;/p&gt;\n			&lt;/td&gt;\n			&lt;td width="10%" valign="top" style="border:solid black 1.0pt;"&gt;\n				&lt;p class="MsoNormal"&gt;\n					&lt;span style="font-family:宋体;"&gt;&nbsp;&lt;/span&gt;\n				&lt;/p&gt;\n			&lt;/td&gt;\n			&lt;td width="65%" valign="top" style="border:solid black 1.0pt;"&gt;\n				&lt;p class="MsoNormal" style="background:white;"&gt;\n					&lt;span style="line-height:150%;font-family:宋体;"&gt;具体信息：序号、商品名称、待审核量、待捡货量、已发货量&lt;span&gt;&lt;/span&gt;&lt;/span&gt;\n				&lt;/p&gt;\n			&lt;/td&gt;\n		&lt;/tr&gt;\n		&lt;tr&gt;\n			&lt;td width="12%" valign="top" style="border:solid black 1.0pt;"&gt;\n				&lt;p class="MsoNormal" align="center" style="text-align:center;"&gt;\n					&lt;b&gt;&lt;span style="font-family:宋体;"&gt;&nbsp;&lt;/span&gt;&lt;/b&gt;\n				&lt;/p&gt;\n				&lt;p class="MsoNormal" align="center" style="text-align:center;"&gt;\n					&lt;b&gt;&lt;span style="font-family:宋体;"&gt;配送路线&lt;/span&gt;&lt;/b&gt;&lt;b&gt;&lt;span style="line-height:150%;font-family:宋体;"&gt;&lt;/span&gt;&lt;/b&gt;\n				&lt;/p&gt;\n			&lt;/td&gt;\n			&lt;td width="10%" valign="top" style="border:solid black 1.0pt;"&gt;\n				&lt;p class="MsoNormal"&gt;\n					&lt;span style="font-family:宋体;"&gt;&nbsp;&lt;/span&gt;\n				&lt;/p&gt;\n				&lt;p class="MsoNormal"&gt;\n					&lt;span style="font-family:宋体;"&gt;&nbsp;&lt;/span&gt;\n				&lt;/p&gt;\n			&lt;/td&gt;\n			&lt;td width="65%" valign="top" style="border:solid black 1.0pt;"&gt;\n				&lt;p class="MsoNormal" style="margin-left:18.0pt;text-indent:-18.0pt;background:white;"&gt;\n					&lt;span style="line-height:150%;font-family:宋体;"&gt;1、&lt;span style="font-size:7pt;line-height:normal;font-family:&quot;"&gt; &lt;/span&gt;&lt;/span&gt;&lt;span style="line-height:150%;font-family:宋体;"&gt;新增路线：路线名称、选择仓库、状态（正常或禁用）&lt;span&gt;&lt;/span&gt;&lt;/span&gt;\n				&lt;/p&gt;\n				&lt;p class="MsoNormal" style="margin-left:18.0pt;text-indent:-18.0pt;background:white;"&gt;\n					&lt;span style="line-height:150%;font-family:宋体;"&gt;2、&lt;span style="font-size:7pt;line-height:normal;font-family:&quot;"&gt; &lt;/span&gt;&lt;/span&gt;&lt;span style="line-height:150%;font-family:宋体;"&gt;路线列表：序号、路线名称、仓库、状态、创建时间、操作（查看、编辑和删除）&lt;span&gt;&lt;/span&gt;&lt;/span&gt;\n				&lt;/p&gt;\n				&lt;p class="MsoNormal" style="margin-left:18.0pt;text-indent:-18.0pt;background:white;"&gt;\n					&lt;span style="line-height:150%;font-family:宋体;"&gt;3、&lt;span style="font-size:7pt;line-height:normal;font-family:&quot;"&gt; &lt;/span&gt;&lt;/span&gt;&lt;span style="line-height:150%;font-family:宋体;"&gt;添加客户：客户名称、收货人、联系电话、地址、排序、操作（保存和删除）&lt;span&gt;&lt;/span&gt;&lt;/span&gt;\n				&lt;/p&gt;\n			&lt;/td&gt;\n		&lt;/tr&gt;\n		&lt;tr&gt;\n			&lt;td width="12%" valign="top" style="border:solid black 1.0pt;"&gt;\n				&lt;p class="MsoNormal" align="center" style="text-align:center;"&gt;\n					&lt;b&gt;&lt;span style="font-family:宋体;"&gt;&nbsp;&lt;/span&gt;&lt;/b&gt;\n				&lt;/p&gt;\n				&lt;p class="MsoNormal" align="center" style="text-align:center;"&gt;\n					&lt;b&gt;&lt;span style="font-family:宋体;"&gt;&nbsp;&lt;/span&gt;&lt;/b&gt;\n				&lt;/p&gt;\n				&lt;p class="MsoNormal" align="center" style="text-align:center;"&gt;\n					&lt;b&gt;&lt;span style="font-family:宋体;"&gt;&nbsp;&lt;/span&gt;&lt;/b&gt;\n				&lt;/p&gt;\n				&lt;p class="MsoNormal" align="center" style="text-align:center;"&gt;\n					&lt;b&gt;&lt;span style="font-family:宋体;"&gt;退货单&lt;/span&gt;&lt;/b&gt;&lt;b&gt;&lt;span style="line-height:150%;font-family:宋体;"&gt;&lt;/span&gt;&lt;/b&gt;\n				&lt;/p&gt;\n			&lt;/td&gt;\n			&lt;td width="10%" valign="top" style="border:solid black 1.0pt;"&gt;\n				&lt;p class="MsoNormal"&gt;\n					&lt;span style="font-family:宋体;"&gt;&nbsp;&lt;/span&gt;\n				&lt;/p&gt;\n			&lt;/td&gt;\n			&lt;td width="65%" valign="top" style="border:solid black 1.0pt;"&gt;\n				&lt;p class="MsoNormal" style="margin-left:18.0pt;text-indent:-18.0pt;background:white;"&gt;\n					&lt;span style="line-height:150%;font-family:宋体;"&gt;1、&lt;span style="font-size:7pt;line-height:normal;font-family:&quot;"&gt; &lt;/span&gt;&lt;/span&gt;&lt;span style="line-height:150%;font-family:宋体;"&gt;新增：&lt;span&gt;&lt;/span&gt;&lt;/span&gt;\n				&lt;/p&gt;\n				&lt;p class="MsoNormal" style="margin-left:57.0pt;text-indent:-36.0pt;background:white;"&gt;\n					&lt;span style="line-height:150%;font-family:宋体;"&gt;（1）&lt;span style="font-size:7pt;line-height:normal;font-family:&quot;"&gt;&nbsp;&nbsp; &lt;/span&gt;&lt;/span&gt;&lt;span style="line-height:150%;font-family:宋体;"&gt;选择客户&lt;span&gt;&lt;/span&gt;&lt;/span&gt;\n				&lt;/p&gt;\n				&lt;p class="MsoNormal" style="margin-left:57.0pt;text-indent:-36.0pt;background:white;"&gt;\n					&lt;span style="line-height:150%;font-family:宋体;"&gt;（2）&lt;span style="font-size:7pt;line-height:normal;font-family:&quot;"&gt;&nbsp;&nbsp; &lt;/span&gt;&lt;/span&gt;&lt;span style="line-height:150%;font-family:宋体;"&gt;商品信息：主图、编号、名称、规格、数量、单位、单价、小计、合计&lt;span&gt;&lt;/span&gt;&lt;/span&gt;\n				&lt;/p&gt;\n				&lt;p class="MsoNormal" style="margin-left:57.0pt;text-indent:-36.0pt;background:white;"&gt;\n					&lt;span style="line-height:150%;font-family:宋体;"&gt;（3）&lt;span style="font-size:7pt;line-height:normal;font-family:&quot;"&gt;&nbsp;&nbsp; &lt;/span&gt;&lt;/span&gt;&lt;span style="line-height:150%;font-family:宋体;"&gt;退货信息：客户名称、收货人、联系电话、收货地址&lt;span&gt;&lt;/span&gt;&lt;/span&gt;\n				&lt;/p&gt;\n				&lt;p class="MsoNormal" style="margin-left:57.0pt;text-indent:-36.0pt;background:white;"&gt;\n					&lt;span style="line-height:150%;font-family:宋体;"&gt;（4）&lt;span style="font-size:7pt;line-height:normal;font-family:&quot;"&gt;&nbsp;&nbsp; &lt;/span&gt;&lt;/span&gt;&lt;span style="line-height:150%;font-family:宋体;"&gt;备注说明&lt;span&gt;&lt;/span&gt;&lt;/span&gt;\n				&lt;/p&gt;\n				&lt;p class="MsoNormal" style="margin-left:18.0pt;text-indent:-18.0pt;background:white;"&gt;\n					&lt;span style="line-height:150%;font-family:宋体;"&gt;2、&lt;span style="font-size:7pt;line-height:normal;font-family:&quot;"&gt; &lt;/span&gt;&lt;/span&gt;&lt;span style="line-height:150%;font-family:宋体;"&gt;订单列表：&lt;span&gt;&lt;/span&gt;&lt;/span&gt;\n				&lt;/p&gt;\n				&lt;p class="MsoNormal" style="margin-left:57.0pt;text-indent:-36.0pt;background:white;"&gt;\n					&lt;span style="line-height:150%;font-family:宋体;"&gt;（1）&lt;span style="font-size:7pt;line-height:normal;font-family:&quot;"&gt;&nbsp;&nbsp; &lt;/span&gt;&lt;/span&gt;&lt;span style="line-height:150%;font-family:宋体;"&gt;待审核：订单号、下单时间、客户名称、收货人、联系电话、订单状态（待审核）、付款状态（未付款）、操作（审核、编辑和查看）&lt;span&gt;&lt;/span&gt;&lt;/span&gt;\n				&lt;/p&gt;\n				&lt;p class="MsoNormal" style="margin-left:57.0pt;text-indent:-36.0pt;background:white;"&gt;\n					&lt;span style="line-height:150%;font-family:宋体;"&gt;（2）&lt;span style="font-size:7pt;line-height:normal;font-family:&quot;"&gt;&nbsp;&nbsp; &lt;/span&gt;&lt;/span&gt;&lt;span style="line-height:150%;font-family:宋体;"&gt;待验货：订单号、下单时间、客户名称、收货人、联系电话、订单状态（待出库）、付款状态（未付款）、操作（出库和查看）&lt;span&gt;&lt;/span&gt;&lt;/span&gt;\n				&lt;/p&gt;\n				&lt;p class="MsoNormal" style="margin-left:57.0pt;text-indent:-36.0pt;background:white;"&gt;\n					&lt;span style="line-height:150%;font-family:宋体;"&gt;（3）&lt;span style="font-size:7pt;line-height:normal;font-family:&quot;"&gt;&nbsp;&nbsp; &lt;/span&gt;&lt;/span&gt;&lt;span style="line-height:150%;font-family:宋体;"&gt;已完成：订单号、下单时间、客户名称、收货人、联系电话、订单状态（待发货）、付款状态（未付款）、操作（发货和查看）&lt;span&gt;&lt;/span&gt;&lt;/span&gt;\n				&lt;/p&gt;\n			&lt;/td&gt;\n		&lt;/tr&gt;\n		&lt;tr&gt;\n			&lt;td width="12%" rowspan="3" valign="top" style="border:solid black 1.0pt;"&gt;\n				&lt;p class="MsoNormal" align="center" style="text-align:center;"&gt;\n					&lt;b&gt;&lt;span style="line-height:150%;font-family:宋体;"&gt;&nbsp;&lt;/span&gt;&lt;/b&gt;\n				&lt;/p&gt;\n				&lt;p class="MsoNormal" align="center" style="text-align:center;"&gt;\n					&lt;b&gt;&lt;span style="line-height:150%;font-family:宋体;"&gt;订单结算&lt;span&gt;&lt;/span&gt;&lt;/span&gt;&lt;/b&gt;\n				&lt;/p&gt;\n			&lt;/td&gt;\n			&lt;td width="10%" valign="top" style="border:solid black 1.0pt;"&gt;\n				&lt;p class="MsoNormal"&gt;\n					&lt;span style="font-family:宋体;"&gt;订货单待结算&lt;span&gt;&lt;/span&gt;&lt;/span&gt;\n				&lt;/p&gt;\n			&lt;/td&gt;\n			&lt;td width="65%" rowspan="3" valign="top" style="border:solid black 1.0pt;"&gt;\n				&lt;p class="MsoNormal"&gt;\n					&lt;span style="line-height:150%;font-family:宋体;"&gt;&nbsp;&lt;/span&gt;\n				&lt;/p&gt;\n			&lt;/td&gt;\n		&lt;/tr&gt;\n		&lt;tr&gt;\n			&lt;td width="10%" valign="top" style="border:solid black 1.0pt;"&gt;\n				&lt;p class="MsoNormal"&gt;\n					&lt;span style="font-family:宋体;"&gt;退货单待结算&lt;span&gt;&lt;/span&gt;&lt;/span&gt;\n				&lt;/p&gt;\n			&lt;/td&gt;\n		&lt;/tr&gt;\n		&lt;tr&gt;\n			&lt;td width="10%" valign="top" style="border:solid black 1.0pt;"&gt;\n				&lt;p class="MsoNormal"&gt;\n					&lt;span style="font-family:宋体;"&gt;结算单&lt;span&gt;&lt;/span&gt;&lt;/span&gt;\n				&lt;/p&gt;\n			&lt;/td&gt;\n		&lt;/tr&gt;\n		&lt;tr&gt;\n			&lt;td width="11%" rowspan="10" valign="top" style="border:solid black 1.0pt;"&gt;\n				&lt;p class="MsoNormal" align="center" style="text-align:center;"&gt;\n					&lt;b&gt;&lt;span style="font-family:宋体;"&gt;&nbsp;&lt;/span&gt;&lt;/b&gt;\n				&lt;/p&gt;\n				&lt;p class="MsoNormal" align="center" style="text-align:center;"&gt;\n					&lt;b&gt;&lt;span style="font-family:宋体;"&gt;&nbsp;&lt;/span&gt;&lt;/b&gt;\n				&lt;/p&gt;\n				&lt;p class="MsoNormal" align="center" style="text-align:center;"&gt;\n					&lt;b&gt;&lt;span style="font-family:宋体;"&gt;&nbsp;&lt;/span&gt;&lt;/b&gt;\n				&lt;/p&gt;\n				&lt;p class="MsoNormal" align="center" style="text-align:center;"&gt;\n					&lt;b&gt;&lt;span style="line-height:150%;font-family:宋体;"&gt;&nbsp;&lt;/span&gt;&lt;/b&gt;\n				&lt;/p&gt;\n				&lt;p class="MsoNormal" align="center" style="text-align:center;"&gt;\n					&lt;b&gt;&lt;span style="line-height:150%;font-family:宋体;"&gt;&nbsp;&lt;/span&gt;&lt;/b&gt;\n				&lt;/p&gt;\n				&lt;p class="MsoNormal" align="center" style="text-align:center;"&gt;\n					&lt;b&gt;&lt;span style="line-height:150%;font-family:宋体;"&gt;信息管理&lt;/span&gt;&lt;/b&gt;&lt;b&gt;&lt;span style="font-family:宋体;"&gt;&lt;/span&gt;&lt;/b&gt;\n				&lt;/p&gt;\n			&lt;/td&gt;\n			&lt;td width="12%" rowspan="2" valign="top" style="border:solid black 1.0pt;"&gt;\n				&lt;p class="MsoNormal" align="center" style="text-align:center;"&gt;\n					&lt;b&gt;&lt;span style="line-height:150%;font-family:宋体;"&gt;广告管理&lt;/span&gt;&lt;/b&gt;&lt;b&gt;&lt;span style="line-height:150%;font-family:宋体;"&gt;&lt;/span&gt;&lt;/b&gt;\n				&lt;/p&gt;\n			&lt;/td&gt;\n			&lt;td width="10%" valign="top" style="border:solid black 1.0pt;"&gt;\n				&lt;p class="MsoNormal"&gt;\n					&lt;span style="font-family:宋体;"&gt;广告位管理&lt;span&gt;&lt;/span&gt;&lt;/span&gt;\n				&lt;/p&gt;\n			&lt;/td&gt;\n			&lt;td width="65%" valign="top" style="border:solid black 1.0pt;"&gt;\n				&lt;p class="MsoNormal" style="margin-left:18.0pt;text-indent:-18.0pt;"&gt;\n					&lt;span style="line-height:150%;font-family:宋体;"&gt;1、&lt;span style="font-size:7pt;line-height:normal;font-family:&quot;"&gt; &lt;/span&gt;&lt;/span&gt;&lt;span style="line-height:150%;font-family:宋体;"&gt;新增广告位&lt;span&gt;&lt;/span&gt;&lt;/span&gt;\n				&lt;/p&gt;\n				&lt;p class="MsoNormal" style="margin-left:18.0pt;text-indent:-18.0pt;"&gt;\n					&lt;span style="line-height:150%;font-family:宋体;"&gt;2、&lt;span style="font-size:7pt;line-height:normal;font-family:&quot;"&gt; &lt;/span&gt;&lt;/span&gt;&lt;span style="line-height:150%;font-family:宋体;"&gt;具体信息：序号、广告位名称、尺寸、描述、状态、操作（编辑和删除）&lt;span&gt;&lt;/span&gt;&lt;/span&gt;\n				&lt;/p&gt;\n			&lt;/td&gt;\n		&lt;/tr&gt;\n		&lt;tr&gt;\n			&lt;td width="10%" valign="top" style="border:solid black 1.0pt;"&gt;\n				&lt;p class="MsoNormal"&gt;\n					&lt;span style="font-family:宋体;"&gt;广告管理&lt;span&gt;&lt;/span&gt;&lt;/span&gt;\n				&lt;/p&gt;\n			&lt;/td&gt;\n			&lt;td width="65%" valign="top" style="border:solid black 1.0pt;"&gt;\n				&lt;p class="MsoNormal" style="margin-left:18.0pt;text-indent:-18.0pt;"&gt;\n					&lt;span style="line-height:150%;font-family:宋体;"&gt;1、&lt;span style="font-size:7pt;line-height:normal;font-family:&quot;"&gt; &lt;/span&gt;&lt;/span&gt;&lt;span style="line-height:150%;font-family:宋体;"&gt;新增广告&lt;span&gt;&lt;/span&gt;&lt;/span&gt;\n				&lt;/p&gt;\n				&lt;p class="MsoNormal" style="margin-left:18.0pt;text-indent:-18.0pt;"&gt;\n					&lt;span style="line-height:150%;font-family:宋体;"&gt;2、&lt;span style="font-size:7pt;line-height:normal;font-family:&quot;"&gt; &lt;/span&gt;&lt;/span&gt;&lt;span style="line-height:150%;font-family:宋体;"&gt;具体信息：序号、广告名称、链接、类型、广告位、有效时间、排序、状态、操作（编辑和删除）&lt;span&gt;&lt;/span&gt;&lt;/span&gt;\n				&lt;/p&gt;\n			&lt;/td&gt;\n		&lt;/tr&gt;\n		&lt;tr&gt;\n			&lt;td width="12%" rowspan="3" valign="top" style="border:solid black 1.0pt;"&gt;\n				&lt;p class="MsoNormal" align="center" style="text-align:center;"&gt;\n					&lt;b&gt;&lt;span style="font-family:宋体;"&gt;文章管理&lt;span&gt;&lt;/span&gt;&lt;/span&gt;&lt;/b&gt;\n				&lt;/p&gt;\n			&lt;/td&gt;\n			&lt;td width="10%" valign="top" style="border:solid black 1.0pt;"&gt;\n				&lt;p class="MsoNormal"&gt;\n					&lt;b&gt;&lt;span style="font-family:宋体;"&gt;栏目管理&lt;/span&gt;&lt;/b&gt;&lt;span style="font-family:宋体;"&gt;&lt;/span&gt;\n				&lt;/p&gt;\n			&lt;/td&gt;\n			&lt;td width="65%" valign="top" style="border:solid black 1.0pt;"&gt;\n				&lt;p class="MsoNormal"&gt;\n					&lt;span style="line-height:150%;font-family:宋体;"&gt;对文章分类进行添加、修改和删除&lt;/span&gt;&lt;span style="line-height:150%;font-family:宋体;"&gt;&lt;/span&gt;\n				&lt;/p&gt;\n			&lt;/td&gt;\n		&lt;/tr&gt;\n		&lt;tr&gt;\n			&lt;td width="10%" rowspan="2" valign="top" style="border:solid black 1.0pt;"&gt;\n				&lt;p class="MsoNormal"&gt;\n					&lt;b&gt;&lt;span style="font-family:宋体;"&gt;文章列表&lt;/span&gt;&lt;/b&gt;&lt;span style="font-family:宋体;"&gt;&lt;/span&gt;\n				&lt;/p&gt;\n			&lt;/td&gt;\n			&lt;td width="65%" valign="top" style="border:solid black 1.0pt;"&gt;\n				&lt;p class="MsoNormal"&gt;\n					&lt;span style="line-height:150%;font-family:宋体;"&gt;1&lt;/span&gt;&lt;span style="line-height:150%;font-family:宋体;"&gt;、新增：管理员可以添加新闻消息&lt;span&gt;&lt;/span&gt;&lt;/span&gt;\n				&lt;/p&gt;\n			&lt;/td&gt;\n		&lt;/tr&gt;\n		&lt;tr&gt;\n			&lt;td width="65%" valign="top" style="border:solid black 1.0pt;"&gt;\n				&lt;p class="MsoNormal"&gt;\n					&lt;span style="line-height:150%;font-family:宋体;"&gt;对已经添加好的新闻消息，管理员可以修改和删除&lt;span&gt;&lt;/span&gt;&lt;/span&gt;\n				&lt;/p&gt;\n			&lt;/td&gt;\n		&lt;/tr&gt;\n		&lt;tr&gt;\n			&lt;td width="12%" rowspan="5" valign="top" style="border:solid black 1.0pt;"&gt;\n				&lt;p class="MsoNormal" align="center" style="text-align:center;"&gt;\n					&lt;b&gt;&lt;span style="font-family:宋体;"&gt;&nbsp;&lt;/span&gt;&lt;/b&gt;\n				&lt;/p&gt;\n				&lt;p class="MsoNormal" align="center" style="text-align:center;"&gt;\n					&lt;b&gt;&lt;span style="font-family:宋体;"&gt;&nbsp;&lt;/span&gt;&lt;/b&gt;\n				&lt;/p&gt;\n				&lt;p class="MsoNormal" align="center" style="text-align:center;"&gt;\n					&lt;b&gt;&lt;span style="font-family:宋体;"&gt;消息模板&lt;span&gt;&lt;/span&gt;&lt;/span&gt;&lt;/b&gt;\n				&lt;/p&gt;\n			&lt;/td&gt;\n			&lt;td width="10%" valign="top" style="border:solid black 1.0pt;"&gt;\n				&lt;p class="MsoNormal"&gt;\n					&lt;span style="font-family:宋体;"&gt;退货通知&lt;span&gt;&lt;/span&gt;&lt;/span&gt;\n				&lt;/p&gt;\n			&lt;/td&gt;\n			&lt;td width="65%" rowspan="5" valign="top" style="border:solid black 1.0pt;"&gt;\n				&lt;p class="MsoNormal"&gt;\n					&lt;span style="line-height:150%;font-family:宋体;"&gt;进行模板通知内容的设置&lt;span&gt;&lt;/span&gt;&lt;/span&gt;\n				&lt;/p&gt;\n			&lt;/td&gt;\n		&lt;/tr&gt;\n		&lt;tr&gt;\n			&lt;td width="10%" valign="top" style="border:solid black 1.0pt;"&gt;\n				&lt;p class="MsoNormal"&gt;\n					&lt;span style="font-family:宋体;"&gt;物流通知&lt;span&gt;&lt;/span&gt;&lt;/span&gt;\n				&lt;/p&gt;\n			&lt;/td&gt;\n		&lt;/tr&gt;\n		&lt;tr&gt;\n			&lt;td width="10%" valign="top" style="border:solid black 1.0pt;"&gt;\n				&lt;p class="MsoNormal"&gt;\n					&lt;span style="font-family:宋体;"&gt;订单通知&lt;span&gt;&lt;/span&gt;&lt;/span&gt;\n				&lt;/p&gt;\n			&lt;/td&gt;\n		&lt;/tr&gt;\n		&lt;tr&gt;\n			&lt;td width="10%" valign="top" style="border:solid black 1.0pt;"&gt;\n				&lt;p class="MsoNormal"&gt;\n					&lt;span style="font-family:宋体;"&gt;结算通知&lt;span&gt;&lt;/span&gt;&lt;/span&gt;\n				&lt;/p&gt;\n			&lt;/td&gt;\n		&lt;/tr&gt;\n		&lt;tr&gt;\n			&lt;td width="10%" valign="top" style="border:solid black 1.0pt;"&gt;\n				&lt;p class="MsoNormal"&gt;\n					&lt;span style="font-family:宋体;"&gt;新品上架&lt;span&gt;&lt;/span&gt;&lt;/span&gt;\n				&lt;/p&gt;\n			&lt;/td&gt;\n		&lt;/tr&gt;\n		&lt;tr&gt;\n			&lt;td width="11%" rowspan="10" valign="top" style="border:solid black 1.0pt;"&gt;\n				&lt;p class="MsoNormal" align="center" style="text-align:center;"&gt;\n					&lt;b&gt;&lt;span style="font-family:宋体;"&gt;&nbsp;&lt;/span&gt;&lt;/b&gt;\n				&lt;/p&gt;\n				&lt;p class="MsoNormal" align="center" style="text-align:center;"&gt;\n					&lt;b&gt;&lt;span style="font-family:宋体;"&gt;&nbsp;&lt;/span&gt;&lt;/b&gt;\n				&lt;/p&gt;\n				&lt;p class="MsoNormal" align="center" style="text-align:center;"&gt;\n					&lt;b&gt;&lt;span style="font-family:宋体;"&gt;&nbsp;&lt;/span&gt;&lt;/b&gt;\n				&lt;/p&gt;\n				&lt;p class="MsoNormal" align="center" style="text-align:center;"&gt;\n					&lt;b&gt;&lt;span style="font-family:宋体;"&gt;统计报表&lt;span&gt;&lt;/span&gt;&lt;/span&gt;&lt;/b&gt;\n				&lt;/p&gt;\n			&lt;/td&gt;\n			&lt;td width="12%" rowspan="7" valign="top" style="border:solid black 1.0pt;"&gt;\n				&lt;p class="MsoNormal" align="center" style="text-align:center;"&gt;\n					&lt;b&gt;&lt;span style="font-family:宋体;"&gt;&nbsp;&lt;/span&gt;&lt;/b&gt;\n				&lt;/p&gt;\n				&lt;p class="MsoNormal" align="center" style="text-align:center;"&gt;\n					&lt;b&gt;&lt;span style="font-family:宋体;"&gt;&nbsp;&lt;/span&gt;&lt;/b&gt;\n				&lt;/p&gt;\n				&lt;p class="MsoNormal" align="center" style="text-align:center;"&gt;\n					&lt;b&gt;&lt;span style="font-family:宋体;"&gt;报表&lt;span&gt;&lt;/span&gt;&lt;/span&gt;&lt;/b&gt;\n				&lt;/p&gt;\n			&lt;/td&gt;\n			&lt;td width="10%" valign="top" style="border:solid black 1.0pt;"&gt;\n				&lt;p class="MsoNormal"&gt;\n					&lt;span style="font-family:宋体;"&gt;客户订货报表&lt;span&gt;&lt;/span&gt;&lt;/span&gt;\n				&lt;/p&gt;\n			&lt;/td&gt;\n			&lt;td width="65%" valign="top" style="border:solid black 1.0pt;"&gt;\n				&lt;p class="MsoNormal"&gt;\n					&lt;span style="font-family:宋体;"&gt;具体信息：序号、客户名称、订货单、退货单、订单金额、退单金额、已付金额、未付金额、金额小计&lt;span&gt;&lt;/span&gt;&lt;/span&gt;\n				&lt;/p&gt;\n			&lt;/td&gt;\n		&lt;/tr&gt;\n		&lt;tr&gt;\n			&lt;td width="10%" valign="top" style="border:solid black 1.0pt;"&gt;\n				&lt;p class="MsoNormal"&gt;\n					&lt;span style="font-family:宋体;"&gt;订单统计报表&lt;span&gt;&lt;/span&gt;&lt;/span&gt;\n				&lt;/p&gt;\n			&lt;/td&gt;\n			&lt;td width="65%" valign="top" style="border:solid black 1.0pt;"&gt;\n				&lt;p class="MsoNormal"&gt;\n					&lt;span style="font-family:宋体;"&gt;具体信息：日期、订货单、退货单、订货客户数、退货客户数、订货金额、退货金额、金额小计&lt;span&gt;&lt;/span&gt;&lt;/span&gt;\n				&lt;/p&gt;\n			&lt;/td&gt;\n		&lt;/tr&gt;\n		&lt;tr&gt;\n			&lt;td width="10%" valign="top" style="border:solid black 1.0pt;"&gt;\n				&lt;p class="MsoNormal"&gt;\n					&lt;span style="font-family:宋体;"&gt;采购报表&lt;span&gt;&lt;/span&gt;&lt;/span&gt;\n				&lt;/p&gt;\n			&lt;/td&gt;\n			&lt;td width="65%" valign="top" style="border:solid black 1.0pt;"&gt;\n				&lt;p class="MsoNormal"&gt;\n					&lt;span style="font-family:宋体;"&gt;供应商名称、采购单数、采购退单数、采购金额、退单金额、已付金额、未付金额&lt;span&gt;&lt;/span&gt;&lt;/span&gt;\n				&lt;/p&gt;\n			&lt;/td&gt;\n		&lt;/tr&gt;\n		&lt;tr&gt;\n			&lt;td width="10%" valign="top" style="border:solid black 1.0pt;"&gt;\n				&lt;p class="MsoNormal"&gt;\n					&lt;span style="font-family:宋体;"&gt;商品销售报表&lt;span&gt;&lt;/span&gt;&lt;/span&gt;\n				&lt;/p&gt;\n			&lt;/td&gt;\n			&lt;td width="65%" valign="top" style="border:solid black 1.0pt;"&gt;\n				&lt;p class="MsoNormal"&gt;\n					&lt;span style="font-family:宋体;"&gt;商品名称、订货数量、退货数量、销售金额、退货金额、金额小计&lt;span&gt;&lt;/span&gt;&lt;/span&gt;\n				&lt;/p&gt;\n			&lt;/td&gt;\n		&lt;/tr&gt;\n		&lt;tr&gt;\n			&lt;td width="10%" valign="top" style="border:solid black 1.0pt;"&gt;\n				&lt;p class="MsoNormal"&gt;\n					&lt;span style="font-family:宋体;"&gt;部门统计报表&lt;span&gt;&lt;/span&gt;&lt;/span&gt;\n				&lt;/p&gt;\n			&lt;/td&gt;\n			&lt;td width="65%" valign="top" style="border:solid black 1.0pt;"&gt;\n				&lt;p class="MsoNormal"&gt;\n					&lt;span style="font-family:宋体;"&gt;部门、订货单、退货单、订货金额、退货金额、金额小计&lt;span&gt;&lt;/span&gt;&lt;/span&gt;\n				&lt;/p&gt;\n			&lt;/td&gt;\n		&lt;/tr&gt;\n		&lt;tr&gt;\n			&lt;td width="10%" valign="top" style="border:solid black 1.0pt;"&gt;\n				&lt;p class="MsoNormal"&gt;\n					&lt;span style="font-family:宋体;"&gt;利润报表&lt;span&gt;&lt;/span&gt;&lt;/span&gt;\n				&lt;/p&gt;\n			&lt;/td&gt;\n			&lt;td width="65%" valign="top" style="border:solid black 1.0pt;"&gt;\n				&lt;p class="MsoNormal"&gt;\n					&lt;span style="font-family:宋体;"&gt;日期、销售金额、采购金额、退货金额、利润&lt;span&gt;&lt;/span&gt;&lt;/span&gt;\n				&lt;/p&gt;\n			&lt;/td&gt;\n		&lt;/tr&gt;\n		&lt;tr&gt;\n			&lt;td width="10%" valign="top" style="border:solid black 1.0pt;"&gt;\n				&lt;p class="MsoNormal"&gt;\n					&lt;span style="font-family:宋体;"&gt;商品损益报表&lt;span&gt;&lt;/span&gt;&lt;/span&gt;\n				&lt;/p&gt;\n			&lt;/td&gt;\n			&lt;td width="65%" valign="top" style="border:solid black 1.0pt;"&gt;\n				&lt;p class="MsoNormal"&gt;\n					&lt;span style="font-family:宋体;"&gt;商品名称、自然报损数量、盘盈亏数量、自然报损金额、盘盈亏金额、小计&lt;span&gt;&lt;/span&gt;&lt;/span&gt;\n				&lt;/p&gt;\n			&lt;/td&gt;\n		&lt;/tr&gt;\n		&lt;tr&gt;\n			&lt;td width="12%" rowspan="3" valign="top" style="border:solid black 1.0pt;"&gt;\n				&lt;p class="MsoNormal" align="center" style="text-align:center;"&gt;\n					&lt;b&gt;&lt;span style="font-family:宋体;"&gt;日志&lt;span&gt;&lt;/span&gt;&lt;/span&gt;&lt;/b&gt;\n				&lt;/p&gt;\n			&lt;/td&gt;\n			&lt;td width="10%" valign="top" style="border:solid black 1.0pt;"&gt;\n				&lt;p class="MsoNormal"&gt;\n					&lt;span style="font-family:宋体;"&gt;操作日志&lt;span&gt;&lt;/span&gt;&lt;/span&gt;\n				&lt;/p&gt;\n			&lt;/td&gt;\n			&lt;td width="65%" valign="top" style="border:solid black 1.0pt;"&gt;\n				&lt;p class="MsoNormal"&gt;\n					&lt;span style="font-family:宋体;"&gt;序号、操作人、角色、操作类型、内容、时间&lt;span&gt;&lt;/span&gt;&lt;/span&gt;\n				&lt;/p&gt;\n			&lt;/td&gt;\n		&lt;/tr&gt;\n		&lt;tr&gt;\n			&lt;td width="10%" valign="top" style="border:solid black 1.0pt;"&gt;\n				&lt;p class="MsoNormal"&gt;\n					&lt;span style="font-family:宋体;"&gt;销售日志&lt;span&gt;&lt;/span&gt;&lt;/span&gt;\n				&lt;/p&gt;\n			&lt;/td&gt;\n			&lt;td width="65%" valign="top" style="border:solid black 1.0pt;"&gt;\n				&lt;p class="MsoNormal"&gt;\n					&lt;span style="font-family:宋体;"&gt;序号、商品名称、客户名称、销售数量&lt;span&gt;&lt;/span&gt;&lt;/span&gt;\n				&lt;/p&gt;\n			&lt;/td&gt;\n		&lt;/tr&gt;\n		&lt;tr&gt;\n			&lt;td width="10%" valign="top" style="border:solid black 1.0pt;"&gt;\n				&lt;p class="MsoNormal"&gt;\n					&lt;span style="font-family:宋体;"&gt;出入库日志&lt;span&gt;&lt;/span&gt;&lt;/span&gt;\n				&lt;/p&gt;\n			&lt;/td&gt;\n			&lt;td width="65%" valign="top" style="border:solid black 1.0pt;"&gt;\n				&lt;p class="MsoNormal"&gt;\n					&lt;span style="font-family:宋体;"&gt;序号、仓库名称、商品名称、变动前库存、变动库存、变动后库存、变动类型、时间&lt;span&gt;&lt;/span&gt;&lt;/span&gt;\n				&lt;/p&gt;\n			&lt;/td&gt;\n		&lt;/tr&gt;\n	&lt;/tbody&gt;\n&lt;/table&gt;\n&lt;p class="MsoNormal"&gt;\n	&nbsp;\n&lt;/p&gt;', 0, 1, NULL, 1517044443000, NULL, NULL),
	(16, '项目合作流程', '艾鹏鹏', NULL, '项目合作流程', '&lt;p class="MsoNormal"&gt;\n	&lt;span&gt;&nbsp;&lt;/span&gt;\n&lt;/p&gt;\n&lt;table class="MsoNormalTable" border="1" cellspacing="0" cellpadding="0" style="border:none;"&gt;\n	&lt;tbody&gt;\n		&lt;tr&gt;\n			&lt;td width="89" valign="top" style="border:solid windowtext 1.0pt;"&gt;\n				&lt;p class="MsoNormal" align="center" style="text-align:center;"&gt;\n					&lt;span style="font-family:宋体;"&gt;第一步&lt;/span&gt;\n				&lt;/p&gt;\n			&lt;/td&gt;\n			&lt;td width="591" valign="top" style="border:solid windowtext 1.0pt;"&gt;\n				&lt;p class="MsoNormal"&gt;\n					&lt;span style="font-family:宋体;"&gt;业务员洽谈对接客户，确定合作意向；&lt;/span&gt;\n				&lt;/p&gt;\n			&lt;/td&gt;\n		&lt;/tr&gt;\n		&lt;tr&gt;\n			&lt;td width="89" valign="top" style="border:solid windowtext 1.0pt;"&gt;\n				&lt;p class="MsoNormal" align="center" style="text-align:center;"&gt;\n					&lt;span style="font-family:宋体;"&gt;第二步&lt;/span&gt;\n				&lt;/p&gt;\n			&lt;/td&gt;\n			&lt;td width="591" valign="top" style="border:solid windowtext 1.0pt;"&gt;\n				&lt;p class="MsoNormal"&gt;\n					&lt;span style="font-family:宋体;"&gt;嘉瑞项目经理对接客户，沟通需求；&lt;/span&gt;\n				&lt;/p&gt;\n			&lt;/td&gt;\n		&lt;/tr&gt;\n		&lt;tr&gt;\n			&lt;td width="89" valign="top" style="border:solid windowtext 1.0pt;"&gt;\n				&lt;p class="MsoNormal" align="center" style="text-align:center;"&gt;\n					&lt;span style="font-family:宋体;"&gt;第三步&lt;/span&gt;\n				&lt;/p&gt;\n			&lt;/td&gt;\n			&lt;td width="591" valign="top" style="border:solid windowtext 1.0pt;"&gt;\n				&lt;p class="MsoNormal"&gt;\n					&lt;span style="font-family:宋体;"&gt;根据客户需求制作《项目思维导图》、《项目前台功能表》、《项目后台功能表》和《项目合作流程表》报送客户；与客户沟通修改并确认；并以此制作项目报价清单；&lt;/span&gt;\n				&lt;/p&gt;\n			&lt;/td&gt;\n		&lt;/tr&gt;\n		&lt;tr&gt;\n			&lt;td width="89" valign="top" style="border:solid windowtext 1.0pt;"&gt;\n				&lt;p class="MsoNormal" align="center" style="text-align:center;"&gt;\n					&lt;span style="font-family:宋体;"&gt;第四步&lt;/span&gt;\n				&lt;/p&gt;\n			&lt;/td&gt;\n			&lt;td width="591" valign="top" style="border:solid windowtext 1.0pt;"&gt;\n				&lt;p class="MsoNormal"&gt;\n					&lt;span style="font-family:宋体;"&gt;制作《项目报价清单》报送客户（平台开发过程中涉及到的一切费用）；&lt;/span&gt;\n				&lt;/p&gt;\n			&lt;/td&gt;\n		&lt;/tr&gt;\n		&lt;tr&gt;\n			&lt;td width="89" valign="top" style="border:solid windowtext 1.0pt;"&gt;\n				&lt;p class="MsoNormal" align="center" style="text-align:center;"&gt;\n					&lt;span style="font-family:宋体;"&gt;第五步&lt;/span&gt;\n				&lt;/p&gt;\n			&lt;/td&gt;\n			&lt;td width="591" valign="top" style="border:solid windowtext 1.0pt;"&gt;\n				&lt;p class="MsoNormal"&gt;\n					&lt;span style="font-family:宋体;"&gt;签订合同（合同包含：《项目合同》、《项目报价清单》、《项目思维导图》、《项目前台功能表》和《项目后台功能表》和《项目合作流程表》）；&lt;/span&gt;\n				&lt;/p&gt;\n			&lt;/td&gt;\n		&lt;/tr&gt;\n		&lt;tr&gt;\n			&lt;td width="89" valign="top" style="border:solid windowtext 1.0pt;"&gt;\n				&lt;p class="MsoNormal" align="center" style="text-align:center;"&gt;\n					&lt;span style="font-family:宋体;"&gt;第六步&lt;/span&gt;\n				&lt;/p&gt;\n			&lt;/td&gt;\n			&lt;td width="591" valign="top" style="border:solid windowtext 1.0pt;"&gt;\n				&lt;p class="MsoNormal"&gt;\n					&lt;span style="font-family:宋体;"&gt;嘉瑞财务审核合同后通知甲方支付双方约定款项，下单项目经理，项目正式启动；&lt;/span&gt;\n				&lt;/p&gt;\n			&lt;/td&gt;\n		&lt;/tr&gt;\n		&lt;tr&gt;\n			&lt;td width="89" valign="top" style="border:solid windowtext 1.0pt;"&gt;\n				&lt;p class="MsoNormal" align="center" style="text-align:center;"&gt;\n					&lt;span style="font-family:宋体;"&gt;第七步&lt;/span&gt;\n				&lt;/p&gt;\n			&lt;/td&gt;\n			&lt;td width="591" valign="top" style="border:solid windowtext 1.0pt;"&gt;\n				&lt;p class="MsoNormal"&gt;\n					&lt;span style="font-family:宋体;"&gt;客户指派一人作为甲方项目经理（此人为甲方人员），负责沟通、协调、提供修改意见、项目测试、项目确认和验收；&lt;/span&gt;\n				&lt;/p&gt;\n			&lt;/td&gt;\n		&lt;/tr&gt;\n		&lt;tr&gt;\n			&lt;td width="89" valign="top" style="border:solid windowtext 1.0pt;"&gt;\n				&lt;p class="MsoNormal" align="center" style="text-align:center;"&gt;\n					&lt;span style="font-family:宋体;"&gt;第八步&lt;/span&gt;\n				&lt;/p&gt;\n			&lt;/td&gt;\n			&lt;td width="591" valign="top" style="border:solid windowtext 1.0pt;"&gt;\n				&lt;p class="MsoNormal"&gt;\n					&lt;span style="font-family:宋体;"&gt;如客户项目包含&lt;/span&gt;&lt;span&gt;app&lt;/span&gt;&lt;span style="font-family:宋体;"&gt;；可以要求项目经理制作&lt;/span&gt;&lt;span&gt;app&lt;/span&gt;&lt;span style="font-family:宋体;"&gt;原型图；也可以直接下单美工部开始设计。&lt;/span&gt;\n				&lt;/p&gt;\n			&lt;/td&gt;\n		&lt;/tr&gt;\n		&lt;tr&gt;\n			&lt;td width="89" valign="top" style="border:solid windowtext 1.0pt;"&gt;\n				&lt;p class="MsoNormal" align="center" style="text-align:center;"&gt;\n					&lt;span style="font-family:宋体;"&gt;第九步&lt;/span&gt;\n				&lt;/p&gt;\n			&lt;/td&gt;\n			&lt;td width="591" valign="top" style="border:solid windowtext 1.0pt;"&gt;\n				&lt;p class="MsoNormal"&gt;\n					&lt;span style="font-family:宋体;"&gt;美工部接到下单后，按原型图或根据甲方项目经理意见开始设计项目，&lt;/span&gt;&lt;span&gt;UI&lt;/span&gt;&lt;span style="font-family:宋体;"&gt;设计完成后，由甲方项目经理验收后签字确认；&lt;/span&gt;\n				&lt;/p&gt;\n			&lt;/td&gt;\n		&lt;/tr&gt;\n		&lt;tr&gt;\n			&lt;td width="89" valign="top" style="border:solid windowtext 1.0pt;"&gt;\n				&lt;p class="MsoNormal" align="center" style="text-align:center;"&gt;\n					&lt;span style="font-family:宋体;"&gt;第十步&lt;/span&gt;\n				&lt;/p&gt;\n			&lt;/td&gt;\n			&lt;td width="591" valign="top" style="border:solid windowtext 1.0pt;"&gt;\n				&lt;p class="MsoNormal"&gt;\n					&lt;span style="font-family:宋体;"&gt;后台部按照《项目后台功能表》搭建后台功能，后台样式有前端协助，后台框架样式搭建完成后由甲方项目经理验收后签字确认；&lt;/span&gt;\n				&lt;/p&gt;\n			&lt;/td&gt;\n		&lt;/tr&gt;\n		&lt;tr&gt;\n			&lt;td width="89" valign="top" style="border:solid windowtext 1.0pt;"&gt;\n				&lt;p class="MsoNormal" align="center" style="text-align:center;"&gt;\n					&lt;span style="font-family:宋体;"&gt;第十一步&lt;/span&gt;\n				&lt;/p&gt;\n			&lt;/td&gt;\n			&lt;td width="591" valign="top" style="border:solid windowtext 1.0pt;"&gt;\n				&lt;p class="MsoNormal"&gt;\n					&lt;span style="font-family:宋体;"&gt;由嘉瑞项目经理挑选项目开发小组成员；&lt;/span&gt;\n				&lt;/p&gt;\n			&lt;/td&gt;\n		&lt;/tr&gt;\n		&lt;tr&gt;\n			&lt;td width="89" valign="top" style="border:solid windowtext 1.0pt;"&gt;\n				&lt;p class="MsoNormal" align="center" style="text-align:center;"&gt;\n					&lt;span style="font-family:宋体;"&gt;第十二步&lt;/span&gt;\n				&lt;/p&gt;\n			&lt;/td&gt;\n			&lt;td width="591" valign="top" style="border:solid windowtext 1.0pt;"&gt;\n				&lt;p class="MsoNormal"&gt;\n					&lt;span style="font-family:宋体;"&gt;由嘉瑞项目经理制作项目开发进度表；由甲方项目经理签字确认；&lt;/span&gt;\n				&lt;/p&gt;\n			&lt;/td&gt;\n		&lt;/tr&gt;\n		&lt;tr&gt;\n			&lt;td width="89" valign="top" style="border:solid windowtext 1.0pt;"&gt;\n				&lt;p class="MsoNormal" align="center" style="text-align:center;"&gt;\n					&lt;span style="font-family:宋体;"&gt;第十三步&lt;/span&gt;\n				&lt;/p&gt;\n			&lt;/td&gt;\n			&lt;td width="591" valign="top" style="border:solid windowtext 1.0pt;"&gt;\n				&lt;p class="MsoNormal"&gt;\n					&lt;span style="font-family:宋体;"&gt;如客户项目包含&lt;/span&gt;&lt;span&gt;app&lt;/span&gt;&lt;span style="font-family:宋体;"&gt;；由项目小组安卓成员制作&lt;/span&gt;&lt;span&gt;app&lt;/span&gt;&lt;span style="font-family:宋体;"&gt;模型图，由甲方项目经理验收后签字确认；&lt;/span&gt;\n				&lt;/p&gt;\n			&lt;/td&gt;\n		&lt;/tr&gt;\n		&lt;tr&gt;\n			&lt;td width="89" valign="top" style="border:solid windowtext 1.0pt;"&gt;\n				&lt;p class="MsoNormal" align="center" style="text-align:center;"&gt;\n					&lt;span style="font-family:宋体;"&gt;第十四步&lt;/span&gt;\n				&lt;/p&gt;\n			&lt;/td&gt;\n			&lt;td width="591" valign="top" style="border:solid windowtext 1.0pt;"&gt;\n				&lt;p class="MsoNormal"&gt;\n					&lt;span style="font-family:宋体;"&gt;如客户项目包含网页端；由项目小组前端成员制作网页端模型图，由甲方项目经理验收后签字确认；&lt;/span&gt;\n				&lt;/p&gt;\n			&lt;/td&gt;\n		&lt;/tr&gt;\n		&lt;tr&gt;\n			&lt;td width="89" valign="top" style="border:solid windowtext 1.0pt;"&gt;\n				&lt;p class="MsoNormal" align="center" style="text-align:center;"&gt;\n					&lt;span style="font-family:宋体;"&gt;第十五步&lt;/span&gt;\n				&lt;/p&gt;\n			&lt;/td&gt;\n			&lt;td width="591" valign="top" style="border:solid windowtext 1.0pt;"&gt;\n				&lt;p class="MsoNormal"&gt;\n					&lt;span style="font-family:宋体;"&gt;项目进入程序开发阶段，甲乙双方项目经理共同参与开发并协助项目开发小组。&lt;/span&gt;\n				&lt;/p&gt;\n			&lt;/td&gt;\n		&lt;/tr&gt;\n		&lt;tr&gt;\n			&lt;td width="89" valign="top" style="border:solid windowtext 1.0pt;"&gt;\n				&lt;p class="MsoNormal" align="center" style="text-align:center;"&gt;\n					&lt;span style="font-family:宋体;"&gt;第十六步&lt;/span&gt;\n				&lt;/p&gt;\n			&lt;/td&gt;\n			&lt;td width="591" valign="top" style="border:solid windowtext 1.0pt;"&gt;\n				&lt;p class="MsoNormal"&gt;\n					&lt;span style="font-family:宋体;"&gt;项目进入测试阶段，由甲方项目经理负责测试，并提出修改意见文档。&lt;/span&gt;\n				&lt;/p&gt;\n			&lt;/td&gt;\n		&lt;/tr&gt;\n		&lt;tr&gt;\n			&lt;td width="89" valign="top" style="border:solid windowtext 1.0pt;"&gt;\n				&lt;p class="MsoNormal" align="center" style="text-align:center;"&gt;\n					&lt;span style="font-family:宋体;"&gt;第十七步&lt;/span&gt;\n				&lt;/p&gt;\n			&lt;/td&gt;\n			&lt;td width="591" valign="top" style="border:solid windowtext 1.0pt;"&gt;\n				&lt;p class="MsoNormal"&gt;\n					&lt;span style="font-family:宋体;"&gt;项目进入验收阶段，由甲方项目经理负责验收，并签字加盖甲方公司公章进行确认。&lt;/span&gt;\n				&lt;/p&gt;\n			&lt;/td&gt;\n		&lt;/tr&gt;\n		&lt;tr&gt;\n			&lt;td width="89" valign="top" style="border:solid windowtext 1.0pt;"&gt;\n				&lt;p class="MsoNormal" align="center" style="text-align:center;"&gt;\n					&lt;span style="font-family:宋体;"&gt;第十八步&lt;/span&gt;\n				&lt;/p&gt;\n			&lt;/td&gt;\n			&lt;td width="591" valign="top" style="border:solid windowtext 1.0pt;"&gt;\n				&lt;p class="MsoNormal"&gt;\n					&lt;span style="font-family:宋体;"&gt;项目源代码交付，交付为拷贝或部署甲方指定服务器。项目完成，正式上线。&lt;/span&gt;\n				&lt;/p&gt;\n			&lt;/td&gt;\n		&lt;/tr&gt;\n		&lt;tr&gt;\n			&lt;td width="89" valign="top" style="border:solid windowtext 1.0pt;"&gt;\n				&lt;p class="MsoNormal" align="center" style="text-align:center;"&gt;\n					&lt;span style="font-family:宋体;"&gt;第十九步&lt;/span&gt;\n				&lt;/p&gt;\n			&lt;/td&gt;\n			&lt;td width="591" valign="top" style="border:solid windowtext 1.0pt;"&gt;\n				&lt;p class="MsoNormal"&gt;\n					&lt;span style="font-family:宋体;"&gt;甲方项目经理为嘉瑞开发小组成员打分，打分作为项目成员项目提成比例和晋升参考标准；&lt;/span&gt;\n				&lt;/p&gt;\n			&lt;/td&gt;\n		&lt;/tr&gt;\n		&lt;tr&gt;\n			&lt;td width="89" valign="top" style="border:solid windowtext 1.0pt;"&gt;\n				&lt;p class="MsoNormal" align="center" style="text-align:center;"&gt;\n					&lt;span style="font-family:宋体;"&gt;第二十步&lt;/span&gt;\n				&lt;/p&gt;\n			&lt;/td&gt;\n			&lt;td width="591" valign="top" style="border:solid windowtext 1.0pt;"&gt;\n				&lt;p class="MsoNormal"&gt;\n					&lt;span style="font-family:宋体;"&gt;项目归档，项目小组解散，感谢甲方的支持和信任；&lt;/span&gt;\n				&lt;/p&gt;\n			&lt;/td&gt;\n		&lt;/tr&gt;\n		&lt;tr&gt;\n			&lt;td width="89" valign="top" style="border:solid windowtext 1.0pt;"&gt;\n				&lt;p class="MsoNormal" align="center" style="text-align:center;"&gt;\n					&lt;span style="font-family:宋体;"&gt;备注&lt;/span&gt;\n				&lt;/p&gt;\n			&lt;/td&gt;\n			&lt;td width="591" valign="top" style="border:solid windowtext 1.0pt;"&gt;\n				&lt;p class="MsoNormal" style="margin-left:0cm;text-indent:0cm;"&gt;\n					&lt;span&gt;1、&lt;/span&gt;&lt;span style="font-family:宋体;"&gt;本项目流程表作为合同不可分割的一部分，具有同等法律效力；&lt;/span&gt;\n				&lt;/p&gt;\n				&lt;p class="MsoNormal" style="margin-left:0cm;text-indent:0cm;"&gt;\n					&lt;span&gt;2、&lt;/span&gt;&lt;span style="font-family:宋体;"&gt;客户按照合同约定根据项目进度支付相关费用，否则乙方有权暂停项目；&lt;/span&gt;\n				&lt;/p&gt;\n				&lt;p class="MsoNormal" style="margin-left:0cm;text-indent:0cm;"&gt;\n					&lt;span&gt;3、&lt;/span&gt;&lt;span style="font-family:宋体;"&gt;甲乙双方应严格按照本项目流程表进行合作，如有一方违法，其中一方有权终止协议，并按照合同追究其相应责任；&lt;/span&gt;\n				&lt;/p&gt;\n				&lt;p class="MsoNormal" style="margin-left:0cm;text-indent:0cm;"&gt;\n					&lt;span&gt;4、&lt;/span&gt;&lt;span style="font-family:宋体;"&gt;如在开发过程中，甲方要求修改已经签字确认部分，乙方有权追加开发费用；&lt;/span&gt;\n				&lt;/p&gt;\n				&lt;p class="MsoNormal" style="margin-left:0cm;text-indent:0cm;"&gt;\n					&lt;span&gt;5、&lt;/span&gt;&lt;span style="font-family:宋体;"&gt;如在开发过程中，甲方要求增加本合同未曾约定的功能或者端口，乙方有权追加开发费用；&lt;/span&gt;\n				&lt;/p&gt;\n				&lt;p class="MsoNormal"&gt;\n					&lt;span&gt;6&lt;/span&gt;&lt;span style="font-family:宋体;"&gt;、项目的源代码要在甲方付清全部项目款项后，甲方和乙方签定程序转出协议，双方在签字盖章后，方可生效。&lt;/span&gt;\n				&lt;/p&gt;\n			&lt;/td&gt;\n		&lt;/tr&gt;\n	&lt;/tbody&gt;\n&lt;/table&gt;', 0, 1, NULL, 1517044571000, NULL, NULL),
	(17, '白云驾校功能开发需求表', '艾鹏鹏', NULL, '白云驾校功能开发需求表', '&lt;p class="MsoNormal"&gt;\n	&lt;b&gt;1&lt;/b&gt;&lt;b&gt;、用户端（&lt;span&gt;app&lt;/span&gt;）&lt;/b&gt;&lt;b&gt;&lt;/b&gt;\n&lt;/p&gt;\n&lt;table class="MsoNormalTable" border="1" cellspacing="0" cellpadding="0" align="left" style="border:none;"&gt;\n	&lt;tbody&gt;\n		&lt;tr&gt;\n			&lt;td width="117" valign="top" style="border:solid black 1.0pt;"&gt;\n				&lt;p class="MsoNormal" align="center" style="text-align:center;"&gt;\n					&lt;b&gt;&lt;span style="line-height:150%;font-family:宋体;"&gt;一级模块&lt;span&gt;&lt;/span&gt;&lt;/span&gt;&lt;/b&gt;\n				&lt;/p&gt;\n			&lt;/td&gt;\n			&lt;td width="108" valign="top" style="border:solid black 1.0pt;"&gt;\n				&lt;p class="MsoNormal" align="center" style="text-align:center;"&gt;\n					&lt;b&gt;&lt;span style="line-height:150%;font-family:宋体;"&gt;二级模块&lt;span&gt;&lt;/span&gt;&lt;/span&gt;&lt;/b&gt;\n				&lt;/p&gt;\n			&lt;/td&gt;\n			&lt;td width="123" valign="top" style="border:solid black 1.0pt;"&gt;\n				&lt;p class="MsoNormal" align="center" style="text-align:center;"&gt;\n					&lt;b&gt;&lt;span style="line-height:150%;font-family:宋体;"&gt;三级模块&lt;span&gt;&lt;/span&gt;&lt;/span&gt;&lt;/b&gt;\n				&lt;/p&gt;\n			&lt;/td&gt;\n			&lt;td width="637" valign="top" style="border:solid black 1.0pt;"&gt;\n				&lt;p class="MsoNormal" align="center" style="text-align:center;"&gt;\n					&lt;b&gt;&lt;span style="line-height:150%;font-family:宋体;"&gt;备注&lt;span&gt;&lt;/span&gt;&lt;/span&gt;&lt;/b&gt;\n				&lt;/p&gt;\n			&lt;/td&gt;\n		&lt;/tr&gt;\n		&lt;tr&gt;\n			&lt;td width="117" valign="top" style="border:solid black 1.0pt;"&gt;\n				&lt;p class="MsoNormal" align="center" style="text-align:center;"&gt;\n					&lt;span style="line-height:150%;font-family:宋体;"&gt;开机海报&lt;/span&gt;&lt;b&gt;&lt;span style="line-height:150%;font-family:宋体;"&gt;&lt;/span&gt;&lt;/b&gt;\n				&lt;/p&gt;\n			&lt;/td&gt;\n			&lt;td width="108" valign="top" style="border:solid black 1.0pt;"&gt;\n				&lt;p class="MsoNormal" align="center" style="text-align:center;"&gt;\n					&lt;b&gt;&lt;span style="line-height:150%;font-family:宋体;"&gt;&nbsp;&lt;/span&gt;&lt;/b&gt;\n				&lt;/p&gt;\n			&lt;/td&gt;\n			&lt;td width="123" valign="top" style="border:solid black 1.0pt;"&gt;\n				&lt;p class="MsoNormal" align="center" style="text-align:center;"&gt;\n					&lt;b&gt;&lt;span style="line-height:150%;font-family:宋体;"&gt;&nbsp;&lt;/span&gt;&lt;/b&gt;\n				&lt;/p&gt;\n			&lt;/td&gt;\n			&lt;td width="637" valign="top" style="border:solid black 1.0pt;"&gt;\n				&lt;p class="MsoNormal" align="left"&gt;\n					&lt;span style="line-height:150%;font-family:宋体;"&gt;进入&lt;span&gt;APP&lt;/span&gt;后的开机海报&lt;span&gt;1&lt;/span&gt;张&lt;/span&gt;&lt;b&gt;&lt;span style="line-height:150%;font-family:宋体;"&gt;&lt;/span&gt;&lt;/b&gt;\n				&lt;/p&gt;\n			&lt;/td&gt;\n		&lt;/tr&gt;\n		&lt;tr&gt;\n			&lt;td width="117" valign="top" style="border:solid black 1.0pt;"&gt;\n				&lt;p class="MsoNormal" align="center" style="text-align:center;"&gt;\n					&lt;span style="line-height:150%;font-family:宋体;"&gt;引导页&lt;/span&gt;&lt;b&gt;&lt;span style="line-height:150%;font-family:宋体;"&gt;&lt;/span&gt;&lt;/b&gt;\n				&lt;/p&gt;\n			&lt;/td&gt;\n			&lt;td width="108" valign="top" style="border:solid black 1.0pt;"&gt;\n				&lt;p class="MsoNormal" align="center" style="text-align:center;"&gt;\n					&lt;b&gt;&lt;span style="line-height:150%;font-family:宋体;"&gt;&nbsp;&lt;/span&gt;&lt;/b&gt;\n				&lt;/p&gt;\n			&lt;/td&gt;\n			&lt;td width="123" valign="top" style="border:solid black 1.0pt;"&gt;\n				&lt;p class="MsoNormal" align="center" style="text-align:center;"&gt;\n					&lt;b&gt;&lt;span style="line-height:150%;font-family:宋体;"&gt;&nbsp;&lt;/span&gt;&lt;/b&gt;\n				&lt;/p&gt;\n			&lt;/td&gt;\n			&lt;td width="637" valign="top" style="border:solid black 1.0pt;"&gt;\n				&lt;p class="MsoNormal" align="left"&gt;\n					&lt;span style="line-height:150%;font-family:宋体;"&gt;做&lt;span&gt;3&lt;/span&gt;张引导海报来宣传主题，从而再进入&lt;span&gt;APP&lt;/span&gt;体验&lt;/span&gt;&lt;b&gt;&lt;span style="line-height:150%;font-family:宋体;"&gt;&lt;/span&gt;&lt;/b&gt;\n				&lt;/p&gt;\n			&lt;/td&gt;\n		&lt;/tr&gt;\n		&lt;tr&gt;\n			&lt;td width="117" rowspan="14" valign="top" style="border:solid black 1.0pt;"&gt;\n				&lt;p class="MsoNormal" align="center" style="text-align:center;"&gt;\n					&lt;b&gt;&lt;span style="line-height:150%;font-family:宋体;"&gt;&nbsp;&lt;/span&gt;&lt;/b&gt;\n				&lt;/p&gt;\n				&lt;p class="MsoNormal" align="center" style="text-align:center;"&gt;\n					&lt;b&gt;&lt;span style="line-height:150%;font-family:宋体;"&gt;&nbsp;&lt;/span&gt;&lt;/b&gt;\n				&lt;/p&gt;\n				&lt;p class="MsoNormal" align="center" style="text-align:center;"&gt;\n					&lt;b&gt;&lt;span style="line-height:150%;font-family:宋体;"&gt;&nbsp;&lt;/span&gt;&lt;/b&gt;\n				&lt;/p&gt;\n				&lt;p class="MsoNormal" align="center" style="text-align:center;"&gt;\n					&lt;b&gt;&lt;span style="line-height:150%;font-family:宋体;"&gt;&nbsp;&lt;/span&gt;&lt;/b&gt;\n				&lt;/p&gt;\n				&lt;p class="MsoNormal" style="text-indent:21.1pt;"&gt;\n					&lt;b&gt;&lt;span style="line-height:150%;font-family:宋体;"&gt;首　页&lt;span&gt;&lt;/span&gt;&lt;/span&gt;&lt;/b&gt;\n				&lt;/p&gt;\n			&lt;/td&gt;\n			&lt;td width="108" rowspan="4" valign="top" style="border:solid black 1.0pt;"&gt;\n				&lt;p class="MsoNormal" align="center" style="text-align:center;"&gt;\n					&lt;span style="line-height:150%;font-family:宋体;"&gt;顶部导航&lt;span&gt;&lt;/span&gt;&lt;/span&gt;\n				&lt;/p&gt;\n			&lt;/td&gt;\n			&lt;td width="123" valign="top" style="border:solid black 1.0pt;"&gt;\n				&lt;p class="MsoNormal"&gt;\n					&lt;span style="line-height:150%;font-family:宋体;"&gt;地区定位&lt;span&gt;&lt;/span&gt;&lt;/span&gt;\n				&lt;/p&gt;\n			&lt;/td&gt;\n			&lt;td width="637" valign="top" style="border:solid black 1.0pt;"&gt;\n				&lt;p class="MsoNormal"&gt;\n					&lt;span style="line-height:150%;font-family:宋体;"&gt;通过定位获取当前地区（如南昌）&lt;span&gt;&lt;/span&gt;&lt;/span&gt;\n				&lt;/p&gt;\n			&lt;/td&gt;\n		&lt;/tr&gt;\n		&lt;tr&gt;\n			&lt;td width="123" valign="top" style="border:solid black 1.0pt;"&gt;\n				&lt;p class="MsoNormal"&gt;\n					&lt;span style="line-height:150%;font-family:宋体;"&gt;项目名称&lt;span&gt;&lt;/span&gt;&lt;/span&gt;\n				&lt;/p&gt;\n			&lt;/td&gt;\n			&lt;td width="637" valign="top" style="border:solid black 1.0pt;"&gt;\n				&lt;p class="MsoNormal"&gt;\n					&lt;span style="line-height:150%;font-family:宋体;"&gt;显示项目的名称或&lt;span&gt;LOGO&lt;/span&gt;&lt;/span&gt;\n				&lt;/p&gt;\n			&lt;/td&gt;\n		&lt;/tr&gt;\n		&lt;tr&gt;\n			&lt;td width="123" valign="top" style="border:solid black 1.0pt;"&gt;\n				&lt;p class="MsoNormal"&gt;\n					&lt;span style="line-height:150%;font-family:宋体;"&gt;搜索&lt;span&gt;&lt;/span&gt;&lt;/span&gt;\n				&lt;/p&gt;\n			&lt;/td&gt;\n			&lt;td width="637" valign="top" style="border:solid black 1.0pt;"&gt;\n				&lt;p class="MsoNormal"&gt;\n					&lt;span style="line-height:150%;font-family:宋体;"&gt;通过关键词进行内容搜索&lt;span&gt;&lt;/span&gt;&lt;/span&gt;\n				&lt;/p&gt;\n			&lt;/td&gt;\n		&lt;/tr&gt;\n		&lt;tr&gt;\n			&lt;td width="123" valign="top" style="border:solid black 1.0pt;"&gt;\n				&lt;p class="MsoNormal"&gt;\n					&lt;span style="line-height:150%;font-family:宋体;"&gt;消息提醒&lt;span&gt;&lt;/span&gt;&lt;/span&gt;\n				&lt;/p&gt;\n			&lt;/td&gt;\n			&lt;td width="637" valign="top" style="border:solid black 1.0pt;"&gt;\n				&lt;p class="MsoNormal"&gt;\n					&lt;span style="line-height:150%;font-family:宋体;"&gt;如果有新的学员注册或报名有消息提醒&lt;span&gt;&lt;/span&gt;&lt;/span&gt;\n				&lt;/p&gt;\n			&lt;/td&gt;\n		&lt;/tr&gt;\n		&lt;tr&gt;\n			&lt;td width="108" valign="top" style="border:solid black 1.0pt;"&gt;\n				&lt;p class="MsoNormal" align="center" style="text-align:center;"&gt;\n					&lt;span style="line-height:150%;font-family:宋体;"&gt;幻灯片专区&lt;span&gt;&lt;/span&gt;&lt;/span&gt;\n				&lt;/p&gt;\n			&lt;/td&gt;\n			&lt;td width="123" valign="top" style="border:solid black 1.0pt;"&gt;\n				&lt;p class="MsoNormal"&gt;\n					&lt;span style="line-height:150%;font-family:宋体;"&gt;&nbsp;&lt;/span&gt;\n				&lt;/p&gt;\n			&lt;/td&gt;\n			&lt;td width="637" valign="top" style="border:solid black 1.0pt;"&gt;\n				&lt;p class="MsoNormal"&gt;\n					&lt;span style="line-height:150%;font-family:宋体;"&gt;３张主题广告图片轮流切换，方便主站进行活动推广营销&lt;span&gt;&lt;/span&gt;&lt;/span&gt;\n				&lt;/p&gt;\n			&lt;/td&gt;\n		&lt;/tr&gt;\n		&lt;tr&gt;\n			&lt;td width="108" rowspan="6" valign="top" style="border:solid black 1.0pt;"&gt;\n				&lt;p class="MsoNormal" align="center" style="text-align:center;"&gt;\n					&lt;span style="line-height:150%;font-family:宋体;"&gt;栏目导航&lt;span&gt;&lt;/span&gt;&lt;/span&gt;\n				&lt;/p&gt;\n			&lt;/td&gt;\n			&lt;td width="123" valign="top" style="border:solid black 1.0pt;"&gt;\n				&lt;p class="MsoNormal"&gt;\n					&lt;span style="line-height:150%;font-family:宋体;"&gt;驾校概览&lt;span&gt;&lt;/span&gt;&lt;/span&gt;\n				&lt;/p&gt;\n			&lt;/td&gt;\n			&lt;td width="637" valign="top" style="border:solid black 1.0pt;"&gt;\n				&lt;p class="MsoNormal"&gt;\n					&lt;span style="line-height:150%;font-family:宋体;"&gt;对驾校的相关介绍&lt;span&gt;&lt;/span&gt;&lt;/span&gt;\n				&lt;/p&gt;\n			&lt;/td&gt;\n		&lt;/tr&gt;\n		&lt;tr&gt;\n			&lt;td width="123" valign="top" style="border:solid black 1.0pt;"&gt;\n				&lt;p class="MsoNormal"&gt;\n					&lt;span style="line-height:150%;font-family:宋体;"&gt;在线报名&lt;span&gt;&lt;/span&gt;&lt;/span&gt;\n				&lt;/p&gt;\n			&lt;/td&gt;\n			&lt;td width="637" valign="top" style="border:solid black 1.0pt;"&gt;\n				&lt;p class="MsoNormal"&gt;\n					&lt;span style="line-height:150%;font-family:宋体;"&gt;通过线上平台直接报名和交费&lt;span&gt;&lt;/span&gt;&lt;/span&gt;\n				&lt;/p&gt;\n			&lt;/td&gt;\n		&lt;/tr&gt;\n		&lt;tr&gt;\n			&lt;td width="123" valign="top" style="border:solid black 1.0pt;"&gt;\n				&lt;p class="MsoNormal"&gt;\n					&lt;span style="line-height:150%;font-family:宋体;"&gt;模拟考试&lt;span&gt;&lt;/span&gt;&lt;/span&gt;\n				&lt;/p&gt;\n			&lt;/td&gt;\n			&lt;td width="637" valign="top" style="border:solid black 1.0pt;"&gt;\n				&lt;p class="MsoNormal"&gt;\n					&lt;span style="line-height:150%;font-family:宋体;"&gt;通过线上平台直接模拟考试和查看结果&lt;span&gt;&lt;/span&gt;&lt;/span&gt;\n				&lt;/p&gt;\n			&lt;/td&gt;\n		&lt;/tr&gt;\n		&lt;tr&gt;\n			&lt;td width="123" valign="top" style="border:solid black 1.0pt;"&gt;\n				&lt;p class="MsoNormal"&gt;\n					&lt;span style="line-height:150%;font-family:宋体;"&gt;班车路线&lt;span&gt;&lt;/span&gt;&lt;/span&gt;\n				&lt;/p&gt;\n			&lt;/td&gt;\n			&lt;td width="637" valign="top" style="border:solid black 1.0pt;"&gt;\n				&lt;p class="MsoNormal"&gt;\n					&lt;span style="line-height:150%;font-family:宋体;"&gt;可以查看学校班车的运行情况&lt;span&gt;&lt;/span&gt;&lt;/span&gt;\n				&lt;/p&gt;\n			&lt;/td&gt;\n		&lt;/tr&gt;\n		&lt;tr&gt;\n			&lt;td width="123" valign="top" style="border:solid black 1.0pt;"&gt;\n				&lt;p class="MsoNormal"&gt;\n					&lt;span style="line-height:150%;font-family:宋体;"&gt;分享有礼&lt;span&gt;&lt;/span&gt;&lt;/span&gt;\n				&lt;/p&gt;\n			&lt;/td&gt;\n			&lt;td width="637" valign="top" style="border:solid black 1.0pt;"&gt;\n				&lt;p class="MsoNormal"&gt;\n					&lt;span style="line-height:150%;font-family:宋体;"&gt;通过分享后，如果用户注册下单，分享人可以获取佣金&lt;span&gt;&lt;/span&gt;&lt;/span&gt;\n				&lt;/p&gt;\n			&lt;/td&gt;\n		&lt;/tr&gt;\n		&lt;tr&gt;\n			&lt;td width="123" valign="top" style="border:solid black 1.0pt;"&gt;\n				&lt;p class="MsoNormal"&gt;\n					&lt;span style="line-height:150%;font-family:宋体;"&gt;我要约考&lt;span&gt;&lt;/span&gt;&lt;/span&gt;\n				&lt;/p&gt;\n			&lt;/td&gt;\n			&lt;td width="637" valign="top" style="border:solid black 1.0pt;"&gt;\n				&lt;p class="MsoNormal"&gt;\n					&lt;span style="line-height:150%;font-family:宋体;"&gt;连接交管&lt;span&gt;12123&lt;/span&gt;进行考试预约&lt;span&gt;&lt;/span&gt;&lt;/span&gt;\n				&lt;/p&gt;\n			&lt;/td&gt;\n		&lt;/tr&gt;\n		&lt;tr&gt;\n			&lt;td width="108" valign="top" style="border:solid black 1.0pt;"&gt;\n				&lt;p class="MsoNormal" align="center" style="text-align:center;"&gt;\n					&lt;span style="line-height:150%;font-family:宋体;"&gt;最新公告&lt;span&gt;&lt;/span&gt;&lt;/span&gt;\n				&lt;/p&gt;\n			&lt;/td&gt;\n			&lt;td width="123" valign="top" style="border:solid black 1.0pt;"&gt;\n				&lt;p class="MsoNormal"&gt;\n					&lt;span style="line-height:150%;font-family:宋体;"&gt;&nbsp;&lt;/span&gt;\n				&lt;/p&gt;\n			&lt;/td&gt;\n			&lt;td width="637" valign="top" style="border:solid black 1.0pt;"&gt;\n				&lt;p class="MsoNormal"&gt;\n					&lt;span style="line-height:150%;font-family:宋体;"&gt;最新的新闻在首页推荐，点击后进入新闻列表页。&lt;span&gt;&lt;/span&gt;&lt;/span&gt;\n				&lt;/p&gt;\n			&lt;/td&gt;\n		&lt;/tr&gt;\n		&lt;tr&gt;\n			&lt;td width="108" valign="top" style="border:solid black 1.0pt;"&gt;\n				&lt;p class="MsoNormal" align="center" style="text-align:center;"&gt;\n					&lt;span style="line-height:150%;font-family:宋体;"&gt;校区展示&lt;span&gt;&lt;/span&gt;&lt;/span&gt;\n				&lt;/p&gt;\n			&lt;/td&gt;\n			&lt;td width="123" valign="top" style="border:solid black 1.0pt;"&gt;\n				&lt;p class="MsoNormal"&gt;\n					&lt;span style="line-height:150%;font-family:宋体;"&gt;&nbsp;&lt;/span&gt;\n				&lt;/p&gt;\n			&lt;/td&gt;\n			&lt;td width="637" valign="top" style="border:solid black 1.0pt;"&gt;\n				&lt;p class="MsoNormal"&gt;\n					&lt;span style="line-height:150%;font-family:宋体;"&gt;白云驾校的各个校区按列表形式展示&lt;span&gt;&lt;/span&gt;&lt;/span&gt;\n				&lt;/p&gt;\n			&lt;/td&gt;\n		&lt;/tr&gt;\n		&lt;tr&gt;\n			&lt;td width="108" valign="top" style="border:solid black 1.0pt;"&gt;\n				&lt;p class="MsoNormal" align="center" style="text-align:center;"&gt;\n					&lt;span style="line-height:150%;font-family:宋体;"&gt;底部导航&lt;span&gt;&lt;/span&gt;&lt;/span&gt;\n				&lt;/p&gt;\n			&lt;/td&gt;\n			&lt;td width="123" valign="top" style="border:solid black 1.0pt;"&gt;\n				&lt;p class="MsoNormal"&gt;\n					&lt;span style="line-height:150%;font-family:宋体;"&gt;&nbsp;&lt;/span&gt;\n				&lt;/p&gt;\n			&lt;/td&gt;\n			&lt;td width="637" valign="top" style="border:solid black 1.0pt;"&gt;\n				&lt;p class="MsoNormal"&gt;\n					&lt;span style="line-height:150%;font-family:宋体;"&gt;首页、报名、题库、我的&lt;span&gt;&lt;/span&gt;&lt;/span&gt;\n				&lt;/p&gt;\n			&lt;/td&gt;\n		&lt;/tr&gt;\n		&lt;tr&gt;\n			&lt;td width="117" rowspan="7" valign="top" style="border:solid black 1.0pt;"&gt;\n				&lt;p class="MsoNormal" align="center" style="text-align:center;"&gt;\n					&lt;b&gt;&lt;span style="line-height:150%;font-family:宋体;"&gt;&nbsp;&lt;/span&gt;&lt;/b&gt;\n				&lt;/p&gt;\n				&lt;p class="MsoNormal" align="center" style="text-align:center;"&gt;\n					&lt;b&gt;&lt;span style="line-height:150%;font-family:宋体;"&gt;&nbsp;&lt;/span&gt;&lt;/b&gt;\n				&lt;/p&gt;\n				&lt;p class="MsoNormal" align="center" style="text-align:center;"&gt;\n					&lt;b&gt;&lt;span style="line-height:150%;font-family:宋体;"&gt;驾校概览&lt;span&gt;&lt;/span&gt;&lt;/span&gt;&lt;/b&gt;\n				&lt;/p&gt;\n			&lt;/td&gt;\n			&lt;td width="108" valign="top" style="border:solid black 1.0pt;"&gt;\n				&lt;p class="MsoNormal" align="center" style="text-align:center;"&gt;\n					&lt;span style="line-height:150%;font-family:宋体;"&gt;驾校简介&lt;span&gt;&lt;/span&gt;&lt;/span&gt;\n				&lt;/p&gt;\n			&lt;/td&gt;\n			&lt;td width="123" valign="top" style="border:solid black 1.0pt;"&gt;\n				&lt;p class="MsoNormal"&gt;\n					&lt;span style="line-height:150%;font-family:宋体;"&gt;&nbsp;&lt;/span&gt;\n				&lt;/p&gt;\n			&lt;/td&gt;\n			&lt;td width="637" valign="top" style="border:solid black 1.0pt;"&gt;\n				&lt;p class="MsoNormal"&gt;\n					&lt;span style="line-height:150%;font-family:宋体;"&gt;通过图文并貌的方式展示&lt;span&gt;&lt;/span&gt;&lt;/span&gt;\n				&lt;/p&gt;\n			&lt;/td&gt;\n		&lt;/tr&gt;\n		&lt;tr&gt;\n			&lt;td width="108" valign="top" style="border:solid black 1.0pt;"&gt;\n				&lt;p class="MsoNormal" align="center" style="text-align:center;"&gt;\n					&lt;span style="line-height:150%;font-family:宋体;"&gt;企业文化&lt;span&gt;&lt;/span&gt;&lt;/span&gt;\n				&lt;/p&gt;\n			&lt;/td&gt;\n			&lt;td width="123" valign="top" style="border:solid black 1.0pt;"&gt;\n				&lt;p class="MsoNormal"&gt;\n					&lt;span style="line-height:150%;font-family:宋体;"&gt;&nbsp;&lt;/span&gt;\n				&lt;/p&gt;\n			&lt;/td&gt;\n			&lt;td width="637" valign="top" style="border:solid black 1.0pt;"&gt;\n				&lt;p class="MsoNormal"&gt;\n					&lt;span style="line-height:150%;font-family:宋体;"&gt;通过图文并貌的方式展示&lt;span&gt;&lt;/span&gt;&lt;/span&gt;\n				&lt;/p&gt;\n			&lt;/td&gt;\n		&lt;/tr&gt;\n		&lt;tr&gt;\n			&lt;td width="108" rowspan="2" valign="top" style="border:solid black 1.0pt;"&gt;\n				&lt;p class="MsoNormal" align="center" style="text-align:center;"&gt;\n					&lt;span style="line-height:250%;font-family:宋体;"&gt;新闻公告&lt;span&gt;&lt;/span&gt;&lt;/span&gt;\n				&lt;/p&gt;\n			&lt;/td&gt;\n			&lt;td width="123" valign="top" style="border:solid black 1.0pt;"&gt;\n				&lt;p class="MsoNormal"&gt;\n					&lt;span style="line-height:150%;font-family:宋体;"&gt;列表展示&lt;span&gt;&lt;/span&gt;&lt;/span&gt;\n				&lt;/p&gt;\n			&lt;/td&gt;\n			&lt;td width="637" rowspan="4" valign="top" style="border:solid black 1.0pt;"&gt;\n				&lt;p class="MsoNormal" style="margin-left:18.0pt;text-indent:-18.0pt;"&gt;\n					&lt;span style="line-height:150%;font-family:宋体;"&gt;1、&lt;span style="font-size:7pt;line-height:normal;font-family:&quot;"&gt; &lt;/span&gt;&lt;/span&gt;&lt;span style="line-height:150%;font-family:宋体;"&gt;通过文章列表的形式展示&lt;span&gt;&lt;/span&gt;&lt;/span&gt;\n				&lt;/p&gt;\n				&lt;p class="MsoNormal" style="margin-left:18.0pt;text-indent:-18.0pt;"&gt;\n					&lt;span style="line-height:150%;font-family:宋体;"&gt;2、&lt;span style="font-size:7pt;line-height:normal;font-family:&quot;"&gt; &lt;/span&gt;&lt;/span&gt;&lt;span style="line-height:150%;font-family:宋体;"&gt;详情页通过图文并貌的方式展示&lt;span&gt;&lt;/span&gt;&lt;/span&gt;\n				&lt;/p&gt;\n			&lt;/td&gt;\n		&lt;/tr&gt;\n		&lt;tr&gt;\n			&lt;td width="123" valign="top" style="border:solid black 1.0pt;"&gt;\n				&lt;p class="MsoNormal"&gt;\n					&lt;span style="line-height:150%;font-family:宋体;"&gt;新闻详情&lt;span&gt;&lt;/span&gt;&lt;/span&gt;\n				&lt;/p&gt;\n			&lt;/td&gt;\n		&lt;/tr&gt;\n		&lt;tr&gt;\n			&lt;td width="108" rowspan="2" valign="top" style="border:solid black 1.0pt;"&gt;\n				&lt;p class="MsoNormal" align="center" style="text-align:center;"&gt;\n					&lt;span style="line-height:250%;font-family:宋体;"&gt;常见问题&lt;span&gt;&lt;/span&gt;&lt;/span&gt;\n				&lt;/p&gt;\n			&lt;/td&gt;\n			&lt;td width="123" valign="top" style="border:solid black 1.0pt;"&gt;\n				&lt;p class="MsoNormal"&gt;\n					&lt;span style="line-height:150%;font-family:宋体;"&gt;列表展示&lt;span&gt;&lt;/span&gt;&lt;/span&gt;\n				&lt;/p&gt;\n			&lt;/td&gt;\n		&lt;/tr&gt;\n		&lt;tr&gt;\n			&lt;td width="123" valign="top" style="border:solid black 1.0pt;"&gt;\n				&lt;p class="MsoNormal"&gt;\n					&lt;span style="line-height:150%;font-family:宋体;"&gt;问题详情&lt;span&gt;&lt;/span&gt;&lt;/span&gt;\n				&lt;/p&gt;\n			&lt;/td&gt;\n		&lt;/tr&gt;\n		&lt;tr&gt;\n			&lt;td width="108" valign="top" style="border:solid black 1.0pt;"&gt;\n				&lt;p class="MsoNormal" align="center" style="text-align:center;"&gt;\n					&lt;span style="line-height:150%;font-family:宋体;"&gt;联系我们&lt;span&gt;&lt;/span&gt;&lt;/span&gt;\n				&lt;/p&gt;\n			&lt;/td&gt;\n			&lt;td width="123" valign="top" style="border:solid black 1.0pt;"&gt;\n				&lt;p class="MsoNormal"&gt;\n					&lt;span style="line-height:150%;font-family:宋体;"&gt;&nbsp;&lt;/span&gt;\n				&lt;/p&gt;\n			&lt;/td&gt;\n			&lt;td width="637" valign="top" style="border:solid black 1.0pt;"&gt;\n				&lt;p class="MsoNormal"&gt;\n					&lt;span style="line-height:150%;font-family:宋体;"&gt;通过图文并貌的方式展示&lt;span&gt;&lt;/span&gt;&lt;/span&gt;\n				&lt;/p&gt;\n			&lt;/td&gt;\n		&lt;/tr&gt;\n		&lt;tr&gt;\n			&lt;td width="117" rowspan="8" valign="top" style="border:solid black 1.0pt;"&gt;\n				&lt;p class="MsoNormal" align="center" style="text-align:center;"&gt;\n					&lt;b&gt;&lt;span style="line-height:150%;font-family:宋体;"&gt;&nbsp;&lt;/span&gt;&lt;/b&gt;\n				&lt;/p&gt;\n				&lt;p class="MsoNormal" align="center" style="text-align:center;"&gt;\n					&lt;b&gt;&lt;span style="line-height:150%;font-family:宋体;"&gt;&nbsp;&lt;/span&gt;&lt;/b&gt;\n				&lt;/p&gt;\n				&lt;p class="MsoNormal" align="center" style="text-align:center;"&gt;\n					&lt;b&gt;&lt;span style="line-height:150%;font-family:宋体;"&gt;&nbsp;&lt;/span&gt;&lt;/b&gt;\n				&lt;/p&gt;\n				&lt;p class="MsoNormal" align="center" style="text-align:center;"&gt;\n					&lt;b&gt;&lt;span style="line-height:150%;font-family:宋体;"&gt;&nbsp;&lt;/span&gt;&lt;/b&gt;\n				&lt;/p&gt;\n				&lt;p class="MsoNormal" align="center" style="text-align:center;"&gt;\n					&lt;b&gt;&lt;span style="line-height:150%;font-family:宋体;"&gt;&nbsp;&lt;/span&gt;&lt;/b&gt;\n				&lt;/p&gt;\n				&lt;p class="MsoNormal" align="center" style="text-align:center;"&gt;\n					&lt;b&gt;&lt;span style="line-height:150%;font-family:宋体;"&gt;&nbsp;&lt;/span&gt;&lt;/b&gt;\n				&lt;/p&gt;\n				&lt;p class="MsoNormal" align="center" style="text-align:center;"&gt;\n					&lt;b&gt;&lt;span style="line-height:150%;font-family:宋体;"&gt;&nbsp;&lt;/span&gt;&lt;/b&gt;\n				&lt;/p&gt;\n				&lt;p class="MsoNormal" align="center" style="text-align:center;"&gt;\n					&lt;b&gt;&lt;span style="line-height:150%;font-family:宋体;"&gt;&nbsp;&lt;/span&gt;&lt;/b&gt;\n				&lt;/p&gt;\n				&lt;p class="MsoNormal" align="center" style="text-align:center;"&gt;\n					&lt;b&gt;&lt;span style="line-height:150%;font-family:宋体;"&gt;&nbsp;&lt;/span&gt;&lt;/b&gt;\n				&lt;/p&gt;\n				&lt;p class="MsoNormal" align="center" style="text-align:center;"&gt;\n					&lt;b&gt;&lt;span style="line-height:150%;font-family:宋体;"&gt;在线报名&lt;span&gt;&lt;/span&gt;&lt;/span&gt;&lt;/b&gt;\n				&lt;/p&gt;\n			&lt;/td&gt;\n			&lt;td width="108" rowspan="8" valign="top" style="border:solid black 1.0pt;"&gt;\n				&lt;p class="MsoNormal" align="center" style="text-align:center;"&gt;\n					&lt;span style="line-height:150%;font-family:宋体;"&gt;&nbsp;&lt;/span&gt;\n				&lt;/p&gt;\n				&lt;p class="MsoNormal" align="center" style="text-align:center;"&gt;\n					&lt;span style="line-height:150%;font-family:宋体;"&gt;&nbsp;&lt;/span&gt;\n				&lt;/p&gt;\n				&lt;p class="MsoNormal" align="center" style="text-align:center;"&gt;\n					&lt;span style="line-height:150%;font-family:宋体;"&gt;&nbsp;&lt;/span&gt;\n				&lt;/p&gt;\n				&lt;p class="MsoNormal" align="center" style="text-align:center;"&gt;\n					&lt;span style="line-height:150%;font-family:宋体;"&gt;&nbsp;&lt;/span&gt;\n				&lt;/p&gt;\n				&lt;p class="MsoNormal" align="center" style="text-align:center;"&gt;\n					&lt;span style="line-height:150%;font-family:宋体;"&gt;&nbsp;&lt;/span&gt;\n				&lt;/p&gt;\n				&lt;p class="MsoNormal" align="center" style="text-align:center;"&gt;\n					&lt;span style="line-height:150%;font-family:宋体;"&gt;&nbsp;&lt;/span&gt;\n				&lt;/p&gt;\n				&lt;p class="MsoNormal" align="center" style="text-align:center;"&gt;\n					&lt;span style="line-height:150%;font-family:宋体;"&gt;&nbsp;&lt;/span&gt;\n				&lt;/p&gt;\n				&lt;p class="MsoNormal" align="center" style="text-align:center;"&gt;\n					&lt;span style="line-height:150%;font-family:宋体;"&gt;&nbsp;&lt;/span&gt;\n				&lt;/p&gt;\n				&lt;p class="MsoNormal" align="center" style="text-align:center;"&gt;\n					&lt;span style="line-height:150%;font-family:宋体;"&gt;&nbsp;&lt;/span&gt;\n				&lt;/p&gt;\n				&lt;p class="MsoNormal" align="center" style="text-align:center;"&gt;\n					&lt;span style="line-height:150%;font-family:宋体;"&gt;校区选择&lt;span&gt;&lt;/span&gt;&lt;/span&gt;\n				&lt;/p&gt;\n			&lt;/td&gt;\n			&lt;td width="123" valign="top" style="border:solid black 1.0pt;"&gt;\n				&lt;p class="MsoNormal"&gt;\n					&lt;span style="line-height:150%;font-family:宋体;"&gt;校区列表&lt;span&gt;&lt;/span&gt;&lt;/span&gt;\n				&lt;/p&gt;\n			&lt;/td&gt;\n			&lt;td width="637" valign="top" style="border:solid black 1.0pt;"&gt;\n				&lt;p class="MsoNormal"&gt;\n					&lt;span style="line-height:150%;font-family:宋体;"&gt;把白云驾校所有的校区按列表形式展示，具体信息：主图、标题、评分、地址、距离、标签&lt;span&gt;&lt;/span&gt;&lt;/span&gt;\n				&lt;/p&gt;\n			&lt;/td&gt;\n		&lt;/tr&gt;\n		&lt;tr&gt;\n			&lt;td width="123" valign="top" style="border:solid black 1.0pt;"&gt;\n				&lt;p class="MsoNormal"&gt;\n					&lt;span style="line-height:150%;font-family:宋体;"&gt;校区详情&lt;span&gt;&lt;/span&gt;&lt;/span&gt;\n				&lt;/p&gt;\n			&lt;/td&gt;\n			&lt;td width="637" valign="top" style="border:solid black 1.0pt;"&gt;\n				&lt;p class="MsoNormal" style="margin-left:18.0pt;text-indent:-18.0pt;"&gt;\n					&lt;span style="line-height:150%;font-family:宋体;"&gt;1、&lt;span style="font-size:7pt;line-height:normal;font-family:&quot;"&gt; &lt;/span&gt;&lt;/span&gt;&lt;span style="line-height:150%;font-family:宋体;"&gt;副图：可以上传些学校的相关图片&lt;span&gt;&lt;/span&gt;&lt;/span&gt;\n				&lt;/p&gt;\n				&lt;p class="MsoNormal" style="margin-left:18.0pt;text-indent:-18.0pt;"&gt;\n					&lt;span style="line-height:150%;font-family:宋体;"&gt;2、&lt;span style="font-size:7pt;line-height:normal;font-family:&quot;"&gt; &lt;/span&gt;&lt;/span&gt;&lt;span style="line-height:150%;font-family:宋体;"&gt;标题&lt;span&gt;&lt;/span&gt;&lt;/span&gt;\n				&lt;/p&gt;\n				&lt;p class="MsoNormal" style="margin-left:18.0pt;text-indent:-18.0pt;"&gt;\n					&lt;span style="line-height:150%;font-family:宋体;"&gt;3、&lt;span style="font-size:7pt;line-height:normal;font-family:&quot;"&gt; &lt;/span&gt;&lt;/span&gt;&lt;span style="line-height:150%;font-family:宋体;"&gt;地址及咨询电话&lt;span&gt;&lt;/span&gt;&lt;/span&gt;\n				&lt;/p&gt;\n				&lt;p class="MsoNormal" style="margin-left:18.0pt;text-indent:-18.0pt;"&gt;\n					&lt;span style="line-height:150%;font-family:宋体;"&gt;4、&lt;span style="font-size:7pt;line-height:normal;font-family:&quot;"&gt; &lt;/span&gt;&lt;/span&gt;&lt;span style="line-height:150%;font-family:宋体;"&gt;标签：服务好、规模大等&lt;span&gt;&lt;/span&gt;&lt;/span&gt;\n				&lt;/p&gt;\n				&lt;p class="MsoNormal" style="margin-left:18.0pt;text-indent:-18.0pt;"&gt;\n					&lt;span style="line-height:150%;font-family:宋体;"&gt;5、&lt;span style="font-size:7pt;line-height:normal;font-family:&quot;"&gt; &lt;/span&gt;&lt;/span&gt;&lt;span style="line-height:150%;font-family:宋体;"&gt;班型介绍、教练介绍、场地介绍&lt;span&gt;&lt;/span&gt;&lt;/span&gt;\n				&lt;/p&gt;\n			&lt;/td&gt;\n		&lt;/tr&gt;\n		&lt;tr&gt;\n			&lt;td width="123" valign="top" style="border:solid black 1.0pt;"&gt;\n				&lt;p class="MsoNormal"&gt;\n					&lt;span style="line-height:150%;font-family:宋体;"&gt;班型选择&lt;span&gt;&lt;/span&gt;&lt;/span&gt;\n				&lt;/p&gt;\n			&lt;/td&gt;\n			&lt;td width="637" valign="top" style="border:solid black 1.0pt;"&gt;\n				&lt;p class="MsoNormal" style="margin-left:18.0pt;text-indent:-18.0pt;"&gt;\n					&lt;span style="line-height:150%;font-family:宋体;"&gt;1、&lt;span style="font-size:7pt;line-height:normal;font-family:&quot;"&gt; &lt;/span&gt;&lt;/span&gt;&lt;span style="line-height:150%;font-family:宋体;"&gt;班型列表：普通班、贵宾班、计时班等&lt;span&gt;&lt;/span&gt;&lt;/span&gt;\n				&lt;/p&gt;\n				&lt;p class="MsoNormal" style="margin-left:18.0pt;text-indent:-18.0pt;"&gt;\n					&lt;span style="line-height:150%;font-family:宋体;"&gt;2、&lt;span style="font-size:7pt;line-height:normal;font-family:&quot;"&gt; &lt;/span&gt;&lt;/span&gt;&lt;span style="line-height:150%;font-family:宋体;"&gt;班型介绍：&lt;span&gt;&lt;/span&gt;&lt;/span&gt;\n				&lt;/p&gt;\n				&lt;p class="MsoNormal" style="margin-left:54.0pt;text-indent:-36.0pt;"&gt;\n					&lt;span style="line-height:150%;font-family:宋体;"&gt;（1）&lt;span style="font-size:7pt;line-height:normal;font-family:&quot;"&gt;&nbsp;&nbsp; &lt;/span&gt;&lt;/span&gt;&lt;span style="line-height:150%;font-family:宋体;"&gt;车型：宝来自动档&lt;span&gt;&nbsp; &lt;/span&gt;&lt;/span&gt;\n				&lt;/p&gt;\n				&lt;p class="MsoNormal" style="margin-left:54.0pt;text-indent:-36.0pt;"&gt;\n					&lt;span style="line-height:150%;font-family:宋体;"&gt;（2）&lt;span style="font-size:7pt;line-height:normal;font-family:&quot;"&gt;&nbsp;&nbsp; &lt;/span&gt;&lt;/span&gt;&lt;span style="line-height:150%;font-family:宋体;"&gt;班型：普通班&lt;span&gt;-&lt;/span&gt;宝来自动档&lt;span&gt;-3600&lt;/span&gt;元&lt;span&gt;&lt;/span&gt;&lt;/span&gt;\n				&lt;/p&gt;\n				&lt;p class="MsoNormal" style="margin-left:54.0pt;text-indent:-36.0pt;"&gt;\n					&lt;span style="line-height:150%;font-family:宋体;"&gt;（3）&lt;span style="font-size:7pt;line-height:normal;font-family:&quot;"&gt;&nbsp;&nbsp; &lt;/span&gt;&lt;/span&gt;&lt;span style="line-height:150%;font-family:宋体;"&gt;驾照类型：&lt;span&gt;C1&lt;/span&gt;&lt;/span&gt;\n				&lt;/p&gt;\n				&lt;p class="MsoNormal" style="margin-left:54.0pt;text-indent:-36.0pt;"&gt;\n					&lt;span style="line-height:150%;font-family:宋体;"&gt;（4）&lt;span style="font-size:7pt;line-height:normal;font-family:&quot;"&gt;&nbsp;&nbsp; &lt;/span&gt;&lt;/span&gt;&lt;span style="line-height:150%;font-family:宋体;"&gt;价格：&lt;span&gt;3600&lt;/span&gt;&lt;/span&gt;\n				&lt;/p&gt;\n				&lt;p class="MsoNormal" style="margin-left:54.0pt;text-indent:-36.0pt;"&gt;\n					&lt;span style="line-height:150%;font-family:宋体;"&gt;（5）&lt;span style="font-size:7pt;line-height:normal;font-family:&quot;"&gt;&nbsp;&nbsp; &lt;/span&gt;&lt;/span&gt;&lt;span style="line-height:150%;font-family:宋体;"&gt;概要&lt;span&gt;&lt;/span&gt;&lt;/span&gt;\n				&lt;/p&gt;\n			&lt;/td&gt;\n		&lt;/tr&gt;\n		&lt;tr&gt;\n			&lt;td width="123" valign="top" style="border:solid black 1.0pt;"&gt;\n				&lt;p class="MsoNormal"&gt;\n					&lt;span style="line-height:150%;font-family:宋体;"&gt;立即报名&lt;span&gt;&lt;/span&gt;&lt;/span&gt;\n				&lt;/p&gt;\n			&lt;/td&gt;\n			&lt;td width="637" valign="top" style="border:solid black 1.0pt;"&gt;\n				&lt;p class="MsoNormal" style="margin-left:18.0pt;text-indent:-18.0pt;"&gt;\n					&lt;span style="line-height:150%;font-family:宋体;"&gt;1、&lt;span style="font-size:7pt;line-height:normal;font-family:&quot;"&gt; &lt;/span&gt;&lt;/span&gt;&lt;span style="line-height:150%;font-family:宋体;"&gt;查看报名流程：通过图文的形式展示&lt;span&gt;&lt;/span&gt;&lt;/span&gt;\n				&lt;/p&gt;\n				&lt;p class="MsoNormal" style="margin-left:18.0pt;text-indent:-18.0pt;"&gt;\n					&lt;span style="line-height:150%;font-family:宋体;"&gt;2、&lt;span style="font-size:7pt;line-height:normal;font-family:&quot;"&gt; &lt;/span&gt;&lt;/span&gt;&lt;span style="line-height:150%;font-family:宋体;"&gt;报名信息：姓名、手机号、户口类型（南昌、外地）、选择招生分布、寄送地址（选择招生分布后会自动匹配详细地址）、收件人和电话&lt;span&gt;&lt;/span&gt;&lt;/span&gt;\n				&lt;/p&gt;\n				&lt;p class="MsoNormal" style="margin-left:18.0pt;text-indent:-18.0pt;"&gt;\n					&lt;span style="line-height:150%;font-family:宋体;"&gt;3、&lt;span style="font-size:7pt;line-height:normal;font-family:&quot;"&gt; &lt;/span&gt;&lt;/span&gt;&lt;span style="line-height:150%;font-family:宋体;"&gt;查看寄送资料&lt;span&gt;&lt;/span&gt;&lt;/span&gt;\n				&lt;/p&gt;\n				&lt;p class="MsoNormal" style="margin-left:18.0pt;text-indent:-18.0pt;"&gt;\n					&lt;span style="line-height:150%;font-family:宋体;"&gt;4、&lt;span style="font-size:7pt;line-height:normal;font-family:&quot;"&gt; &lt;/span&gt;&lt;/span&gt;&lt;span style="line-height:150%;font-family:宋体;"&gt;证件类型&lt;span&gt;&lt;/span&gt;&lt;/span&gt;\n				&lt;/p&gt;\n				&lt;p class="MsoNormal" style="margin-left:18.0pt;text-indent:-18.0pt;"&gt;\n					&lt;span style="line-height:150%;font-family:宋体;"&gt;5、&lt;span style="font-size:7pt;line-height:normal;font-family:&quot;"&gt; &lt;/span&gt;&lt;/span&gt;&lt;span style="line-height:150%;font-family:宋体;"&gt;证件号码&lt;span&gt;&lt;/span&gt;&lt;/span&gt;\n				&lt;/p&gt;\n				&lt;p class="MsoNormal" style="margin-left:18.0pt;text-indent:-18.0pt;"&gt;\n					&lt;span style="line-height:150%;font-family:宋体;"&gt;6、&lt;span style="font-size:7pt;line-height:normal;font-family:&quot;"&gt; &lt;/span&gt;&lt;/span&gt;&lt;span style="line-height:150%;font-family:宋体;"&gt;班车路线&lt;span&gt;&lt;/span&gt;&lt;/span&gt;\n				&lt;/p&gt;\n				&lt;p class="MsoNormal" style="margin-left:18.0pt;text-indent:-18.0pt;"&gt;\n					&lt;span style="line-height:150%;font-family:宋体;"&gt;7、&lt;span style="font-size:7pt;line-height:normal;font-family:&quot;"&gt; &lt;/span&gt;&lt;/span&gt;&lt;span style="line-height:150%;font-family:宋体;"&gt;应收金额&lt;span&gt;&lt;/span&gt;&lt;/span&gt;\n				&lt;/p&gt;\n				&lt;p class="MsoNormal" style="margin-left:18.0pt;text-indent:-18.0pt;"&gt;\n					&lt;span style="line-height:150%;font-family:宋体;"&gt;8、&lt;span style="font-size:7pt;line-height:normal;font-family:&quot;"&gt; &lt;/span&gt;&lt;/span&gt;&lt;span style="line-height:150%;font-family:宋体;"&gt;实收金额&lt;span&gt;&lt;/span&gt;&lt;/span&gt;\n				&lt;/p&gt;\n				&lt;p class="MsoNormal" style="margin-left:18.0pt;text-indent:-18.0pt;"&gt;\n					&lt;span style="line-height:150%;font-family:宋体;"&gt;9、&lt;span style="font-size:7pt;line-height:normal;font-family:&quot;"&gt; &lt;/span&gt;&lt;/span&gt;&lt;span style="line-height:150%;font-family:宋体;"&gt;推荐人手机（选填）&lt;span&gt;&lt;/span&gt;&lt;/span&gt;\n				&lt;/p&gt;\n			&lt;/td&gt;\n		&lt;/tr&gt;\n		&lt;tr&gt;\n			&lt;td width="123" valign="top" style="border:solid black 1.0pt;"&gt;\n				&lt;p class="MsoNormal"&gt;\n					&lt;span style="line-height:150%;font-family:宋体;"&gt;确认信息&lt;span&gt;&lt;/span&gt;&lt;/span&gt;\n				&lt;/p&gt;\n			&lt;/td&gt;\n			&lt;td width="637" valign="top" style="border:solid black 1.0pt;"&gt;\n				&lt;p class="MsoNormal"&gt;\n					&lt;span style="line-height:150%;font-family:宋体;"&gt;生成订单并确认相关信息&lt;span&gt;&lt;/span&gt;&lt;/span&gt;\n				&lt;/p&gt;\n			&lt;/td&gt;\n		&lt;/tr&gt;\n		&lt;tr&gt;\n			&lt;td width="123" valign="top" style="border:solid black 1.0pt;"&gt;\n				&lt;p class="MsoNormal"&gt;\n					&lt;span style="line-height:150%;font-family:宋体;"&gt;在线支付&lt;span&gt;&lt;/span&gt;&lt;/span&gt;\n				&lt;/p&gt;\n			&lt;/td&gt;\n			&lt;td width="637" valign="top" style="border:solid black 1.0pt;"&gt;\n				&lt;p class="MsoNormal"&gt;\n					&lt;span style="line-height:150%;font-family:宋体;"&gt;可以通过微信、支付宝或余额进行支付&lt;span&gt;&lt;/span&gt;&lt;/span&gt;\n				&lt;/p&gt;\n			&lt;/td&gt;\n		&lt;/tr&gt;\n		&lt;tr&gt;\n			&lt;td width="123" valign="top" style="border:solid black 1.0pt;"&gt;\n				&lt;p class="MsoNormal"&gt;\n					&lt;span style="line-height:150%;font-family:宋体;"&gt;教练介绍&lt;span&gt;&lt;/span&gt;&lt;/span&gt;\n				&lt;/p&gt;\n			&lt;/td&gt;\n			&lt;td width="637" valign="top" style="border:solid black 1.0pt;"&gt;\n				&lt;p class="MsoNormal"&gt;\n					&lt;span style="line-height:150%;font-family:宋体;"&gt;通过图片列表展示的方式展示教练&lt;span&gt;&lt;/span&gt;&lt;/span&gt;\n				&lt;/p&gt;\n				&lt;p class="MsoNormal"&gt;\n					&lt;span style="line-height:150%;font-family:宋体;"&gt;具体信息：照片、姓名、教龄、概要&lt;span&gt;&lt;/span&gt;&lt;/span&gt;\n				&lt;/p&gt;\n			&lt;/td&gt;\n		&lt;/tr&gt;\n		&lt;tr&gt;\n			&lt;td width="123" valign="top" style="border:solid black 1.0pt;"&gt;\n				&lt;p class="MsoNormal"&gt;\n					&lt;span style="line-height:150%;font-family:宋体;"&gt;场地介绍&lt;span&gt;&lt;/span&gt;&lt;/span&gt;\n				&lt;/p&gt;\n			&lt;/td&gt;\n			&lt;td width="637" valign="top" style="border:solid black 1.0pt;"&gt;\n				&lt;p class="MsoNormal"&gt;\n					&lt;span style="line-height:150%;font-family:宋体;"&gt;通过图片列表的形式展示训练场地或考场&lt;span&gt;&lt;/span&gt;&lt;/span&gt;\n				&lt;/p&gt;\n			&lt;/td&gt;\n		&lt;/tr&gt;\n		&lt;tr&gt;\n			&lt;td width="117" rowspan="7" valign="top" style="border:solid black 1.0pt;"&gt;\n				&lt;p class="MsoNormal" align="center" style="text-align:center;"&gt;\n					&lt;b&gt;&lt;span style="line-height:150%;font-family:宋体;"&gt;&nbsp;&lt;/span&gt;&lt;/b&gt;\n				&lt;/p&gt;\n				&lt;p class="MsoNormal" align="center" style="text-align:center;"&gt;\n					&lt;b&gt;&lt;span style="line-height:150%;font-family:宋体;"&gt;模拟考试&lt;span&gt;&lt;/span&gt;&lt;/span&gt;&lt;/b&gt;\n				&lt;/p&gt;\n			&lt;/td&gt;\n			&lt;td width="108" rowspan="2" valign="top" style="border:solid black 1.0pt;"&gt;\n				&lt;p class="MsoNormal" align="center" style="text-align:center;"&gt;\n					&lt;span style="line-height:150%;font-family:宋体;"&gt;科目一&lt;span&gt;&lt;/span&gt;&lt;/span&gt;\n				&lt;/p&gt;\n			&lt;/td&gt;\n			&lt;td width="123" valign="top" style="border:solid black 1.0pt;"&gt;\n				&lt;p class="MsoNormal"&gt;\n					&lt;span style="line-height:150%;font-family:宋体;"&gt;顺序练习&lt;span&gt;&lt;/span&gt;&lt;/span&gt;\n				&lt;/p&gt;\n			&lt;/td&gt;\n			&lt;td width="637" valign="top" style="border:solid black 1.0pt;"&gt;\n				&lt;p class="MsoNormal"&gt;\n					&lt;span style="line-height:150%;font-family:宋体;"&gt;可以对题目进行练习&lt;span&gt;&lt;/span&gt;&lt;/span&gt;\n				&lt;/p&gt;\n			&lt;/td&gt;\n		&lt;/tr&gt;\n		&lt;tr&gt;\n			&lt;td width="123" valign="top" style="border:solid black 1.0pt;"&gt;\n				&lt;p class="MsoNormal"&gt;\n					&lt;span style="line-height:150%;font-family:宋体;"&gt;模拟考试&lt;span&gt;&lt;/span&gt;&lt;/span&gt;\n				&lt;/p&gt;\n			&lt;/td&gt;\n			&lt;td width="637" valign="top" style="border:solid black 1.0pt;"&gt;\n				&lt;p class="MsoNormal"&gt;\n					&lt;span style="line-height:150%;font-family:宋体;"&gt;在线进行模拟考试（自动抓取&lt;span&gt;100&lt;/span&gt;题）&lt;span&gt;&lt;/span&gt;&lt;/span&gt;\n				&lt;/p&gt;\n			&lt;/td&gt;\n		&lt;/tr&gt;\n		&lt;tr&gt;\n			&lt;td width="108" valign="top" style="border:solid black 1.0pt;"&gt;\n				&lt;p class="MsoNormal" align="center" style="text-align:center;"&gt;\n					&lt;span style="line-height:150%;font-family:宋体;"&gt;&nbsp;&lt;/span&gt;\n				&lt;/p&gt;\n			&lt;/td&gt;\n			&lt;td width="123" valign="top" style="border:solid black 1.0pt;"&gt;\n				&lt;p class="MsoNormal"&gt;\n					&lt;span style="line-height:150%;font-family:宋体;"&gt;成绩排行&lt;span&gt;&lt;/span&gt;&lt;/span&gt;\n				&lt;/p&gt;\n			&lt;/td&gt;\n			&lt;td width="637" valign="top" style="border:solid black 1.0pt;"&gt;\n				&lt;p class="MsoNormal"&gt;\n					&lt;b&gt;&lt;span style="line-height:150%;font-family:宋体;color:red;"&gt;第二期工程进行开发（费用另算）&lt;span&gt;&lt;/span&gt;&lt;/span&gt;&lt;/b&gt;\n				&lt;/p&gt;\n			&lt;/td&gt;\n		&lt;/tr&gt;\n		&lt;tr&gt;\n			&lt;td width="108" valign="top" style="border:solid black 1.0pt;"&gt;\n				&lt;p class="MsoNormal" align="center" style="text-align:center;"&gt;\n					&lt;span style="line-height:150%;font-family:宋体;"&gt;科目二&lt;span&gt;&lt;/span&gt;&lt;/span&gt;\n				&lt;/p&gt;\n			&lt;/td&gt;\n			&lt;td width="123" valign="top" style="border:solid black 1.0pt;"&gt;\n				&lt;p class="MsoNormal"&gt;\n					&lt;span style="line-height:150%;font-family:宋体;"&gt;&nbsp;&lt;/span&gt;\n				&lt;/p&gt;\n			&lt;/td&gt;\n			&lt;td width="637" valign="top" style="border:solid black 1.0pt;"&gt;\n				&lt;p class="MsoNormal"&gt;\n					&lt;span style="line-height:150%;font-family:宋体;"&gt;学校录入一些视频上传&lt;span&gt;&lt;/span&gt;&lt;/span&gt;\n				&lt;/p&gt;\n			&lt;/td&gt;\n		&lt;/tr&gt;\n		&lt;tr&gt;\n			&lt;td width="108" valign="top" style="border:solid black 1.0pt;"&gt;\n				&lt;p class="MsoNormal" align="center" style="text-align:center;"&gt;\n					&lt;span style="line-height:150%;font-family:宋体;"&gt;科目三&lt;span&gt;&lt;/span&gt;&lt;/span&gt;\n				&lt;/p&gt;\n			&lt;/td&gt;\n			&lt;td width="123" valign="top" style="border:solid black 1.0pt;"&gt;\n				&lt;p class="MsoNormal"&gt;\n					&lt;span style="line-height:150%;font-family:宋体;"&gt;&nbsp;&lt;/span&gt;\n				&lt;/p&gt;\n			&lt;/td&gt;\n			&lt;td width="637" valign="top" style="border:solid black 1.0pt;"&gt;\n				&lt;p class="MsoNormal"&gt;\n					&lt;span style="line-height:150%;font-family:宋体;"&gt;学校录入一些视频上传&lt;span&gt;&lt;/span&gt;&lt;/span&gt;\n				&lt;/p&gt;\n			&lt;/td&gt;\n		&lt;/tr&gt;\n		&lt;tr&gt;\n			&lt;td width="108" rowspan="2" valign="top" style="border:solid black 1.0pt;"&gt;\n				&lt;p class="MsoNormal" align="center" style="text-align:center;"&gt;\n					&lt;span style="line-height:150%;font-family:宋体;"&gt;科目四&lt;span&gt;&lt;/span&gt;&lt;/span&gt;\n				&lt;/p&gt;\n			&lt;/td&gt;\n			&lt;td width="123" valign="top" style="border:solid black 1.0pt;"&gt;\n				&lt;p class="MsoNormal"&gt;\n					&lt;span style="line-height:150%;font-family:宋体;"&gt;顺序练习&lt;span&gt;&lt;/span&gt;&lt;/span&gt;\n				&lt;/p&gt;\n			&lt;/td&gt;\n			&lt;td width="637" valign="top" style="border:solid black 1.0pt;"&gt;\n				&lt;p class="MsoNormal"&gt;\n					&lt;span style="line-height:150%;font-family:宋体;"&gt;可以对题目进行练习&lt;span&gt;&lt;/span&gt;&lt;/span&gt;\n				&lt;/p&gt;\n			&lt;/td&gt;\n		&lt;/tr&gt;\n		&lt;tr&gt;\n			&lt;td width="123" valign="top" style="border:solid black 1.0pt;"&gt;\n				&lt;p class="MsoNormal"&gt;\n					&lt;span style="line-height:150%;font-family:宋体;"&gt;模拟考试&lt;span&gt;&lt;/span&gt;&lt;/span&gt;\n				&lt;/p&gt;\n			&lt;/td&gt;\n			&lt;td width="637" valign="top" style="border:solid black 1.0pt;"&gt;\n				&lt;p class="MsoNormal"&gt;\n					&lt;span style="line-height:150%;font-family:宋体;"&gt;在线进行模拟考试（自动抓取&lt;span&gt;100&lt;/span&gt;题）&lt;span&gt;&lt;/span&gt;&lt;/span&gt;\n				&lt;/p&gt;\n			&lt;/td&gt;\n		&lt;/tr&gt;\n		&lt;tr&gt;\n			&lt;td width="117" rowspan="2" valign="top" style="border:solid black 1.0pt;"&gt;\n				&lt;p class="MsoNormal" align="center" style="text-align:center;"&gt;\n					&lt;b&gt;&lt;span style="line-height:150%;font-family:宋体;"&gt;班车路线&lt;span&gt;&lt;/span&gt;&lt;/span&gt;&lt;/b&gt;\n				&lt;/p&gt;\n			&lt;/td&gt;\n			&lt;td width="108" valign="top" style="border:solid black 1.0pt;"&gt;\n				&lt;p class="MsoNormal" align="center" style="text-align:center;"&gt;\n					&lt;span style="line-height:150%;font-family:宋体;"&gt;班车列表&lt;span&gt;&lt;/span&gt;&lt;/span&gt;\n				&lt;/p&gt;\n			&lt;/td&gt;\n			&lt;td width="123" valign="top" style="border:solid black 1.0pt;"&gt;\n				&lt;p class="MsoNormal"&gt;\n					&lt;span style="line-height:150%;font-family:宋体;"&gt;&nbsp;&lt;/span&gt;\n				&lt;/p&gt;\n			&lt;/td&gt;\n			&lt;td width="637" valign="top" style="border:solid black 1.0pt;"&gt;\n				&lt;p class="MsoNormal"&gt;\n					&lt;span style="line-height:150%;font-family:宋体;"&gt;可以把学校的班车通过列表的形式展示&lt;span&gt;&lt;/span&gt;&lt;/span&gt;\n				&lt;/p&gt;\n			&lt;/td&gt;\n		&lt;/tr&gt;\n		&lt;tr&gt;\n			&lt;td width="108" valign="top" style="border:solid black 1.0pt;"&gt;\n				&lt;p class="MsoNormal" align="center" style="text-align:center;"&gt;\n					&lt;span style="line-height:150%;font-family:宋体;"&gt;班车详情&lt;span&gt;&lt;/span&gt;&lt;/span&gt;\n				&lt;/p&gt;\n			&lt;/td&gt;\n			&lt;td width="123" valign="top" style="border:solid black 1.0pt;"&gt;\n				&lt;p class="MsoNormal"&gt;\n					&lt;span style="line-height:150%;font-family:宋体;"&gt;&nbsp;&lt;/span&gt;\n				&lt;/p&gt;\n			&lt;/td&gt;\n			&lt;td width="637" valign="top" style="border:solid black 1.0pt;"&gt;\n				&lt;p class="MsoNormal"&gt;\n					&lt;span style="line-height:150%;font-family:宋体;"&gt;可以查看班车经过的线路和班车的即时位置&lt;span&gt;&lt;/span&gt;&lt;/span&gt;\n				&lt;/p&gt;\n			&lt;/td&gt;\n		&lt;/tr&gt;\n		&lt;tr&gt;\n			&lt;td width="117" rowspan="4" valign="top" style="border:solid black 1.0pt;"&gt;\n				&lt;p class="MsoNormal" align="center" style="text-align:center;"&gt;\n					&lt;b&gt;&lt;span style="line-height:150%;font-family:宋体;"&gt;&nbsp;&lt;/span&gt;&lt;/b&gt;\n				&lt;/p&gt;\n				&lt;p class="MsoNormal"&gt;\n					&lt;b&gt;&lt;span style="line-height:150%;font-family:宋体;"&gt;&nbsp;&lt;/span&gt;&lt;/b&gt;\n				&lt;/p&gt;\n				&lt;p class="MsoNormal" align="center" style="text-align:center;"&gt;\n					&lt;b&gt;&lt;span style="line-height:150%;font-family:宋体;"&gt;登录模块&lt;span&gt;&lt;/span&gt;&lt;/span&gt;&lt;/b&gt;\n				&lt;/p&gt;\n			&lt;/td&gt;\n			&lt;td width="108" valign="top" style="border:solid black 1.0pt;"&gt;\n				&lt;p class="MsoNormal" align="center" style="text-align:center;"&gt;\n					&lt;span style="line-height:150%;font-family:宋体;"&gt;注册&lt;span&gt;&lt;/span&gt;&lt;/span&gt;\n				&lt;/p&gt;\n			&lt;/td&gt;\n			&lt;td width="123" valign="top" style="border:solid black 1.0pt;"&gt;\n				&lt;p class="MsoNormal"&gt;\n					&lt;span style="line-height:150%;font-family:宋体;"&gt;&nbsp;&lt;/span&gt;\n				&lt;/p&gt;\n			&lt;/td&gt;\n			&lt;td width="637" valign="top" style="border:solid black 1.0pt;"&gt;\n				&lt;p class="MsoNormal"&gt;\n					&lt;span style="line-height:150%;font-family:宋体;"&gt;通过姓名、手机号&lt;span&gt;+&lt;/span&gt;短信验证码&lt;span&gt;+&lt;/span&gt;密码&lt;span&gt;&lt;/span&gt;&lt;/span&gt;\n				&lt;/p&gt;\n			&lt;/td&gt;\n		&lt;/tr&gt;\n		&lt;tr&gt;\n			&lt;td width="108" valign="top" style="border:solid black 1.0pt;"&gt;\n				&lt;p class="MsoNormal" align="center" style="text-align:center;"&gt;\n					&lt;span style="line-height:150%;font-family:宋体;"&gt;登录&lt;span&gt;&lt;/span&gt;&lt;/span&gt;\n				&lt;/p&gt;\n			&lt;/td&gt;\n			&lt;td width="123" valign="top" style="border:solid black 1.0pt;"&gt;\n				&lt;p class="MsoNormal"&gt;\n					&lt;span style="line-height:150%;font-family:宋体;"&gt;&nbsp;&lt;/span&gt;\n				&lt;/p&gt;\n			&lt;/td&gt;\n			&lt;td width="637" valign="top" style="border:solid black 1.0pt;"&gt;\n				&lt;p class="MsoNormal" style="margin-left:18.0pt;text-indent:-18.0pt;"&gt;\n					&lt;span style="line-height:150%;font-family:宋体;"&gt;1、&lt;span style="font-size:7pt;line-height:normal;font-family:&quot;"&gt; &lt;/span&gt;&lt;/span&gt;&lt;span style="line-height:150%;font-family:宋体;"&gt;通过手机号&lt;span&gt;+&lt;/span&gt;密码&lt;span&gt;&lt;/span&gt;&lt;/span&gt;\n				&lt;/p&gt;\n				&lt;p class="MsoNormal" style="margin-left:18.0pt;text-indent:-18.0pt;"&gt;\n					&lt;span style="line-height:150%;font-family:宋体;"&gt;2、&lt;span style="font-size:7pt;line-height:normal;font-family:&quot;"&gt; &lt;/span&gt;&lt;/span&gt;&lt;span style="line-height:150%;font-family:宋体;"&gt;第三方登录（通过微信或&lt;span&gt;QQ&lt;/span&gt;授权登录）&lt;span&gt;&lt;/span&gt;&lt;/span&gt;\n				&lt;/p&gt;\n			&lt;/td&gt;\n		&lt;/tr&gt;\n		&lt;tr&gt;\n			&lt;td width="108" valign="top" style="border:solid black 1.0pt;"&gt;\n				&lt;p class="MsoNormal" align="center" style="text-align:center;"&gt;\n					&lt;span style="line-height:150%;font-family:宋体;"&gt;找回密码&lt;span&gt;&lt;/span&gt;&lt;/span&gt;\n				&lt;/p&gt;\n			&lt;/td&gt;\n			&lt;td width="123" valign="top" style="border:solid black 1.0pt;"&gt;\n				&lt;p class="MsoNormal"&gt;\n					&lt;span style="line-height:150%;font-family:宋体;"&gt;&nbsp;&lt;/span&gt;\n				&lt;/p&gt;\n			&lt;/td&gt;\n			&lt;td width="637" valign="top" style="border:solid black 1.0pt;"&gt;\n				&lt;p class="MsoNormal"&gt;\n					&lt;span style="line-height:150%;font-family:宋体;"&gt;通过手机号&lt;span&gt;+&lt;/span&gt;验证码可以重新设置密码&lt;span&gt;&lt;/span&gt;&lt;/span&gt;\n				&lt;/p&gt;\n			&lt;/td&gt;\n		&lt;/tr&gt;\n		&lt;tr&gt;\n			&lt;td width="108" valign="top" style="border:solid black 1.0pt;"&gt;\n				&lt;p class="MsoNormal" align="center" style="text-align:center;"&gt;\n					&lt;span style="line-height:150%;font-family:宋体;"&gt;用户协议&lt;span&gt;&lt;/span&gt;&lt;/span&gt;\n				&lt;/p&gt;\n			&lt;/td&gt;\n			&lt;td width="123" valign="top" style="border:solid black 1.0pt;"&gt;\n				&lt;p class="MsoNormal"&gt;\n					&lt;span style="line-height:150%;font-family:宋体;"&gt;&nbsp;&lt;/span&gt;\n				&lt;/p&gt;\n			&lt;/td&gt;\n			&lt;td width="637" valign="top" style="border:solid black 1.0pt;"&gt;\n				&lt;p class="MsoNormal"&gt;\n					&lt;span style="line-height:150%;font-family:宋体;"&gt;用户在注册时一定要同意相关用户协议，点击用户协议可以进行查看具体内容&lt;span&gt;&lt;/span&gt;&lt;/span&gt;\n				&lt;/p&gt;\n			&lt;/td&gt;\n		&lt;/tr&gt;\n		&lt;tr&gt;\n			&lt;td width="117" rowspan="17" valign="top" style="border:solid black 1.0pt;"&gt;\n				&lt;p class="MsoNormal" align="center" style="text-align:center;"&gt;\n					&lt;b&gt;&lt;span style="line-height:150%;font-family:宋体;"&gt;&nbsp;&lt;/span&gt;&lt;/b&gt;\n				&lt;/p&gt;\n				&lt;p class="MsoNormal"&gt;\n					&lt;b&gt;&lt;span style="line-height:150%;font-family:宋体;"&gt;&nbsp;&lt;/span&gt;&lt;/b&gt;\n				&lt;/p&gt;\n				&lt;p class="MsoNormal" align="center" style="text-align:center;"&gt;\n					&lt;b&gt;&lt;span style="line-height:150%;font-family:宋体;"&gt;我的&lt;span&gt;&lt;/span&gt;&lt;/span&gt;&lt;/b&gt;\n				&lt;/p&gt;\n			&lt;/td&gt;\n			&lt;td width="108" valign="top" style="border:solid black 1.0pt;"&gt;\n				&lt;p class="MsoNormal" align="center" style="text-align:center;"&gt;\n					&lt;span style="line-height:150%;font-family:宋体;"&gt;首页&lt;span&gt;&lt;/span&gt;&lt;/span&gt;\n				&lt;/p&gt;\n			&lt;/td&gt;\n			&lt;td width="123" valign="top" style="border:solid black 1.0pt;"&gt;\n				&lt;p class="MsoNormal"&gt;\n					&lt;span style="line-height:150%;font-family:宋体;"&gt;&nbsp;&lt;/span&gt;\n				&lt;/p&gt;\n			&lt;/td&gt;\n			&lt;td width="637" valign="top" style="border:solid black 1.0pt;"&gt;\n				&lt;p class="MsoNormal"&gt;\n					&lt;span style="line-height:150%;font-family:宋体;"&gt;显示用户姓名、头像 、我的订单、栏目导航等&lt;/span&gt;&lt;span style="line-height:150%;font-family:宋体;"&gt;&lt;/span&gt;\n				&lt;/p&gt;\n			&lt;/td&gt;\n		&lt;/tr&gt;\n		&lt;tr&gt;\n			&lt;td width="108" valign="top" style="border:solid black 1.0pt;"&gt;\n				&lt;p class="MsoNormal" align="center" style="text-align:center;"&gt;\n					&lt;span style="line-height:150%;font-family:宋体;"&gt;个人资料&lt;span&gt;&lt;/span&gt;&lt;/span&gt;\n				&lt;/p&gt;\n			&lt;/td&gt;\n			&lt;td width="123" valign="top" style="border:solid black 1.0pt;"&gt;\n				&lt;p class="MsoNormal"&gt;\n					&lt;span style="line-height:150%;font-family:宋体;"&gt;&nbsp;&lt;/span&gt;\n				&lt;/p&gt;\n			&lt;/td&gt;\n			&lt;td width="637" valign="top" style="border:solid black 1.0pt;"&gt;\n				&lt;p class="MsoNormal"&gt;\n					&lt;span style="line-height:150%;font-family:宋体;"&gt;具体信息：头像、&lt;/span&gt;&lt;span style="line-height:150%;font-family:宋体;"&gt;姓名&lt;/span&gt;&lt;span style="line-height:150%;font-family:宋体;"&gt;、手机、性别、生日&lt;span&gt;&lt;/span&gt;&lt;/span&gt;\n				&lt;/p&gt;\n			&lt;/td&gt;\n		&lt;/tr&gt;\n		&lt;tr&gt;\n			&lt;td width="108" valign="top" style="border:solid black 1.0pt;"&gt;\n				&lt;p class="MsoNormal" align="center" style="text-align:center;"&gt;\n					&lt;span style="line-height:150%;font-family:宋体;"&gt;设置&lt;span&gt;&lt;/span&gt;&lt;/span&gt;\n				&lt;/p&gt;\n			&lt;/td&gt;\n			&lt;td width="123" valign="top" style="border:solid black 1.0pt;"&gt;\n				&lt;p class="MsoNormal"&gt;\n					&lt;span style="line-height:150%;font-family:宋体;"&gt;&nbsp;&lt;/span&gt;\n				&lt;/p&gt;\n			&lt;/td&gt;\n			&lt;td width="637" valign="top" style="border:solid black 1.0pt;"&gt;\n				&lt;p class="MsoNormal"&gt;\n					&lt;span style="line-height:150%;font-family:宋体;"&gt;修改登录密码、设置支付密码、关于我们、退出登录&lt;span&gt;&lt;/span&gt;&lt;/span&gt;\n				&lt;/p&gt;\n			&lt;/td&gt;\n		&lt;/tr&gt;\n		&lt;tr&gt;\n			&lt;td width="108" rowspan="5" valign="top" style="border:solid black 1.0pt;"&gt;\n				&lt;p class="MsoNormal" align="center" style="text-align:center;"&gt;\n					&lt;span style="line-height:150%;font-family:宋体;"&gt;&nbsp;&lt;/span&gt;\n				&lt;/p&gt;\n				&lt;p class="MsoNormal" align="center" style="text-align:center;"&gt;\n					&lt;span style="line-height:150%;font-family:宋体;"&gt;&nbsp;&lt;/span&gt;\n				&lt;/p&gt;\n				&lt;p class="MsoNormal" align="center" style="text-align:center;"&gt;\n					&lt;span style="line-height:150%;font-family:宋体;"&gt;我的订单&lt;span&gt;&lt;/span&gt;&lt;/span&gt;\n				&lt;/p&gt;\n			&lt;/td&gt;\n			&lt;td width="123" valign="top" style="border:solid black 1.0pt;"&gt;\n				&lt;p class="MsoNormal"&gt;\n					&lt;span style="line-height:150%;font-family:宋体;"&gt;全部&lt;span&gt;&lt;/span&gt;&lt;/span&gt;\n				&lt;/p&gt;\n			&lt;/td&gt;\n			&lt;td width="637" valign="top" style="border:solid black 1.0pt;"&gt;\n				&lt;p class="MsoNormal"&gt;\n					&lt;span style="line-height:150%;font-family:宋体;"&gt;所有订单类型在这里都可以查看，包括已取消和已完成订单&lt;span&gt;&lt;/span&gt;&lt;/span&gt;\n				&lt;/p&gt;\n			&lt;/td&gt;\n		&lt;/tr&gt;\n		&lt;tr&gt;\n			&lt;td width="123" valign="top" style="border:solid black 1.0pt;"&gt;\n				&lt;p class="MsoNormal"&gt;\n					&lt;span style="line-height:150%;font-family:宋体;"&gt;待付款&lt;span&gt;&lt;/span&gt;&lt;/span&gt;\n				&lt;/p&gt;\n			&lt;/td&gt;\n			&lt;td width="637" valign="top" style="border:solid black 1.0pt;"&gt;\n				&lt;p class="MsoNormal"&gt;\n					&lt;span style="line-height:150%;font-family:宋体;"&gt;取消订单、查看详情、立即支付&lt;span&gt;&lt;/span&gt;&lt;/span&gt;\n				&lt;/p&gt;\n			&lt;/td&gt;\n		&lt;/tr&gt;\n		&lt;tr&gt;\n			&lt;td width="123" valign="top" style="border:solid black 1.0pt;"&gt;\n				&lt;p class="MsoNormal"&gt;\n					&lt;span style="line-height:150%;font-family:宋体;"&gt;待上课&lt;span&gt;&lt;/span&gt;&lt;/span&gt;\n				&lt;/p&gt;\n			&lt;/td&gt;\n			&lt;td width="637" valign="top" style="border:solid black 1.0pt;"&gt;\n				&lt;p class="MsoNormal"&gt;\n					&lt;span style="line-height:150%;font-family:宋体;"&gt;查看详情&lt;span&gt;&lt;/span&gt;&lt;/span&gt;\n				&lt;/p&gt;\n			&lt;/td&gt;\n		&lt;/tr&gt;\n		&lt;tr&gt;\n			&lt;td width="123" valign="top" style="border:solid black 1.0pt;"&gt;\n				&lt;p class="MsoNormal"&gt;\n					&lt;span style="line-height:150%;font-family:宋体;"&gt;待评价&lt;span&gt;&lt;/span&gt;&lt;/span&gt;\n				&lt;/p&gt;\n			&lt;/td&gt;\n			&lt;td width="637" valign="top" style="border:solid black 1.0pt;"&gt;\n				&lt;p class="MsoNormal"&gt;\n					&lt;span style="line-height:150%;font-family:宋体;"&gt;查看详情和进行评价&lt;span&gt;&lt;/span&gt;&lt;/span&gt;\n				&lt;/p&gt;\n			&lt;/td&gt;\n		&lt;/tr&gt;\n		&lt;tr&gt;\n			&lt;td width="123" valign="top" style="border:solid black 1.0pt;"&gt;\n				&lt;p class="MsoNormal"&gt;\n					&lt;span style="line-height:150%;font-family:宋体;"&gt;已完成&lt;span&gt;&lt;/span&gt;&lt;/span&gt;\n				&lt;/p&gt;\n			&lt;/td&gt;\n			&lt;td width="637" valign="top" style="border:solid black 1.0pt;"&gt;\n				&lt;p class="MsoNormal"&gt;\n					&lt;span style="line-height:150%;font-family:宋体;"&gt;查看详情&lt;span&gt;&lt;/span&gt;&lt;/span&gt;\n				&lt;/p&gt;\n			&lt;/td&gt;\n		&lt;/tr&gt;\n		&lt;tr&gt;\n			&lt;td width="108" valign="top" style="border:solid black 1.0pt;"&gt;\n				&lt;p class="MsoNormal" align="center" style="text-align:center;"&gt;\n					&lt;span style="line-height:150%;font-family:宋体;"&gt;我的钱包&lt;span&gt;&lt;/span&gt;&lt;/span&gt;\n				&lt;/p&gt;\n			&lt;/td&gt;\n			&lt;td width="123" valign="top" style="border:solid black 1.0pt;"&gt;\n				&lt;p class="MsoNormal"&gt;\n					&lt;span style="line-height:150%;font-family:宋体;"&gt;&nbsp;&lt;/span&gt;\n				&lt;/p&gt;\n			&lt;/td&gt;\n			&lt;td width="637" valign="top" style="border:solid black 1.0pt;"&gt;\n				&lt;p class="MsoNormal"&gt;\n					&lt;span style="line-height:150%;font-family:宋体;"&gt;余额、充值（输入充值金额、支付宝及微信支付）、余额明细（名称、金额、时间）&lt;span&gt;&lt;/span&gt;&lt;/span&gt;\n				&lt;/p&gt;\n			&lt;/td&gt;\n		&lt;/tr&gt;\n		&lt;tr&gt;\n			&lt;td width="108" valign="top" style="border:solid black 1.0pt;"&gt;\n				&lt;p class="MsoNormal" align="center" style="text-align:center;"&gt;\n					&lt;span style="line-height:150%;font-family:宋体;"&gt;我的优惠券&lt;span&gt;&lt;/span&gt;&lt;/span&gt;\n				&lt;/p&gt;\n			&lt;/td&gt;\n			&lt;td width="123" valign="top" style="border:solid black 1.0pt;"&gt;\n				&lt;p class="MsoNormal"&gt;\n					&lt;span style="line-height:150%;font-family:宋体;"&gt;&nbsp;&lt;/span&gt;\n				&lt;/p&gt;\n			&lt;/td&gt;\n			&lt;td width="637" valign="top" style="border:solid black 1.0pt;"&gt;\n				&lt;p class="MsoNormal"&gt;\n					&lt;span style="line-height:150%;font-family:宋体;"&gt;优惠券列表（未使用、已使用、已过期）、优惠券列表空页面&lt;span&gt;&lt;/span&gt;&lt;/span&gt;\n				&lt;/p&gt;\n			&lt;/td&gt;\n		&lt;/tr&gt;\n		&lt;tr&gt;\n			&lt;td width="108" valign="top" style="border:solid black 1.0pt;"&gt;\n				&lt;p class="MsoNormal" align="center" style="text-align:center;"&gt;\n					&lt;span style="line-height:150%;font-family:宋体;"&gt;我的错题&lt;span&gt;&lt;/span&gt;&lt;/span&gt;\n				&lt;/p&gt;\n			&lt;/td&gt;\n			&lt;td width="123" valign="top" style="border:solid black 1.0pt;"&gt;\n				&lt;p class="MsoNormal"&gt;\n					&lt;span style="line-height:150%;font-family:宋体;"&gt;&nbsp;&lt;/span&gt;\n				&lt;/p&gt;\n			&lt;/td&gt;\n			&lt;td width="637" valign="top" style="border:solid black 1.0pt;"&gt;\n				&lt;p class="MsoNormal"&gt;\n					&lt;span style="line-height:150%;font-family:宋体;"&gt;可以查看我模拟考试中的错题&lt;/span&gt;&lt;span style="line-height:150%;font-family:宋体;"&gt;&lt;/span&gt;\n				&lt;/p&gt;\n			&lt;/td&gt;\n		&lt;/tr&gt;\n		&lt;tr&gt;\n			&lt;td width="108" valign="top" style="border:solid black 1.0pt;"&gt;\n				&lt;p class="MsoNormal" align="center" style="text-align:center;"&gt;\n					&lt;span style="line-height:150%;font-family:宋体;"&gt;我的收藏&lt;span&gt;&lt;/span&gt;&lt;/span&gt;\n				&lt;/p&gt;\n			&lt;/td&gt;\n			&lt;td width="123" valign="top" style="border:solid black 1.0pt;"&gt;\n				&lt;p class="MsoNormal"&gt;\n					&lt;span style="line-height:150%;font-family:宋体;"&gt;&nbsp;&lt;/span&gt;\n				&lt;/p&gt;\n			&lt;/td&gt;\n			&lt;td width="637" valign="top" style="border:solid black 1.0pt;"&gt;\n				&lt;p class="MsoNormal"&gt;\n					&lt;span style="line-height:150%;font-family:宋体;"&gt;我的收藏列表、我的收藏空页面（可以查看到我收藏的班型、教练和试题）&lt;span&gt;&lt;/span&gt;&lt;/span&gt;\n				&lt;/p&gt;\n			&lt;/td&gt;\n		&lt;/tr&gt;\n		&lt;tr&gt;\n			&lt;td width="108" rowspan="4" valign="top" style="border:solid black 1.0pt;"&gt;\n				&lt;p class="MsoNormal" align="center" style="text-align:center;"&gt;\n					&lt;span style="line-height:150%;font-family:宋体;"&gt;我的分享&lt;span&gt;&lt;/span&gt;&lt;/span&gt;\n				&lt;/p&gt;\n			&lt;/td&gt;\n			&lt;td width="123" valign="top" style="border:solid black 1.0pt;"&gt;\n				&lt;p class="MsoNormal"&gt;\n					&lt;span style="line-height:150%;font-family:宋体;"&gt;立即分享&lt;span&gt;&lt;/span&gt;&lt;/span&gt;\n				&lt;/p&gt;\n			&lt;/td&gt;\n			&lt;td width="637" valign="top" style="border:solid black 1.0pt;"&gt;\n				&lt;p class="MsoNormal"&gt;\n					&lt;span style="line-height:150%;font-family:宋体;"&gt;有一个自己的专属二维码进行推广&lt;span&gt;&lt;/span&gt;&lt;/span&gt;\n				&lt;/p&gt;\n			&lt;/td&gt;\n		&lt;/tr&gt;\n		&lt;tr&gt;\n			&lt;td width="123" valign="top" style="border:solid black 1.0pt;"&gt;\n				&lt;p class="MsoNormal"&gt;\n					&lt;span style="line-height:150%;font-family:宋体;"&gt;我的会员&lt;span&gt;&lt;/span&gt;&lt;/span&gt;\n				&lt;/p&gt;\n			&lt;/td&gt;\n			&lt;td width="637" valign="top" style="border:solid black 1.0pt;"&gt;\n				&lt;p class="MsoNormal"&gt;\n					&lt;span style="line-height:150%;font-family:宋体;"&gt;可以查看到我分享的一级和二级会员&lt;span&gt;&lt;/span&gt;&lt;/span&gt;\n				&lt;/p&gt;\n			&lt;/td&gt;\n		&lt;/tr&gt;\n		&lt;tr&gt;\n			&lt;td width="123" valign="top" style="border:solid black 1.0pt;"&gt;\n				&lt;p class="MsoNormal"&gt;\n					&lt;span style="line-height:150%;font-family:宋体;"&gt;会员订单&lt;span&gt;&lt;/span&gt;&lt;/span&gt;\n				&lt;/p&gt;\n			&lt;/td&gt;\n			&lt;td width="637" valign="top" style="border:solid black 1.0pt;"&gt;\n				&lt;p class="MsoNormal"&gt;\n					&lt;span style="line-height:150%;font-family:宋体;"&gt;可以查看到会员下的订单&lt;span&gt;&lt;/span&gt;&lt;/span&gt;\n				&lt;/p&gt;\n			&lt;/td&gt;\n		&lt;/tr&gt;\n		&lt;tr&gt;\n			&lt;td width="123" valign="top" style="border:solid black 1.0pt;"&gt;\n				&lt;p class="MsoNormal"&gt;\n					&lt;span style="line-height:150%;font-family:宋体;"&gt;我的收益&lt;span&gt;&lt;/span&gt;&lt;/span&gt;\n				&lt;/p&gt;\n			&lt;/td&gt;\n			&lt;td width="637" valign="top" style="border:solid black 1.0pt;"&gt;\n				&lt;p class="MsoNormal"&gt;\n					&lt;span style="line-height:150%;font-family:宋体;"&gt;可以查看到会员消费后，我的收益情况&lt;span&gt;&lt;/span&gt;&lt;/span&gt;\n				&lt;/p&gt;\n			&lt;/td&gt;\n		&lt;/tr&gt;\n		&lt;tr&gt;\n			&lt;td width="108" valign="top" style="border:solid black 1.0pt;"&gt;\n				&lt;p class="MsoNormal" align="center" style="text-align:center;"&gt;\n					&lt;span style="line-height:150%;font-family:宋体;"&gt;意见反馈&lt;span&gt;&lt;/span&gt;&lt;/span&gt;\n				&lt;/p&gt;\n			&lt;/td&gt;\n			&lt;td width="123" valign="top" style="border:solid black 1.0pt;"&gt;\n				&lt;p class="MsoNormal"&gt;\n					&lt;span style="line-height:150%;font-family:宋体;"&gt;&nbsp;&lt;/span&gt;\n				&lt;/p&gt;\n			&lt;/td&gt;\n			&lt;td width="637" valign="top" style="border:solid black 1.0pt;"&gt;\n				&lt;p class="MsoNormal"&gt;\n					&lt;span style="font-family:宋体;"&gt;会员可以在网上进行留言，留言后，管理员可以通过后台查看和电话回访&lt;/span&gt;&lt;span style="line-height:150%;font-family:宋体;"&gt;&lt;/span&gt;\n				&lt;/p&gt;\n			&lt;/td&gt;\n		&lt;/tr&gt;\n	&lt;/tbody&gt;\n&lt;/table&gt;\n&lt;p class="MsoNormal"&gt;\n	&nbsp;\n&lt;/p&gt;\n&lt;p class="MsoNormal" style="margin-left:0cm;text-indent:0cm;"&gt;\n	&lt;b&gt;2、&lt;/b&gt;&lt;b&gt;员工端（&lt;span&gt;APP&lt;/span&gt;）&lt;span&gt;&lt;/span&gt;&lt;/b&gt;\n&lt;/p&gt;\n&lt;table class="MsoNormalTable" border="1" cellspacing="0" cellpadding="0" align="left" style="border:none;"&gt;\n	&lt;tbody&gt;\n		&lt;tr&gt;\n			&lt;td width="117" valign="top" style="border:solid black 1.0pt;"&gt;\n				&lt;p class="MsoNormal" align="center" style="text-align:center;"&gt;\n					&lt;b&gt;&lt;span style="line-height:150%;font-family:宋体;"&gt;一级模块&lt;span&gt;&lt;/span&gt;&lt;/span&gt;&lt;/b&gt;\n				&lt;/p&gt;\n			&lt;/td&gt;\n			&lt;td width="108" valign="top" style="border:solid black 1.0pt;"&gt;\n				&lt;p class="MsoNormal" align="center" style="text-align:center;"&gt;\n					&lt;b&gt;&lt;span style="line-height:150%;font-family:宋体;"&gt;二级模块&lt;span&gt;&lt;/span&gt;&lt;/span&gt;&lt;/b&gt;\n				&lt;/p&gt;\n			&lt;/td&gt;\n			&lt;td width="123" valign="top" style="border:solid black 1.0pt;"&gt;\n				&lt;p class="MsoNormal" align="center" style="text-align:center;"&gt;\n					&lt;b&gt;&lt;span style="line-height:150%;font-family:宋体;"&gt;三级模块&lt;span&gt;&lt;/span&gt;&lt;/span&gt;&lt;/b&gt;\n				&lt;/p&gt;\n			&lt;/td&gt;\n			&lt;td width="637" valign="top" style="border:solid black 1.0pt;"&gt;\n				&lt;p class="MsoNormal" align="center" style="text-align:center;"&gt;\n					&lt;b&gt;&lt;span style="line-height:150%;font-family:宋体;"&gt;备注&lt;span&gt;&lt;/span&gt;&lt;/span&gt;&lt;/b&gt;\n				&lt;/p&gt;\n			&lt;/td&gt;\n		&lt;/tr&gt;\n		&lt;tr&gt;\n			&lt;td width="117" valign="top" style="border:solid black 1.0pt;"&gt;\n				&lt;p class="MsoNormal" align="center" style="text-align:center;"&gt;\n					&lt;b&gt;&lt;span style="line-height:150%;font-family:宋体;"&gt;登录&lt;span&gt;&lt;/span&gt;&lt;/span&gt;&lt;/b&gt;\n				&lt;/p&gt;\n			&lt;/td&gt;\n			&lt;td width="108" valign="top" style="border:solid black 1.0pt;"&gt;\n				&lt;p class="MsoNormal" align="center" style="text-align:center;"&gt;\n					&lt;b&gt;&lt;span style="line-height:150%;font-family:宋体;"&gt;&nbsp;&lt;/span&gt;&lt;/b&gt;\n				&lt;/p&gt;\n			&lt;/td&gt;\n			&lt;td width="123" valign="top" style="border:solid black 1.0pt;"&gt;\n				&lt;p class="MsoNormal" align="center" style="text-align:center;"&gt;\n					&lt;b&gt;&lt;span style="line-height:150%;font-family:宋体;"&gt;&nbsp;&lt;/span&gt;&lt;/b&gt;\n				&lt;/p&gt;\n			&lt;/td&gt;\n			&lt;td width="637" valign="top" style="border:solid black 1.0pt;"&gt;\n				&lt;p class="MsoNormal" align="left"&gt;\n					&lt;span style="line-height:150%;font-family:宋体;"&gt;员工（司机或教练）通过帐号&lt;span&gt;+&lt;/span&gt;密码登录（帐号有总后台开放）&lt;/span&gt;&lt;b&gt;&lt;span style="line-height:150%;font-family:宋体;"&gt;&lt;/span&gt;&lt;/b&gt;\n				&lt;/p&gt;\n			&lt;/td&gt;\n		&lt;/tr&gt;\n		&lt;tr&gt;\n			&lt;td width="117" rowspan="3" valign="top" style="border:solid black 1.0pt;"&gt;\n				&lt;p class="MsoNormal" align="center" style="text-align:center;"&gt;\n					&lt;b&gt;&lt;span style="line-height:150%;font-family:宋体;"&gt;&nbsp;&lt;/span&gt;&lt;/b&gt;\n				&lt;/p&gt;\n				&lt;p class="MsoNormal" align="center" style="text-align:center;"&gt;\n					&lt;b&gt;&lt;span style="line-height:150%;font-family:宋体;"&gt;&nbsp;&lt;/span&gt;&lt;/b&gt;\n				&lt;/p&gt;\n				&lt;p class="MsoNormal" align="center" style="text-align:center;"&gt;\n					&lt;b&gt;&lt;span style="line-height:150%;font-family:宋体;"&gt;我的车辆&lt;span&gt;&lt;/span&gt;&lt;/span&gt;&lt;/b&gt;\n				&lt;/p&gt;\n			&lt;/td&gt;\n			&lt;td width="108" valign="top" style="border:solid black 1.0pt;"&gt;\n				&lt;p class="MsoNormal" align="center" style="text-align:center;"&gt;\n					&lt;span style="line-height:150%;font-family:宋体;"&gt;车辆一&lt;span&gt;&lt;/span&gt;&lt;/span&gt;\n				&lt;/p&gt;\n			&lt;/td&gt;\n			&lt;td width="123" valign="top" style="border:solid black 1.0pt;"&gt;\n				&lt;p class="MsoNormal"&gt;\n					&lt;span style="line-height:150%;font-family:宋体;"&gt;关联线路&lt;span&gt;&lt;/span&gt;&lt;/span&gt;\n				&lt;/p&gt;\n			&lt;/td&gt;\n			&lt;td width="637" valign="top" style="border:solid black 1.0pt;"&gt;\n				&lt;p class="MsoNormal" style="margin-left:18.0pt;text-indent:-18.0pt;"&gt;\n					&lt;span style="line-height:150%;font-family:宋体;"&gt;1、&lt;span style="font-size:7pt;line-height:normal;font-family:&quot;"&gt; &lt;/span&gt;&lt;/span&gt;&lt;span style="line-height:150%;font-family:宋体;"&gt;可以查看到车辆关联的线路站点&lt;span&gt;&lt;/span&gt;&lt;/span&gt;\n				&lt;/p&gt;\n				&lt;p class="MsoNormal" style="margin-left:18.0pt;text-indent:-18.0pt;"&gt;\n					&lt;span style="line-height:150%;font-family:宋体;"&gt;2、&lt;span style="font-size:7pt;line-height:normal;font-family:&quot;"&gt; &lt;/span&gt;&lt;/span&gt;&lt;span style="line-height:150%;font-family:宋体;"&gt;可以通过文字列表和地图切换查看&lt;span&gt;&lt;/span&gt;&lt;/span&gt;\n				&lt;/p&gt;\n				&lt;p class="MsoNormal" style="margin-left:18.0pt;text-indent:-18.0pt;"&gt;\n					&lt;span style="line-height:150%;font-family:宋体;"&gt;3、&lt;span style="font-size:7pt;line-height:normal;font-family:&quot;"&gt; &lt;/span&gt;&lt;/span&gt;&lt;span style="line-height:150%;font-family:宋体;"&gt;可以查看到车辆的动态位置和学员的位置&lt;span&gt;&lt;/span&gt;&lt;/span&gt;\n				&lt;/p&gt;\n			&lt;/td&gt;\n		&lt;/tr&gt;\n		&lt;tr&gt;\n			&lt;td width="108" valign="top" style="border:solid black 1.0pt;"&gt;\n				&lt;p class="MsoNormal" align="center" style="text-align:center;"&gt;\n					&lt;span style="line-height:150%;font-family:宋体;"&gt;车辆一&lt;span&gt;&lt;/span&gt;&lt;/span&gt;\n				&lt;/p&gt;\n			&lt;/td&gt;\n			&lt;td width="123" valign="top" style="border:solid black 1.0pt;"&gt;\n				&lt;p class="MsoNormal"&gt;\n					&lt;span style="line-height:150%;font-family:宋体;"&gt;关联线路&lt;span&gt;&lt;/span&gt;&lt;/span&gt;\n				&lt;/p&gt;\n			&lt;/td&gt;\n			&lt;td width="637" valign="top" style="border:solid black 1.0pt;"&gt;\n				&lt;p class="MsoNormal"&gt;\n					&lt;span style="line-height:150%;font-family:宋体;"&gt;同上&lt;span&gt;&lt;/span&gt;&lt;/span&gt;\n				&lt;/p&gt;\n			&lt;/td&gt;\n		&lt;/tr&gt;\n		&lt;tr&gt;\n			&lt;td width="108" valign="top" style="border:solid black 1.0pt;"&gt;\n				&lt;p class="MsoNormal" align="center" style="text-align:center;"&gt;\n					&lt;span style="line-height:150%;font-family:宋体;"&gt;车辆一&lt;span&gt;&lt;/span&gt;&lt;/span&gt;\n				&lt;/p&gt;\n			&lt;/td&gt;\n			&lt;td width="123" valign="top" style="border:solid black 1.0pt;"&gt;\n				&lt;p class="MsoNormal"&gt;\n					&lt;span style="line-height:150%;font-family:宋体;"&gt;关联线路&lt;span&gt;&lt;/span&gt;&lt;/span&gt;\n				&lt;/p&gt;\n			&lt;/td&gt;\n			&lt;td width="637" valign="top" style="border:solid black 1.0pt;"&gt;\n				&lt;p class="MsoNormal"&gt;\n					&lt;span style="line-height:150%;font-family:宋体;"&gt;同上&lt;span&gt;&lt;/span&gt;&lt;/span&gt;\n				&lt;/p&gt;\n			&lt;/td&gt;\n		&lt;/tr&gt;\n	&lt;/tbody&gt;\n&lt;/table&gt;\n&lt;p class="MsoNormal"&gt;\n	&lt;b&gt;&nbsp;&lt;/b&gt;\n&lt;/p&gt;\n&lt;p class="MsoNormal"&gt;\n	&lt;b&gt;&nbsp;&lt;/b&gt;\n&lt;/p&gt;\n&lt;p class="MsoNormal" style="margin-left:0cm;text-indent:0cm;"&gt;\n	&lt;b&gt;3、&lt;/b&gt;&lt;b&gt;总后台管理系统（电脑版）&lt;span&gt;&lt;/span&gt;&lt;/b&gt;\n&lt;/p&gt;\n&lt;p class="MsoNormal"&gt;\n	&nbsp;\n&lt;/p&gt;\n&lt;table class="MsoNormalTable" border="1" cellspacing="0" cellpadding="0" style="border:none;"&gt;\n	&lt;tbody&gt;\n		&lt;tr&gt;\n			&lt;td width="115" valign="top" style="border:solid black 1.0pt;"&gt;\n				&lt;p class="MsoNormal" align="center" style="text-align:center;"&gt;\n					&lt;b&gt;&lt;span style="line-height:150%;font-family:宋体;"&gt;一级模块&lt;span&gt;&lt;/span&gt;&lt;/span&gt;&lt;/b&gt;\n				&lt;/p&gt;\n			&lt;/td&gt;\n			&lt;td width="110" valign="top" style="border:solid black 1.0pt;"&gt;\n				&lt;p class="MsoNormal" align="center" style="text-align:center;"&gt;\n					&lt;b&gt;&lt;span style="line-height:150%;font-family:宋体;"&gt;二级模块&lt;span&gt;&lt;/span&gt;&lt;/span&gt;&lt;/b&gt;\n				&lt;/p&gt;\n			&lt;/td&gt;\n			&lt;td width="123" valign="top" style="border:solid black 1.0pt;"&gt;\n				&lt;p class="MsoNormal" align="center" style="text-align:center;"&gt;\n					&lt;b&gt;&lt;span style="line-height:150%;font-family:宋体;"&gt;三级模块&lt;span&gt;&lt;/span&gt;&lt;/span&gt;&lt;/b&gt;\n				&lt;/p&gt;\n			&lt;/td&gt;\n			&lt;td width="635" valign="top" style="border:solid black 1.0pt;"&gt;\n				&lt;p class="MsoNormal" align="center" style="text-align:center;"&gt;\n					&lt;b&gt;&lt;span style="line-height:150%;font-family:宋体;"&gt;备注&lt;span&gt;&lt;/span&gt;&lt;/span&gt;&lt;/b&gt;\n				&lt;/p&gt;\n			&lt;/td&gt;\n		&lt;/tr&gt;\n		&lt;tr&gt;\n			&lt;td width="115" valign="top" style="border:solid black 1.0pt;"&gt;\n				&lt;p class="MsoNormal" align="center" style="text-align:center;"&gt;\n					&lt;b&gt;&lt;span style="line-height:150%;font-family:宋体;"&gt;后台登录&lt;span&gt;&lt;/span&gt;&lt;/span&gt;&lt;/b&gt;\n				&lt;/p&gt;\n			&lt;/td&gt;\n			&lt;td width="110" valign="top" style="border:solid black 1.0pt;"&gt;\n				&lt;p class="MsoNormal" align="center" style="text-align:center;"&gt;\n					&lt;b&gt;&lt;span style="line-height:150%;font-family:宋体;"&gt;&nbsp;&lt;/span&gt;&lt;/b&gt;\n				&lt;/p&gt;\n			&lt;/td&gt;\n			&lt;td width="123" valign="top" style="border:solid black 1.0pt;"&gt;\n				&lt;p class="MsoNormal" align="center" style="text-align:center;"&gt;\n					&lt;b&gt;&lt;span style="line-height:150%;font-family:宋体;"&gt;&nbsp;&lt;/span&gt;&lt;/b&gt;\n				&lt;/p&gt;\n			&lt;/td&gt;\n			&lt;td width="635" valign="top" style="border:solid black 1.0pt;"&gt;\n				&lt;p class="MsoNormal" align="left"&gt;\n					&lt;span style="line-height:150%;font-family:宋体;"&gt;通过帐号和密码登录&lt;span&gt;&lt;/span&gt;&lt;/span&gt;\n				&lt;/p&gt;\n			&lt;/td&gt;\n		&lt;/tr&gt;\n		&lt;tr&gt;\n			&lt;td width="115" valign="top" style="border:solid black 1.0pt;"&gt;\n				&lt;p class="MsoNormal" align="center" style="text-align:center;"&gt;\n					&lt;b&gt;&lt;span style="line-height:150%;font-family:宋体;"&gt;首页&lt;span&gt;&lt;/span&gt;&lt;/span&gt;&lt;/b&gt;\n				&lt;/p&gt;\n			&lt;/td&gt;\n			&lt;td width="110" valign="top" style="border:solid black 1.0pt;"&gt;\n				&lt;p class="MsoNormal"&gt;\n					&lt;b&gt;&lt;span style="line-height:150%;font-family:宋体;"&gt;&nbsp;&lt;/span&gt;&lt;/b&gt;\n				&lt;/p&gt;\n			&lt;/td&gt;\n			&lt;td width="123" valign="top" style="border:solid black 1.0pt;"&gt;\n				&lt;p class="MsoNormal"&gt;\n					&lt;span style="line-height:150%;font-family:宋体;"&gt;&nbsp;&lt;/span&gt;\n				&lt;/p&gt;\n			&lt;/td&gt;\n			&lt;td width="635" valign="top" style="border:solid black 1.0pt;"&gt;\n				&lt;p class="MsoNormal"&gt;\n					&lt;span style="line-height:150%;font-family:宋体;"&gt;显示后台的一些基本信息&lt;span&gt;&lt;/span&gt;&lt;/span&gt;\n				&lt;/p&gt;\n			&lt;/td&gt;\n		&lt;/tr&gt;\n		&lt;tr&gt;\n			&lt;td width="115" rowspan="7" valign="top" style="border:solid black 1.0pt;"&gt;\n				&lt;p class="MsoNormal" align="center" style="text-align:center;"&gt;\n					&lt;b&gt;&lt;span style="line-height:150%;font-family:宋体;"&gt;系统管理&lt;span&gt;&lt;/span&gt;&lt;/span&gt;&lt;/b&gt;\n				&lt;/p&gt;\n			&lt;/td&gt;\n			&lt;td width="110" rowspan="3" valign="top" style="border:solid black 1.0pt;"&gt;\n				&lt;p class="MsoNormal"&gt;\n					&lt;span style="line-height:150%;font-family:宋体;"&gt;核心设置&lt;span&gt;&lt;/span&gt;&lt;/span&gt;\n				&lt;/p&gt;\n			&lt;/td&gt;\n			&lt;td width="123" valign="top" style="border:solid black 1.0pt;"&gt;\n				&lt;p class="MsoNormal"&gt;\n					&lt;span style="line-height:150%;font-family:宋体;"&gt;站点设置&lt;span&gt;&lt;/span&gt;&lt;/span&gt;\n				&lt;/p&gt;\n			&lt;/td&gt;\n			&lt;td width="635" valign="top" style="border:solid black 1.0pt;"&gt;\n				&lt;p class="MsoNormal"&gt;\n					&lt;span style="line-height:150%;font-family:宋体;"&gt;可以设置平台&lt;span&gt;LOGO&lt;/span&gt;、名称、简介、电话、地址等信息&lt;/span&gt;&lt;span style="line-height:150%;font-family:宋体;"&gt;&lt;/span&gt;\n				&lt;/p&gt;\n			&lt;/td&gt;\n		&lt;/tr&gt;\n		&lt;tr&gt;\n			&lt;td width="123" valign="top" style="border:solid black 1.0pt;"&gt;\n				&lt;p class="MsoNormal"&gt;\n					&lt;span style="line-height:150%;font-family:宋体;"&gt;注册协议&lt;span&gt;&lt;/span&gt;&lt;/span&gt;\n				&lt;/p&gt;\n			&lt;/td&gt;\n			&lt;td width="635" valign="top" style="border:solid black 1.0pt;"&gt;\n				&lt;p class="MsoNormal"&gt;\n					&lt;span style="line-height:150%;font-family:宋体;"&gt;可以对注册协议进行修改&lt;/span&gt;&lt;span style="line-height:150%;font-family:宋体;"&gt;&lt;/span&gt;\n				&lt;/p&gt;\n			&lt;/td&gt;\n		&lt;/tr&gt;\n		&lt;tr&gt;\n			&lt;td width="123" valign="top" style="border:solid black 1.0pt;"&gt;\n				&lt;p class="MsoNormal"&gt;\n					&lt;span style="line-height:150%;font-family:宋体;"&gt;运费设置&lt;span&gt;&lt;/span&gt;&lt;/span&gt;\n				&lt;/p&gt;\n			&lt;/td&gt;\n			&lt;td width="635" valign="top" style="border:solid black 1.0pt;"&gt;\n				&lt;p class="MsoNormal"&gt;\n					&lt;span style="line-height:150%;font-family:宋体;"&gt;可以对订单运费进行设置&lt;span&gt;&lt;/span&gt;&lt;/span&gt;\n				&lt;/p&gt;\n			&lt;/td&gt;\n		&lt;/tr&gt;\n		&lt;tr&gt;\n			&lt;td width="110" rowspan="2" valign="top" style="border:solid black 1.0pt;"&gt;\n				&lt;p class="MsoNormal"&gt;\n					&lt;span style="line-height:150%;font-family:宋体;"&gt;帐号管理&lt;span&gt;&lt;/span&gt;&lt;/span&gt;\n				&lt;/p&gt;\n			&lt;/td&gt;\n			&lt;td width="123" valign="top" style="border:solid black 1.0pt;"&gt;\n				&lt;p class="MsoNormal"&gt;\n					&lt;span style="line-height:150%;font-family:宋体;"&gt;帐号管理&lt;span&gt;&lt;/span&gt;&lt;/span&gt;\n				&lt;/p&gt;\n			&lt;/td&gt;\n			&lt;td width="635" valign="top" style="border:solid black 1.0pt;"&gt;\n				&lt;p class="MsoNormal"&gt;\n					&lt;span style="line-height:150%;font-family:宋体;"&gt;总管理员可以开启子帐号，具体信息：帐号名称、密码、所属角色、状态（正常和禁用）&lt;span&gt;&lt;/span&gt;&lt;/span&gt;\n				&lt;/p&gt;\n			&lt;/td&gt;\n		&lt;/tr&gt;\n		&lt;tr&gt;\n			&lt;td width="123" valign="top" style="border:solid black 1.0pt;"&gt;\n				&lt;p class="MsoNormal"&gt;\n					&lt;span style="line-height:150%;font-family:宋体;"&gt;角色管理&lt;span&gt;&lt;/span&gt;&lt;/span&gt;\n				&lt;/p&gt;\n			&lt;/td&gt;\n			&lt;td width="635" valign="top" style="border:solid black 1.0pt;"&gt;\n				&lt;p class="MsoNormal"&gt;\n					&lt;span style="line-height:150%;font-family:宋体;"&gt;可以添加和管理角色&lt;span&gt;&lt;/span&gt;&lt;/span&gt;\n				&lt;/p&gt;\n			&lt;/td&gt;\n		&lt;/tr&gt;\n		&lt;tr&gt;\n			&lt;td width="110" rowspan="2" valign="top" style="border:solid black 1.0pt;"&gt;\n				&lt;p class="MsoNormal"&gt;\n					&lt;span style="line-height:150%;font-family:宋体;"&gt;支付设置&lt;span&gt;&lt;/span&gt;&lt;/span&gt;\n				&lt;/p&gt;\n			&lt;/td&gt;\n			&lt;td width="123" valign="top" style="border:solid black 1.0pt;"&gt;\n				&lt;p class="MsoNormal"&gt;\n					&lt;span style="line-height:150%;font-family:宋体;"&gt;微信支付&lt;span&gt;&lt;/span&gt;&lt;/span&gt;\n				&lt;/p&gt;\n			&lt;/td&gt;\n			&lt;td width="635" rowspan="2" valign="top" style="border:solid black 1.0pt;"&gt;\n				&lt;p class="MsoNormal"&gt;\n					&lt;span style="line-height:150%;font-family:宋体;"&gt;可以对微信和支付宝支付进行后台配置&lt;span&gt;&lt;/span&gt;&lt;/span&gt;\n				&lt;/p&gt;\n			&lt;/td&gt;\n		&lt;/tr&gt;\n		&lt;tr&gt;\n			&lt;td width="123" valign="top" style="border:solid black 1.0pt;"&gt;\n				&lt;p class="MsoNormal"&gt;\n					&lt;span style="line-height:150%;font-family:宋体;"&gt;支付宝支付&lt;span&gt;&lt;/span&gt;&lt;/span&gt;\n				&lt;/p&gt;\n			&lt;/td&gt;\n		&lt;/tr&gt;\n		&lt;tr&gt;\n			&lt;td width="115" rowspan="3" valign="top" style="border:solid black 1.0pt;"&gt;\n				&lt;p class="MsoNormal" align="center" style="text-align:center;"&gt;\n					&lt;b&gt;&lt;span style="line-height:150%;font-family:宋体;"&gt;会员管理&lt;span&gt;&lt;/span&gt;&lt;/span&gt;&lt;/b&gt;\n				&lt;/p&gt;\n			&lt;/td&gt;\n			&lt;td width="110" valign="top" style="border:solid black 1.0pt;"&gt;\n				&lt;p class="MsoNormal"&gt;\n					&lt;span style="line-height:150%;font-family:宋体;"&gt;会员列表&lt;span&gt;&lt;/span&gt;&lt;/span&gt;\n				&lt;/p&gt;\n			&lt;/td&gt;\n			&lt;td width="123" rowspan="3" valign="top" style="border:solid black 1.0pt;"&gt;\n				&lt;p class="MsoNormal"&gt;\n					&lt;span style="line-height:150%;font-family:宋体;"&gt;&nbsp;&lt;/span&gt;\n				&lt;/p&gt;\n			&lt;/td&gt;\n			&lt;td width="635" valign="top" style="border:solid black 1.0pt;"&gt;\n				&lt;p class="MsoNormal"&gt;\n					&lt;span style="line-height:150%;font-family:宋体;"&gt;相关信息：序号、&lt;span style="color:#707070;background:white;"&gt;用户名（手机号）、头像、呢称、性别、生日、余额、状态（禁用、正常）操作（编辑和删除）&lt;span&gt;&lt;/span&gt;&lt;/span&gt;&lt;/span&gt;\n				&lt;/p&gt;\n				&lt;p class="MsoNormal"&gt;\n					&lt;span style="line-height:150%;font-family:宋体;color:#707070;background:white;"&gt;有数据导出&lt;/span&gt;&lt;span style="line-height:150%;font-family:宋体;"&gt;EXEL&lt;/span&gt;&lt;span style="line-height:150%;font-family:宋体;"&gt;表&lt;/span&gt;&lt;span style="line-height:150%;font-family:宋体;"&gt;&lt;/span&gt;\n				&lt;/p&gt;\n			&lt;/td&gt;\n		&lt;/tr&gt;\n		&lt;tr&gt;\n			&lt;td width="110" valign="top" style="border:solid black 1.0pt;"&gt;\n				&lt;p class="MsoNormal"&gt;\n					&lt;span style="line-height:150%;font-family:宋体;"&gt;会员收藏&lt;span&gt;&lt;/span&gt;&lt;/span&gt;\n				&lt;/p&gt;\n			&lt;/td&gt;\n			&lt;td width="635" valign="top" style="border:solid black 1.0pt;"&gt;\n				&lt;p class="MsoNormal"&gt;\n					&lt;span style="line-height:150%;font-family:宋体;"&gt;相关信息：序号、&lt;/span&gt;&lt;span style="line-height:150%;font-family:宋体;color:#707070;background:white;"&gt;呢称、手机号&lt;/span&gt;&lt;span style="line-height:150%;font-family:宋体;"&gt;、&lt;/span&gt;&lt;span style="line-height:150%;font-family:宋体;color:#707070;background:white;"&gt;班型名、收藏时间&lt;/span&gt;&lt;span style="line-height:150%;font-family:宋体;"&gt;&lt;/span&gt;\n				&lt;/p&gt;\n			&lt;/td&gt;\n		&lt;/tr&gt;\n		&lt;tr&gt;\n			&lt;td width="110" valign="top" style="border:solid black 1.0pt;"&gt;\n				&lt;p class="MsoNormal"&gt;\n					&lt;span style="line-height:150%;font-family:宋体;"&gt;意见反馈&lt;span&gt;&lt;/span&gt;&lt;/span&gt;\n				&lt;/p&gt;\n			&lt;/td&gt;\n			&lt;td width="635" valign="top" style="border:solid black 1.0pt;"&gt;\n				&lt;p class="MsoNormal"&gt;\n					&lt;span style="line-height:150%;font-family:宋体;"&gt;可以查看到会员反馈的信息，&lt;/span&gt;&lt;span style="line-height:150%;font-family:宋体;"&gt;相关信息：序号、&lt;/span&gt;&lt;span style="line-height:150%;font-family:宋体;color:#707070;background:white;"&gt;呢称、手机号&lt;/span&gt;&lt;span style="line-height:150%;font-family:宋体;"&gt;、&lt;/span&gt;&lt;span style="line-height:150%;font-family:宋体;color:#707070;background:white;"&gt;内容、时间&lt;/span&gt;&lt;span style="line-height:150%;font-family:宋体;"&gt;&lt;/span&gt;\n				&lt;/p&gt;\n			&lt;/td&gt;\n		&lt;/tr&gt;\n		&lt;tr&gt;\n			&lt;td width="115" rowspan="4" valign="top" style="border:solid black 1.0pt;"&gt;\n				&lt;p class="MsoNormal" align="center" style="text-align:center;"&gt;\n					&lt;b&gt;&lt;span style="line-height:150%;font-family:宋体;"&gt;&nbsp;&lt;/span&gt;&lt;/b&gt;\n				&lt;/p&gt;\n				&lt;p class="MsoNormal" align="center" style="text-align:center;"&gt;\n					&lt;b&gt;&lt;span style="line-height:150%;font-family:宋体;"&gt;&nbsp;&lt;/span&gt;&lt;/b&gt;\n				&lt;/p&gt;\n				&lt;p class="MsoNormal" align="center" style="text-align:center;"&gt;\n					&lt;b&gt;&lt;span style="line-height:150%;font-family:宋体;"&gt;&nbsp;&lt;/span&gt;&lt;/b&gt;\n				&lt;/p&gt;\n				&lt;p class="MsoNormal" align="center" style="text-align:center;"&gt;\n					&lt;b&gt;&lt;span style="line-height:150%;font-family:宋体;"&gt;校区管理&lt;span&gt;&lt;/span&gt;&lt;/span&gt;&lt;/b&gt;\n				&lt;/p&gt;\n			&lt;/td&gt;\n			&lt;td width="110" valign="top" style="border:solid black 1.0pt;"&gt;\n				&lt;p class="MsoNormal"&gt;\n					&lt;span style="line-height:150%;font-family:宋体;"&gt;校区管理&lt;span&gt;&lt;/span&gt;&lt;/span&gt;\n				&lt;/p&gt;\n			&lt;/td&gt;\n			&lt;td width="123" rowspan="3" valign="top" style="border:solid black 1.0pt;"&gt;\n				&lt;p class="MsoNormal"&gt;\n					&lt;span style="line-height:150%;font-family:宋体;"&gt;&nbsp;&lt;/span&gt;\n				&lt;/p&gt;\n			&lt;/td&gt;\n			&lt;td width="635" valign="top" style="border:solid black 1.0pt;"&gt;\n				&lt;p class="MsoNormal" style="margin-left:18.0pt;text-indent:-18.0pt;"&gt;\n					&lt;span style="line-height:150%;font-family:宋体;"&gt;1、&lt;span style="font-size:7pt;line-height:normal;font-family:&quot;"&gt; &lt;/span&gt;&lt;/span&gt;&lt;span style="line-height:150%;font-family:宋体;"&gt;新增校区&lt;span&gt;&lt;/span&gt;&lt;/span&gt;\n				&lt;/p&gt;\n				&lt;p class="MsoNormal" style="margin-left:18.0pt;text-indent:-18.0pt;"&gt;\n					&lt;span style="line-height:150%;font-family:宋体;"&gt;2、&lt;span style="font-size:7pt;line-height:normal;font-family:&quot;"&gt; &lt;/span&gt;&lt;/span&gt;&lt;span style="line-height:150%;font-family:宋体;"&gt;校区列表： 序号、主图、&lt;/span&gt;&lt;span style="line-height:150%;font-family:宋体;"&gt;副图、标题、地址、咨询电话、标签（服务好、规模大等）、&lt;/span&gt;&lt;span style="line-height:150%;font-family:宋体;"&gt;排序、状态、操作（编辑和删除）&lt;span&gt;&lt;/span&gt;&lt;/span&gt;\n				&lt;/p&gt;\n			&lt;/td&gt;\n		&lt;/tr&gt;\n		&lt;tr&gt;\n			&lt;td width="110" valign="top" style="border:solid black 1.0pt;"&gt;\n				&lt;p class="MsoNormal"&gt;\n					&lt;span style="line-height:150%;font-family:宋体;"&gt;班型管理&lt;span&gt;&lt;/span&gt;&lt;/span&gt;\n				&lt;/p&gt;\n			&lt;/td&gt;\n			&lt;td width="635" valign="top" style="border:solid black 1.0pt;"&gt;\n				&lt;p class="MsoNormal" style="margin-left:18.0pt;text-indent:-18.0pt;"&gt;\n					&lt;span style="line-height:150%;font-family:宋体;"&gt;1、&lt;span style="font-size:7pt;line-height:normal;font-family:&quot;"&gt; &lt;/span&gt;&lt;/span&gt;&lt;span style="line-height:150%;font-family:宋体;"&gt;发布班型：所属校区、主图、车型、名称、驾照类型、价格、概要&lt;span&gt;&lt;/span&gt;&lt;/span&gt;\n				&lt;/p&gt;\n				&lt;p class="MsoNormal" style="margin-left:18.0pt;text-indent:-18.0pt;"&gt;\n					&lt;span style="line-height:150%;font-family:宋体;"&gt;2、&lt;span style="font-size:7pt;line-height:normal;font-family:&quot;"&gt; &lt;/span&gt;&lt;/span&gt;&lt;span style="line-height:150%;font-family:宋体;"&gt;班型展示：序号、主图、车型、班型、驾照类型、所属校区、价格、概要、排序、状态、操作（编辑和删除）&lt;span&gt;&lt;/span&gt;&lt;/span&gt;\n				&lt;/p&gt;\n				&lt;p class="MsoNormal" style="margin-left:18.0pt;text-indent:-18.0pt;"&gt;\n					&lt;span style="line-height:150%;font-family:宋体;"&gt;3、&lt;span style="font-size:7pt;line-height:normal;font-family:&quot;"&gt; &lt;/span&gt;&lt;/span&gt;&lt;span style="line-height:150%;font-family:宋体;"&gt;班型搜索（通过校区、状态和发布时间进行查询）&lt;span&gt;&lt;/span&gt;&lt;/span&gt;\n				&lt;/p&gt;\n			&lt;/td&gt;\n		&lt;/tr&gt;\n		&lt;tr&gt;\n			&lt;td width="110" valign="top" style="border:solid black 1.0pt;"&gt;\n				&lt;p class="MsoNormal"&gt;\n					&lt;span style="line-height:150%;font-family:宋体;"&gt;教练管理&lt;span&gt;&lt;/span&gt;&lt;/span&gt;\n				&lt;/p&gt;\n			&lt;/td&gt;\n			&lt;td width="635" valign="top" style="border:solid black 1.0pt;"&gt;\n				&lt;p class="MsoNormal" style="margin-left:18.0pt;text-indent:-18.0pt;"&gt;\n					&lt;span style="line-height:150%;font-family:宋体;"&gt;1、&lt;span style="font-size:7pt;line-height:normal;font-family:&quot;"&gt; &lt;/span&gt;&lt;/span&gt;&lt;span style="line-height:150%;font-family:宋体;"&gt;新增教练&lt;span&gt;&lt;/span&gt;&lt;/span&gt;\n				&lt;/p&gt;\n				&lt;p class="MsoNormal" style="margin-left:18.0pt;text-indent:-18.0pt;"&gt;\n					&lt;span style="line-height:150%;font-family:宋体;"&gt;2、&lt;span style="font-size:7pt;line-height:normal;font-family:&quot;"&gt; &lt;/span&gt;&lt;/span&gt;&lt;span style="line-height:150%;font-family:宋体;"&gt;具体信息：照片、姓名、教龄、概要&lt;/span&gt;&lt;span style="line-height:150%;font-family:宋体;"&gt;&lt;/span&gt;\n				&lt;/p&gt;\n			&lt;/td&gt;\n		&lt;/tr&gt;\n		&lt;tr&gt;\n			&lt;td width="110" valign="top" style="border:solid black 1.0pt;"&gt;\n				&lt;p class="MsoNormal"&gt;\n					&lt;span style="line-height:150%;font-family:宋体;"&gt;场地介绍&lt;span&gt;&lt;/span&gt;&lt;/span&gt;\n				&lt;/p&gt;\n			&lt;/td&gt;\n			&lt;td width="123" valign="top" style="border:solid black 1.0pt;"&gt;\n				&lt;p class="MsoNormal"&gt;\n					&lt;span style="line-height:150%;font-family:宋体;"&gt;&nbsp;&lt;/span&gt;\n				&lt;/p&gt;\n			&lt;/td&gt;\n			&lt;td width="635" valign="top" style="border:solid black 1.0pt;"&gt;\n				&lt;p class="MsoNormal" style="margin-left:18.0pt;text-indent:-18.0pt;"&gt;\n					&lt;span style="line-height:150%;font-family:宋体;"&gt;1、&lt;span style="font-size:7pt;line-height:normal;font-family:&quot;"&gt; &lt;/span&gt;&lt;/span&gt;&lt;span style="line-height:150%;font-family:宋体;"&gt;新增场地&lt;span&gt;&lt;/span&gt;&lt;/span&gt;\n				&lt;/p&gt;\n				&lt;p class="MsoNormal" style="margin-left:18.0pt;text-indent:-18.0pt;"&gt;\n					&lt;span style="line-height:150%;font-family:宋体;"&gt;2、&lt;span style="font-size:7pt;line-height:normal;font-family:&quot;"&gt; &lt;/span&gt;&lt;/span&gt;&lt;span style="line-height:150%;font-family:宋体;"&gt;场地列表：名称、主图、副图、上传时间、排序、状态、操作（编辑和删除）&lt;span&gt;&lt;/span&gt;&lt;/span&gt;\n				&lt;/p&gt;\n			&lt;/td&gt;\n		&lt;/tr&gt;\n		&lt;tr&gt;\n			&lt;td width="115" rowspan="2" valign="top" style="border:solid black 1.0pt;"&gt;\n				&lt;p class="MsoNormal" align="center" style="text-align:center;"&gt;\n					&lt;b&gt;&lt;span style="line-height:150%;font-family:宋体;"&gt;&nbsp;&lt;/span&gt;&lt;/b&gt;\n				&lt;/p&gt;\n				&lt;p class="MsoNormal" align="center" style="text-align:center;"&gt;\n					&lt;b&gt;&lt;span style="line-height:150%;font-family:宋体;"&gt;订单管理&lt;span&gt;&lt;/span&gt;&lt;/span&gt;&lt;/b&gt;\n				&lt;/p&gt;\n			&lt;/td&gt;\n			&lt;td width="110" valign="top" style="border:solid black 1.0pt;"&gt;\n				&lt;p class="MsoNormal"&gt;\n					&lt;span style="line-height:150%;font-family:宋体;"&gt;&nbsp;&lt;/span&gt;\n				&lt;/p&gt;\n				&lt;p class="MsoNormal"&gt;\n					&lt;span style="line-height:150%;font-family:宋体;"&gt;订单列表&lt;span&gt;&lt;/span&gt;&lt;/span&gt;\n				&lt;/p&gt;\n			&lt;/td&gt;\n			&lt;td width="123" valign="top" style="border:solid black 1.0pt;"&gt;\n				&lt;p class="MsoNormal"&gt;\n					&lt;span style="line-height:150%;font-family:宋体;"&gt;&nbsp;&lt;/span&gt;\n				&lt;/p&gt;\n			&lt;/td&gt;\n			&lt;td width="635" valign="top" style="border:solid black 1.0pt;"&gt;\n				&lt;p class="MsoNormal"&gt;\n					&lt;span style="line-height:150%;font-family:宋体;"&gt;概要信息：订单编号、&lt;/span&gt;&lt;span style="line-height:150%;font-family:宋体;background:white;"&gt;下单账号（手机）、下单时间、姓名、电话、支付金额&lt;span&gt;&lt;/span&gt;&lt;/span&gt;\n				&lt;/p&gt;\n				&lt;p class="MsoNormal"&gt;\n					&lt;span style="line-height:150%;font-family:宋体;background:white;"&gt;支付方式（微信或支付宝或余额）、订单状态（&lt;/span&gt;&lt;span style="line-height:150%;font-family:宋体;"&gt;待付款、待上课、已完成&lt;/span&gt;&lt;span style="line-height:150%;font-family:宋体;background:white;"&gt;）&lt;span&gt;&lt;/span&gt;&lt;/span&gt;\n				&lt;/p&gt;\n				&lt;p class="MsoNormal"&gt;\n					&lt;span style="line-height:150%;font-family:宋体;background:white;"&gt;操作（查看详情、打印订单和确认上课）&lt;span&gt;&lt;/span&gt;&lt;/span&gt;\n				&lt;/p&gt;\n			&lt;/td&gt;\n		&lt;/tr&gt;\n		&lt;tr&gt;\n			&lt;td width="110" valign="top" style="border:solid black 1.0pt;"&gt;\n				&lt;p class="MsoNormal"&gt;\n					&lt;span style="line-height:150%;font-family:宋体;"&gt;评价管理&lt;span&gt;&lt;/span&gt;&lt;/span&gt;\n				&lt;/p&gt;\n			&lt;/td&gt;\n			&lt;td width="123" valign="top" style="border:solid black 1.0pt;"&gt;\n				&lt;p class="MsoNormal"&gt;\n					&lt;span style="line-height:150%;font-family:宋体;"&gt;&nbsp;&lt;/span&gt;\n				&lt;/p&gt;\n			&lt;/td&gt;\n			&lt;td width="635" valign="top" style="border:solid black 1.0pt;"&gt;\n				&lt;p class="MsoNormal"&gt;\n					&lt;span style="line-height:150%;font-family:宋体;"&gt;可以查看到学员的评价情况&lt;span&gt;&lt;/span&gt;&lt;/span&gt;\n				&lt;/p&gt;\n			&lt;/td&gt;\n		&lt;/tr&gt;\n		&lt;tr&gt;\n			&lt;td width="115" rowspan="2" valign="top" style="border:solid black 1.0pt;"&gt;\n				&lt;p class="MsoNormal" align="center" style="text-align:center;"&gt;\n					&lt;b&gt;&lt;span style="line-height:150%;font-family:宋体;"&gt;题库管理&lt;span&gt;&lt;/span&gt;&lt;/span&gt;&lt;/b&gt;\n				&lt;/p&gt;\n			&lt;/td&gt;\n			&lt;td width="110" valign="top" style="border:solid black 1.0pt;"&gt;\n				&lt;p class="MsoNormal"&gt;\n					&lt;span style="line-height:150%;font-family:宋体;"&gt;分类管理&lt;span&gt;&lt;/span&gt;&lt;/span&gt;\n				&lt;/p&gt;\n			&lt;/td&gt;\n			&lt;td width="123" rowspan="2" valign="top" style="border:solid black 1.0pt;"&gt;\n				&lt;p class="MsoNormal"&gt;\n					&lt;span style="line-height:150%;font-family:宋体;"&gt;&nbsp;&lt;/span&gt;\n				&lt;/p&gt;\n			&lt;/td&gt;\n			&lt;td width="635" valign="top" style="border:solid black 1.0pt;"&gt;\n				&lt;p class="MsoNormal"&gt;\n					&lt;span style="line-height:150%;font-family:宋体;"&gt;管理可以通过后台进行分类的上传和修改&lt;span&gt;&lt;/span&gt;&lt;/span&gt;\n				&lt;/p&gt;\n			&lt;/td&gt;\n		&lt;/tr&gt;\n		&lt;tr&gt;\n			&lt;td width="110" valign="top" style="border:solid black 1.0pt;"&gt;\n				&lt;p class="MsoNormal"&gt;\n					&lt;span style="line-height:150%;font-family:宋体;"&gt;课题管理&lt;span&gt;&lt;/span&gt;&lt;/span&gt;\n				&lt;/p&gt;\n			&lt;/td&gt;\n			&lt;td width="635" valign="top" style="border:solid black 1.0pt;"&gt;\n				&lt;p class="MsoNormal"&gt;\n					&lt;span style="line-height:150%;font-family:宋体;"&gt;管理可以通过后台进行试题的上传和修改&lt;span&gt;&lt;/span&gt;&lt;/span&gt;\n				&lt;/p&gt;\n			&lt;/td&gt;\n		&lt;/tr&gt;\n		&lt;tr&gt;\n			&lt;td width="115" rowspan="2" valign="top" style="border:solid black 1.0pt;"&gt;\n				&lt;p class="MsoNormal" align="center" style="text-align:center;"&gt;\n					&lt;b&gt;&lt;span style="line-height:150%;font-family:宋体;"&gt;班车管理&lt;span&gt;&lt;/span&gt;&lt;/span&gt;&lt;/b&gt;\n				&lt;/p&gt;\n			&lt;/td&gt;\n			&lt;td width="110" valign="top" style="border:solid black 1.0pt;"&gt;\n				&lt;p class="MsoNormal"&gt;\n					&lt;span style="line-height:150%;font-family:宋体;"&gt;班车展示&lt;span&gt;&lt;/span&gt;&lt;/span&gt;\n				&lt;/p&gt;\n			&lt;/td&gt;\n			&lt;td width="123" valign="top" style="border:solid black 1.0pt;"&gt;\n				&lt;p class="MsoNormal"&gt;\n					&lt;span style="line-height:150%;font-family:宋体;"&gt;&nbsp;&lt;/span&gt;\n				&lt;/p&gt;\n			&lt;/td&gt;\n			&lt;td width="635" valign="top" style="border:solid black 1.0pt;"&gt;\n				&lt;p class="MsoNormal"&gt;\n					&lt;span style="line-height:150%;font-family:宋体;"&gt;管理员可以新增和修改班车&lt;span&gt;&lt;/span&gt;&lt;/span&gt;\n				&lt;/p&gt;\n			&lt;/td&gt;\n		&lt;/tr&gt;\n		&lt;tr&gt;\n			&lt;td width="110" valign="top" style="border:solid black 1.0pt;"&gt;\n				&lt;p class="MsoNormal"&gt;\n					&lt;span style="line-height:150%;font-family:宋体;"&gt;线路展示&lt;span&gt;&lt;/span&gt;&lt;/span&gt;\n				&lt;/p&gt;\n			&lt;/td&gt;\n			&lt;td width="123" valign="top" style="border:solid black 1.0pt;"&gt;\n				&lt;p class="MsoNormal"&gt;\n					&lt;span style="line-height:150%;font-family:宋体;"&gt;&nbsp;&lt;/span&gt;\n				&lt;/p&gt;\n			&lt;/td&gt;\n			&lt;td width="635" valign="top" style="border:solid black 1.0pt;"&gt;\n				&lt;p class="MsoNormal"&gt;\n					&lt;span style="line-height:150%;font-family:宋体;"&gt;可以查看到班车所经过的线路站点&lt;span&gt;&lt;/span&gt;&lt;/span&gt;\n				&lt;/p&gt;\n			&lt;/td&gt;\n		&lt;/tr&gt;\n		&lt;tr&gt;\n			&lt;td width="115" rowspan="5" valign="top" style="border:solid black 1.0pt;"&gt;\n				&lt;p class="MsoNormal" align="center" style="text-align:center;"&gt;\n					&lt;b&gt;&lt;span style="line-height:150%;font-family:宋体;"&gt;&nbsp;&lt;/span&gt;&lt;/b&gt;\n				&lt;/p&gt;\n				&lt;p class="MsoNormal" align="center" style="text-align:center;"&gt;\n					&lt;b&gt;&lt;span style="line-height:150%;font-family:宋体;"&gt;信息管理&lt;/span&gt;&lt;/b&gt;&lt;span style="line-height:150%;font-family:宋体;"&gt;&lt;/span&gt;\n				&lt;/p&gt;\n			&lt;/td&gt;\n			&lt;td width="110" rowspan="3" valign="top" style="border:solid black 1.0pt;"&gt;\n				&lt;p class="MsoNormal"&gt;\n					&lt;span style="line-height:150%;font-family:宋体;"&gt;文章管理&lt;span&gt;&lt;/span&gt;&lt;/span&gt;\n				&lt;/p&gt;\n			&lt;/td&gt;\n			&lt;td width="123" valign="top" style="border:solid black 1.0pt;"&gt;\n				&lt;p class="MsoNormal"&gt;\n					&lt;span style="font-family:宋体;"&gt;栏目管理&lt;/span&gt;&lt;span style="line-height:150%;font-family:宋体;"&gt;&lt;/span&gt;\n				&lt;/p&gt;\n			&lt;/td&gt;\n			&lt;td width="635" valign="top" style="border:solid black 1.0pt;"&gt;\n				&lt;p class="MsoNormal"&gt;\n					&lt;span style="line-height:150%;font-family:宋体;"&gt;对文章分类进行添加、修改和删除&lt;/span&gt;&lt;span style="line-height:150%;font-family:宋体;"&gt;&lt;/span&gt;\n				&lt;/p&gt;\n			&lt;/td&gt;\n		&lt;/tr&gt;\n		&lt;tr&gt;\n			&lt;td width="123" valign="top" style="border:solid black 1.0pt;"&gt;\n				&lt;p class="MsoNormal"&gt;\n					&lt;span style="font-family:宋体;"&gt;添加文章&lt;span&gt;&lt;/span&gt;&lt;/span&gt;\n				&lt;/p&gt;\n			&lt;/td&gt;\n			&lt;td width="635" valign="top" style="border:solid black 1.0pt;"&gt;\n				&lt;p class="MsoNormal"&gt;\n					&lt;span style="line-height:150%;font-family:宋体;"&gt;管理员可以添加新闻消息&lt;span&gt;&lt;/span&gt;&lt;/span&gt;\n				&lt;/p&gt;\n			&lt;/td&gt;\n		&lt;/tr&gt;\n		&lt;tr&gt;\n			&lt;td width="123" valign="top" style="border:solid black 1.0pt;"&gt;\n				&lt;p class="MsoNormal"&gt;\n					&lt;span style="font-family:宋体;"&gt;文章管理&lt;/span&gt;&lt;span style="line-height:150%;font-family:宋体;"&gt;&lt;/span&gt;\n				&lt;/p&gt;\n			&lt;/td&gt;\n			&lt;td width="635" valign="top" style="border:solid black 1.0pt;"&gt;\n				&lt;p class="MsoNormal"&gt;\n					&lt;span style="line-height:150%;font-family:宋体;"&gt;对已经添加好的新闻消息，管理员可以修改和删除&lt;span&gt;&lt;/span&gt;&lt;/span&gt;\n				&lt;/p&gt;\n			&lt;/td&gt;\n		&lt;/tr&gt;\n		&lt;tr&gt;\n			&lt;td width="110" rowspan="2" valign="top" style="border:solid black 1.0pt;"&gt;\n				&lt;p class="MsoNormal"&gt;\n					&lt;span style="line-height:150%;font-family:宋体;"&gt;广告管理&lt;span&gt;&lt;/span&gt;&lt;/span&gt;\n				&lt;/p&gt;\n			&lt;/td&gt;\n			&lt;td width="123" valign="top" style="border:solid black 1.0pt;"&gt;\n				&lt;p class="MsoNormal"&gt;\n					&lt;span style="line-height:150%;font-family:宋体;"&gt;广告位管理&lt;span&gt;&lt;/span&gt;&lt;/span&gt;\n				&lt;/p&gt;\n			&lt;/td&gt;\n			&lt;td width="635" valign="top" style="border:solid black 1.0pt;"&gt;\n				&lt;p class="MsoNormal"&gt;\n					&lt;span style="line-height:150%;font-family:宋体;"&gt;可以设置首页相关广告位&lt;span&gt;&lt;/span&gt;&lt;/span&gt;\n				&lt;/p&gt;\n			&lt;/td&gt;\n		&lt;/tr&gt;\n		&lt;tr&gt;\n			&lt;td width="123" valign="top" style="border:solid black 1.0pt;"&gt;\n				&lt;p class="MsoNormal"&gt;\n					&lt;span style="line-height:150%;font-family:宋体;"&gt;广告管理&lt;span&gt;&lt;/span&gt;&lt;/span&gt;\n				&lt;/p&gt;\n			&lt;/td&gt;\n			&lt;td width="635" valign="top" style="border:solid black 1.0pt;"&gt;\n				&lt;p class="MsoNormal"&gt;\n					&lt;span style="line-height:150%;font-family:宋体;"&gt;可以添加和修改首页相关广告&lt;span&gt;&lt;/span&gt;&lt;/span&gt;\n				&lt;/p&gt;\n			&lt;/td&gt;\n		&lt;/tr&gt;\n		&lt;tr&gt;\n			&lt;td width="115" rowspan="2" valign="top" style="border:solid black 1.0pt;"&gt;\n				&lt;p class="MsoNormal" align="center" style="text-align:center;"&gt;\n					&lt;b&gt;&lt;span style="line-height:150%;font-family:宋体;"&gt;营销管理&lt;span&gt;&lt;/span&gt;&lt;/span&gt;&lt;/b&gt;\n				&lt;/p&gt;\n			&lt;/td&gt;\n			&lt;td width="110" rowspan="2" valign="top" style="border:solid black 1.0pt;"&gt;\n				&lt;p class="MsoNormal"&gt;\n					&lt;span style="line-height:150%;font-family:宋体;"&gt;优惠券管理&lt;span&gt;&lt;/span&gt;&lt;/span&gt;\n				&lt;/p&gt;\n			&lt;/td&gt;\n			&lt;td width="123" valign="top" style="border:solid black 1.0pt;"&gt;\n				&lt;p class="MsoNormal"&gt;\n					&lt;span style="line-height:150%;font-family:宋体;"&gt;优惠券生成&lt;span&gt;&lt;/span&gt;&lt;/span&gt;\n				&lt;/p&gt;\n			&lt;/td&gt;\n			&lt;td width="635" rowspan="2" valign="top" style="border:solid black 1.0pt;"&gt;\n				&lt;p class="MsoNormal"&gt;\n					&lt;span style="line-height:150%;font-family:宋体;"&gt;具体信息：优惠券名称、面值、使用条件、有效期限、发放数量、说明&lt;span&gt;&lt;/span&gt;&lt;/span&gt;\n				&lt;/p&gt;\n			&lt;/td&gt;\n		&lt;/tr&gt;\n		&lt;tr&gt;\n			&lt;td width="123" valign="top" style="border:solid black 1.0pt;"&gt;\n				&lt;p class="MsoNormal"&gt;\n					&lt;span style="line-height:150%;font-family:宋体;"&gt;优惠券列表&lt;span&gt;&lt;/span&gt;&lt;/span&gt;\n				&lt;/p&gt;\n			&lt;/td&gt;\n		&lt;/tr&gt;\n		&lt;tr&gt;\n			&lt;td width="115" rowspan="4" valign="top" style="border:solid black 1.0pt;"&gt;\n				&lt;p class="MsoNormal" align="center" style="text-align:center;"&gt;\n					&lt;b&gt;&lt;span style="line-height:150%;font-family:宋体;"&gt;统计管理&lt;span&gt;&lt;/span&gt;&lt;/span&gt;&lt;/b&gt;\n				&lt;/p&gt;\n			&lt;/td&gt;\n			&lt;td width="110" rowspan="3" valign="top" style="border:solid black 1.0pt;"&gt;\n				&lt;p class="MsoNormal"&gt;\n					&lt;span style="line-height:150%;font-family:宋体;"&gt;数据统计&lt;span&gt;&lt;/span&gt;&lt;/span&gt;\n				&lt;/p&gt;\n			&lt;/td&gt;\n			&lt;td width="123" valign="top" style="border:solid black 1.0pt;"&gt;\n				&lt;p class="MsoNormal"&gt;\n					&lt;span style="font-family:宋体;"&gt;订单统计报表&lt;/span&gt;&lt;span style="line-height:150%;font-family:宋体;"&gt;&lt;/span&gt;\n				&lt;/p&gt;\n			&lt;/td&gt;\n			&lt;td width="635" valign="top" style="border:solid black 1.0pt;"&gt;\n				&lt;p class="MsoNormal"&gt;\n					&lt;span style="font-family:宋体;"&gt;具体信息：日期、新增用户数、订单数、小计金额、累计注册用户、合计金额&lt;/span&gt;&lt;span style="line-height:150%;font-family:宋体;"&gt;&lt;/span&gt;\n				&lt;/p&gt;\n			&lt;/td&gt;\n		&lt;/tr&gt;\n		&lt;tr&gt;\n			&lt;td width="123" valign="top" style="border:solid black 1.0pt;"&gt;\n				&lt;p class="MsoNormal"&gt;\n					&lt;span style="line-height:150%;font-family:宋体;"&gt;学员答题统计&lt;span&gt;&lt;/span&gt;&lt;/span&gt;\n				&lt;/p&gt;\n			&lt;/td&gt;\n			&lt;td width="635" valign="top" style="border:solid black 1.0pt;"&gt;\n				&lt;p class="MsoNormal"&gt;\n					&lt;span style="font-family:宋体;"&gt;具体信息：日期、学员姓名、答题数、错题数、答错率&lt;/span&gt;&lt;span style="line-height:150%;font-family:宋体;"&gt;&lt;/span&gt;\n				&lt;/p&gt;\n			&lt;/td&gt;\n		&lt;/tr&gt;\n		&lt;tr&gt;\n			&lt;td width="123" valign="top" style="border:solid black 1.0pt;"&gt;\n				&lt;p class="MsoNormal"&gt;\n					&lt;span style="line-height:150%;font-family:宋体;"&gt;班型销售报表&lt;span&gt;&lt;/span&gt;&lt;/span&gt;\n				&lt;/p&gt;\n			&lt;/td&gt;\n			&lt;td width="635" valign="top" style="border:solid black 1.0pt;"&gt;\n				&lt;p class="MsoNormal"&gt;\n					&lt;span style="font-family:宋体;"&gt;体信息：班型名称、报名数量、付款数量、付款金额、付费率（付款人数&lt;span&gt;/&lt;/span&gt;报名人数）&lt;/span&gt;&lt;span style="line-height:150%;font-family:宋体;"&gt;&lt;/span&gt;\n				&lt;/p&gt;\n			&lt;/td&gt;\n		&lt;/tr&gt;\n		&lt;tr&gt;\n			&lt;td width="110" valign="top" style="border:solid black 1.0pt;"&gt;\n				&lt;p class="MsoNormal"&gt;\n					&lt;span style="line-height:150%;font-family:宋体;"&gt;操作日志&lt;span&gt;&lt;/span&gt;&lt;/span&gt;\n				&lt;/p&gt;\n			&lt;/td&gt;\n			&lt;td width="123" valign="top" style="border:solid black 1.0pt;"&gt;\n				&lt;p class="MsoNormal"&gt;\n					&lt;span style="line-height:150%;font-family:宋体;"&gt;&nbsp;&lt;/span&gt;\n				&lt;/p&gt;\n			&lt;/td&gt;\n			&lt;td width="635" valign="top" style="border:solid black 1.0pt;"&gt;\n				&lt;p class="MsoNormal"&gt;\n					&lt;span style="line-height:150%;font-family:宋体;"&gt;可以查看到操作人员的相关日志，如：&lt;/span&gt;&lt;span style="font-family:宋体;"&gt;序号、操作人、角色、操作类型、内容、时间&lt;/span&gt;&lt;span style="line-height:150%;font-family:宋体;"&gt;&lt;/span&gt;\n				&lt;/p&gt;\n			&lt;/td&gt;\n		&lt;/tr&gt;\n	&lt;/tbody&gt;\n&lt;/table&gt;\n&lt;p class="MsoNormal" align="left"&gt;\n	&nbsp;\n&lt;/p&gt;', 0, 1, NULL, 1517290174000, NULL, NULL);
/*!40000 ALTER TABLE `adm_article` ENABLE KEYS */;

-- 导出  表 emis.adm_report_detail 结构
DROP TABLE IF EXISTS `adm_report_detail`;
CREATE TABLE IF NOT EXISTS `adm_report_detail` (
  `id` int(11) NOT NULL AUTO_INCREMENT,
  `reportid` int(11) NOT NULL COMMENT '报告id',
  `sort` int(11) NOT NULL COMMENT '序号',
  `content` varchar(200) NOT NULL COMMENT '内容',
  `finishdate` varchar(50) NOT NULL COMMENT '预计完成时间',
  `isfinish` int(2) NOT NULL DEFAULT '1',
  `creator` varchar(20) DEFAULT NULL,
  `createtime` bigint(20) DEFAULT NULL,
  `updatetime` bigint(20) DEFAULT NULL,
  `remark` varchar(50) DEFAULT NULL,
  PRIMARY KEY (`id`)
) ENGINE=InnoDB AUTO_INCREMENT=18 DEFAULT CHARSET=utf8 COMMENT='工作报告详情';

-- 正在导出表  emis.adm_report_detail 的数据：~5 rows (大约)
DELETE FROM `adm_report_detail`;
/*!40000 ALTER TABLE `adm_report_detail` DISABLE KEYS */;
INSERT INTO `adm_report_detail` (`id`, `reportid`, `sort`, `content`, `finishdate`, `isfinish`, `creator`, `createtime`, `updatetime`, `remark`) VALUES
	(8, 21, 1, '3453456', '4356', 1, NULL, NULL, NULL, NULL),
	(9, 22, 1, '23432', '324532', 2, NULL, NULL, NULL, NULL),
	(15, 27, 1, '2423', '324532', 2, NULL, NULL, NULL, NULL),
	(16, 23, 1, '2132', '32543', 2, NULL, NULL, NULL, NULL),
	(17, 30, 1, '32432', '3243', 2, NULL, NULL, NULL, NULL);
/*!40000 ALTER TABLE `adm_report_detail` ENABLE KEYS */;

-- 导出  表 emis.adm_report_examin 结构
DROP TABLE IF EXISTS `adm_report_examin`;
CREATE TABLE IF NOT EXISTS `adm_report_examin` (
  `id` int(11) NOT NULL AUTO_INCREMENT,
  `reportid` int(11) NOT NULL COMMENT '报告id',
  `theid` int(11) DEFAULT NULL COMMENT '审批人id',
  `content` varchar(2000) NOT NULL COMMENT '内容',
  `creator` varchar(20) DEFAULT NULL,
  `createtime` bigint(20) DEFAULT NULL,
  `updatetime` bigint(20) DEFAULT NULL,
  `remark` varchar(50) DEFAULT NULL,
  PRIMARY KEY (`id`),
  UNIQUE KEY `reportid` (`reportid`)
) ENGINE=InnoDB AUTO_INCREMENT=12 DEFAULT CHARSET=utf8 COMMENT='工作报告审批';

-- 正在导出表  emis.adm_report_examin 的数据：~4 rows (大约)
DELETE FROM `adm_report_examin`;
/*!40000 ALTER TABLE `adm_report_examin` DISABLE KEYS */;
INSERT INTO `adm_report_examin` (`id`, `reportid`, `theid`, `content`, `creator`, `createtime`, `updatetime`, `remark`) VALUES
	(4, 6, NULL, '432543543567576777777777777777777', NULL, 1516244006000, NULL, NULL),
	(6, 8, NULL, '43543654', NULL, 1516244314000, NULL, NULL),
	(7, 25, NULL, '32543', NULL, 1516265058000, NULL, NULL),
	(9, 27, NULL, '2345235', NULL, 1516275019000, NULL, NULL),
	(10, 26, NULL, '写的不错', NULL, 1516417824000, NULL, NULL),
	(11, 30, NULL, '245', NULL, 1516687755000, NULL, NULL);
/*!40000 ALTER TABLE `adm_report_examin` ENABLE KEYS */;

-- 导出  表 emis.adm_work_report 结构
DROP TABLE IF EXISTS `adm_work_report`;
CREATE TABLE IF NOT EXISTS `adm_work_report` (
  `id` int(11) NOT NULL AUTO_INCREMENT COMMENT 'id',
  `type` int(2) NOT NULL COMMENT '报告类型 1：日报，2：周报，3月报',
  `empid` int(11) NOT NULL COMMENT '职员id',
  `content` varchar(1000) DEFAULT NULL COMMENT '内容',
  `study` varchar(1000) DEFAULT NULL COMMENT '学习',
  `uncomplete` varchar(1000) DEFAULT NULL COMMENT '未完成的原因',
  `answer` varchar(1000) DEFAULT NULL COMMENT '未完成的对策和方法',
  `report_state` int(2) NOT NULL DEFAULT '1' COMMENT '是否有效 1：未审核，2：已审核',
  `examineid` int(11) DEFAULT NULL COMMENT '审核人id',
  `examinetime` bigint(20) DEFAULT NULL COMMENT '审核时间',
  `creator` varchar(20) DEFAULT NULL,
  `createtime` bigint(20) DEFAULT NULL,
  `updatetime` bigint(20) DEFAULT NULL,
  `remark` varchar(50) DEFAULT NULL,
  PRIMARY KEY (`id`)
) ENGINE=InnoDB AUTO_INCREMENT=32 DEFAULT CHARSET=utf8 COMMENT='工作报告';

-- 正在导出表  emis.adm_work_report 的数据：~5 rows (大约)
DELETE FROM `adm_work_report`;
/*!40000 ALTER TABLE `adm_work_report` DISABLE KEYS */;
INSERT INTO `adm_work_report` (`id`, `type`, `empid`, `content`, `study`, `uncomplete`, `answer`, `report_state`, `examineid`, `examinetime`, `creator`, `createtime`, `updatetime`, `remark`) VALUES
	(23, 2, 12, NULL, '43654', '43534', '43645', 1, NULL, NULL, NULL, 1516260629000, NULL, NULL),
	(26, 1, 12, '到玩儿个饭', '32543地方vgdf', NULL, NULL, 2, 12, 1516417824622, NULL, 1516265086000, NULL, NULL),
	(27, 2, 12, NULL, '', '', '', 2, 12, 1516275019556, NULL, 1516266709000, NULL, NULL),
	(29, 3, 12, NULL, '3245', '3432', '32432', 1, NULL, NULL, NULL, 1516270787000, NULL, NULL),
	(30, 2, 12, NULL, '', '', '', 2, 12, 1516687755514, NULL, 1516338870000, NULL, NULL),
	(31, 1, 12, 'dfsd', 'fsdfs', NULL, NULL, 1, NULL, NULL, NULL, 1516665580000, NULL, NULL);
/*!40000 ALTER TABLE `adm_work_report` ENABLE KEYS */;

-- 导出  表 emis.cus_customer 结构
DROP TABLE IF EXISTS `cus_customer`;
CREATE TABLE IF NOT EXISTS `cus_customer` (
  `id` int(11) NOT NULL AUTO_INCREMENT COMMENT 'id',
  `name` varchar(50) NOT NULL COMMENT '名称',
  `typeid` int(11) NOT NULL COMMENT '客户质量id',
  `follow` int(2) DEFAULT NULL COMMENT '跟进状态 1：除访，2：意向，3：报价，4：成交，5：搁置',
  `productid` int(11) DEFAULT NULL COMMENT '产品id',
  `worth` varchar(50) DEFAULT NULL COMMENT '预计销售额',
  `contacts` varchar(50) NOT NULL COMMENT '联系人',
  `phone` varchar(50) NOT NULL COMMENT '联系电话',
  `addr` varchar(50) NOT NULL COMMENT '地址',
  `empid` int(11) DEFAULT NULL COMMENT '负责人id',
  `industry` varchar(50) DEFAULT NULL COMMENT '所属行业',
  `scale` varchar(50) DEFAULT NULL COMMENT '人员规模',
  `source` varchar(50) DEFAULT NULL COMMENT '来源',
  `state` int(2) unsigned NOT NULL DEFAULT '0' COMMENT '是否有效 0：有效，1：无效',
  `creator` varchar(20) DEFAULT NULL,
  `createtime` bigint(20) DEFAULT NULL,
  `updatetime` bigint(20) DEFAULT NULL,
  `remark` varchar(50) DEFAULT NULL,
  PRIMARY KEY (`id`)
) ENGINE=InnoDB AUTO_INCREMENT=94 DEFAULT CHARSET=utf8 COMMENT='客户表';

-- 正在导出表  emis.cus_customer 的数据：~67 rows (大约)
DELETE FROM `cus_customer`;
/*!40000 ALTER TABLE `cus_customer` DISABLE KEYS */;
INSERT INTO `cus_customer` (`id`, `name`, `typeid`, `follow`, `productid`, `worth`, `contacts`, `phone`, `addr`, `empid`, `industry`, `scale`, `source`, `state`, `creator`, `createtime`, `updatetime`, `remark`) VALUES
	(14, '江西润泽文化传媒有限公司', 4, 4, NULL, NULL, '宁总', '13767982788', '南昌市紫阳大道88号', 12, '教育', '100', '朋友介绍', 0, NULL, 1516071976000, NULL, NULL),
	(16, '一汽海马', 3, 2, NULL, NULL, '奖经理', '18070598966', '南昌市洪都大道', 12, '汽车', '50', '网络', 0, NULL, 1516071976000, NULL, NULL),
	(17, '南昌正面教育科技有限公司', 3, 4, NULL, NULL, '彭小姐', '15970622793', '南昌市红谷滩新区世贸路', 12, '网络', '100', '朋友介绍', 0, NULL, 1516071976000, NULL, NULL),
	(19, '江西博大医疗技术研究院', 3, 4, NULL, NULL, '扬院长', '0791-88125611', '南昌市青山湖区上仿路省科学院', 12, '医疗', '20', '老客户改版', 0, NULL, NULL, NULL, NULL),
	(20, '直升机客户', 3, 3, NULL, NULL, '唐经理', '18979107412', '', 12, '', '', '网络', 0, NULL, 1516754020000, NULL, NULL),
	(21, '配菜系统客户', 3, 1, NULL, NULL, '李总', '13879133899', '', 12, '农业', '', '网络', 0, NULL, 1516788222000, NULL, NULL),
	(22, '仓储供应链系统', 4, 3, NULL, NULL, '魏经理', '15279996277', '', 12, '政府', '', '网络', 0, NULL, 1516788369000, NULL, NULL),
	(24, '德兴市金桥电子商务有限公司', 4, 4, NULL, NULL, '方总', '13879324775', '德兴滨河大道电子商务孵化基地', 12, '电子商务', '20', '网络', 0, NULL, 1516788960000, NULL, NULL),
	(25, '43543', 3, 1, NULL, NULL, '43564', '4354', '345', 75, '345', '345', '435', 0, NULL, 1516862259000, NULL, NULL),
	(26, '江西五谷村酒业有限公司', 2, 4, NULL, NULL, '陈总', '15179591896', '江西省宜春市上高县工业园区上荣路2号', 12, '酒业', '', '官网', 0, NULL, 1516929526000, NULL, NULL),
	(27, '瑞阳陶瓷集团', 4, 4, NULL, NULL, '王毅然', '18720458909', '', 12, '陶瓷', '', '网络', 0, NULL, 1516930216000, NULL, NULL),
	(28, '南昌弘艺文化艺术学校', 4, 4, NULL, NULL, '付阳', '13627086074', '', 12, '艺术教育', '', '老客户', 0, NULL, 1516930511000, NULL, NULL),
	(29, '高安市菜东家农产品电子商务有限公司', 3, 4, NULL, NULL, '卢总', '15207957787', '', 12, '农产品', '', '网络', 0, NULL, 1516930974000, NULL, NULL),
	(30, '养疗馆', 4, 4, NULL, NULL, '黄总', '15970244436', '', 12, '疗养', '', '网络', 0, NULL, 1516931392000, NULL, NULL),
	(31, '江西硒竹生态科技有限公司', 2, 4, NULL, NULL, '吴总', '15579615666', '', 12, '农产品', '', '网络', 0, NULL, 1516931601000, NULL, NULL),
	(32, '彩票', 3, 4, NULL, NULL, '刘', '15309289472', '', 12, '彩票', '', '网络', 0, NULL, 1516931880000, NULL, NULL),
	(33, '南昌弘艺文化艺术专修学校', 2, 4, NULL, NULL, '付阳', '13627086074', '', 12, '教育', '', '老客户', 0, NULL, 1516932273000, NULL, NULL),
	(34, '南昌正面教育科技有限公司', 4, 4, NULL, NULL, '潘志育', '18970857033', '', 12, '教育', '', '网络', 0, NULL, 1516932556000, NULL, NULL),
	(35, '南昌合合适适科技有限公司', 2, 4, NULL, NULL, '杨总', '15679238832', '', 12, '商城', '', '网络', 0, NULL, 1516932619000, NULL, NULL),
	(37, '商银融资租赁(广州)有限公司', 4, 4, NULL, NULL, '王金明', '18023600003', '', 12, '贷款', '', '网络', 0, NULL, 1516933848000, NULL, NULL),
	(38, '江西广聚文化传播有限公司', 4, 4, NULL, NULL, '章总', '18070120918', '', 12, '贷款', '', '网络', 0, NULL, 1516934034000, NULL, NULL),
	(39, '吉林市博洋科技有限公司', 4, 4, NULL, NULL, '于谨豪', '15143214845', '', 12, '社交', '', '网络', 0, NULL, 1516934953000, NULL, NULL),
	(40, '上海正市电子商务有限公司', 4, 4, NULL, NULL, '孔敏', '13907024336', '', 12, '农产品', '', '网络', 0, NULL, 1516935609000, NULL, NULL),
	(41, '潞城市扶贫开发中心', 4, 4, NULL, NULL, '申经理', '15735598166', '', 12, '办公', '', '网络', 0, NULL, 1516935702000, NULL, NULL),
	(42, '江西省盛英科技有限公司', 4, 4, NULL, NULL, '何总', '13367098555', '', 12, '农产品', '', '网络', 0, NULL, 1516935897000, NULL, NULL),
	(43, '江西臻睿网络科技股份有限公司', 4, 4, NULL, NULL, '聂小勇', '18070281118', '', 12, '', '', '网络', 0, NULL, 1516936430000, NULL, NULL),
	(44, '江西医盾教育咨询有限公司', 4, 4, NULL, NULL, '黄书明', '15970244436', '', 12, '教育', '', '网络', 0, NULL, 1516936515000, NULL, NULL),
	(45, '江西省华源电子商务发展有限公司', 4, 4, NULL, NULL, '熊高力', '17770592680', '', 12, '电器', '', '网络', 0, NULL, 1516936605000, NULL, NULL),
	(46, '上饶市家浚网络科技有限公司', 3, 4, NULL, NULL, '龚晨', '15579390999', '', 12, '', '', '网络', 0, NULL, 1516937023000, NULL, NULL),
	(47, '江西邦客仁网络科技有限公司', 2, 4, NULL, NULL, '黄总', '17770829097', '', 12, '电子商务', '', '网络', 0, NULL, 1516937155000, NULL, NULL),
	(48, '江西开云信息技术有限公司', 2, 4, NULL, NULL, '査磊明', '18688814681', '', 12, '仓储', '', '网络', 0, NULL, 1516943616000, NULL, NULL),
	(49, '江西育泊科技有限公司', 2, 4, NULL, NULL, '欧阳包华', '18070020527', '', 12, '停车', '', '网络', 0, NULL, 1516943845000, NULL, NULL),
	(50, '江西美盛文化传媒有限公司', 4, 4, NULL, NULL, '张伟', '18079115855', '', 12, '美妆', '', '网络', 0, NULL, 1516944094000, NULL, NULL),
	(51, '靖安县菜篮子电子商务有限公司', 2, 4, NULL, NULL, '胡从总', '17712012333', '', 12, '农产品', '', '网络', 0, NULL, 1516944302000, NULL, NULL),
	(52, '江西汇弘信息技术有限公司', 2, 4, NULL, NULL, '张功斌', '13770085501', '', 12, '办公', '', '网络', 0, NULL, 1516944502000, NULL, NULL),
	(53, '宁波大禾仪器有限公司', 3, 4, NULL, NULL, '郭庆辉', '13486003157', '', 12, '纺织', '', '网络 ', 0, NULL, 1516944703000, NULL, NULL),
	(54, '南昌车管家科技有限公司', 3, 4, NULL, NULL, '邓金斌', '18579101919', '', 12, '缴纳违章罚款', '', '网络', 0, NULL, 1516944834000, NULL, NULL),
	(55, '江西新洋文化艺术品电子商务有限公司', 3, 4, NULL, NULL, '黄总', '13870556693', '', 12, '拍卖', '', '网络', 0, NULL, 1516944956000, NULL, NULL),
	(56, '江西爱美创教育科技有限公司', 4, 4, NULL, NULL, '张亚芳', '18970026565', '', 12, '教育', '', '网络', 0, NULL, 1516945096000, NULL, NULL),
	(57, '江西省泓伟灏业商贸有限责任公司', 4, 4, NULL, NULL, '王志臣', '13970897999', '', 12, '电子商务', '', '网络', 0, NULL, 1516945532000, NULL, NULL),
	(58, '湖南省君浩网络科技有限公司', 4, 4, NULL, NULL, '曾朝军', '18975383855', '', 12, '电子商务', '', '网络', 0, NULL, 1516945804000, NULL, NULL),
	(59, '江西泰豪动漫职业学院', 3, 4, NULL, NULL, '黄佳俊', '18679138824', '', 12, '教育', '', '网络', 0, NULL, 1516948369000, NULL, NULL),
	(60, '邵阳市橘子教育咨询服务有限公司', 3, 4, NULL, NULL, '张晚英', '15580784296', '', 12, '教育咨询', '', '网络', 0, NULL, 1516948581000, NULL, NULL),
	(61, '江西武大扬帆科技有限公司', 3, 4, NULL, NULL, '张香峰', '0791-88350010', '', 12, '办公', '', '网络', 0, NULL, 1516948776000, NULL, NULL),
	(62, '西湖区博泰电脑经营部', 3, 4, NULL, NULL, '管仕标', '18970055553', '', 12, '电脑配件', '', '网络', 0, NULL, 1516948976000, NULL, NULL),
	(63, '江西省茗悦天下实业有限公司', 4, 4, NULL, NULL, '程叶红', '13970058597', '', 12, '茶叶', '', '网络', 0, NULL, 1516949078000, NULL, NULL),
	(64, '江西啃趣传媒有限公司', 3, 4, NULL, NULL, '郑营', '13330127300', '', 12, '电子竞技', '', '网络', 0, NULL, 1516949168000, NULL, NULL),
	(65, '江西金田粮油集团有限公司', 3, 4, NULL, NULL, '陈', '13507088289', '', 12, '大米', '', '网络', 0, NULL, 1516949423000, NULL, NULL),
	(66, '杭州吧唧吧唧科技有限公司', 4, 4, NULL, NULL, '龙尧', '18779131618', '', 12, '电子商务', '', '网络', 0, NULL, 1516950204000, NULL, NULL),
	(67, '新疆领尚网络服务有限公司', 3, 4, NULL, NULL, '牛凯伦', '17699111111', '', 12, '电子商务', '', '网络', 0, NULL, 1516950290000, NULL, NULL),
	(68, '南昌贝弗实业有限公司', 3, 4, NULL, NULL, '刘经理', '13755779398', '', 12, '电子商务', '', '网络', 0, NULL, 1516950426000, NULL, NULL),
	(69, '栋能新能源有限公司', 3, 4, NULL, NULL, '肖科林', '13402835278', '', 12, '新能源', '', '网络', 0, NULL, 1516950514000, NULL, NULL),
	(70, '景德镇市行天下智慧旅游发展有限公司', 4, 4, NULL, NULL, '冯伟', '18979876464', '', 12, '旅游', '', '网络', 0, NULL, 1516950609000, NULL, NULL),
	(71, '江西省酒牛牛电子商务有限公司', 4, 4, NULL, NULL, '袁斯弘', '15870685059', '', 12, '酒业', '', '网络', 0, NULL, 1516950696000, NULL, NULL),
	(72, '江西省八大画派教育咨询有限公司', 3, 4, NULL, NULL, '万强', '0791-88352618', '', 12, '教育', '', '网络', 0, NULL, 1516950821000, NULL, NULL),
	(73, '一分利汽配', 3, 4, NULL, NULL, '刘中奎', '13330106861', '', 12, '汽车配件', '', '网络', 0, NULL, 1516950955000, NULL, NULL),
	(74, '深圳在线交易科技有限公司', 3, 4, NULL, NULL, '曾永平', '13819611130', '', 12, '电子商务', '', '网络', 0, NULL, 1516951242000, NULL, NULL),
	(75, '福建自贸试验区厦门片区众福天下物联科技股份有限公司', 3, 4, NULL, NULL, '潘申松', '13283751319', '', 12, '电子商务', '', '网络', 0, NULL, 1516951405000, NULL, NULL),
	(76, '江西泽宇文化教育传播有限公司', 3, 4, NULL, NULL, '胡老师', '18079161888', '', 12, '教育', '', '网络', 0, NULL, 1516951508000, NULL, NULL),
	(77, '江西人为峰药业有限公司', 3, 4, NULL, NULL, '刘总', '13367085199', '', 12, '药业', '', '网络', 0, NULL, 1516951563000, NULL, NULL),
	(78, '淘囍网络科技公司', 3, 4, NULL, NULL, '万彪科', '13803504351', '', 12, '婚庆', '', '网络', 0, NULL, 1516951621000, NULL, NULL),
	(79, '江西润兴科技有限公司', 3, 4, NULL, NULL, '湛峰峰', '13755619113', '', 12, '检测', '', '网络', 0, NULL, 1516951702000, NULL, NULL),
	(80, '台州市懒汉搓衣洗涤有限公司', 3, 4, NULL, NULL, '张俊洋', '15888668838', '', 12, '洗衣', '', '网络', 0, NULL, 1516951852000, NULL, NULL),
	(81, '郴州市绿农农业开发有限公司', 3, 4, NULL, NULL, '宋总', '15096199649', '', 12, '农业', '', '网络', 0, NULL, 1516951947000, NULL, NULL),
	(82, '江西爱财有道金融服务有限公司', 3, 4, NULL, NULL, '张月娥', '18170849961', '', 12, '金融', '', '网络', 0, NULL, 1516952052000, NULL, NULL),
	(83, '江西全民英雄电子商务有限公司', 3, 4, NULL, NULL, '孙萧萧', '13716137071', '', 12, '电子商务', '', '网络', 0, NULL, 1516952163000, NULL, NULL),
	(84, '海口美兰洗尚洗护生活馆', 3, 4, NULL, NULL, '李洁宇', '13907580570', '', 12, '洗涤', '', '网络', 0, NULL, 1516952263000, NULL, NULL),
	(85, '江西辉业曲轴连杆制造有限公司', 3, 4, NULL, NULL, '钟小姐', '0791-85231225', '', 12, '汽车配件', '', '网络', 0, NULL, 1516952451000, NULL, NULL),
	(86, '南昌大茶埠网络技术服务有限公司', 3, 4, NULL, NULL, '周琦', '13601966001', '', 12, '茶叶', '', '网络', 0, NULL, 1516952603000, NULL, NULL),
	(87, '江西宁新新材料股份有限公司', 3, 4, NULL, NULL, '李海航', '13879582999', '', 12, '', '', '网络', 0, NULL, 1516952721000, NULL, NULL),
	(88, '江西佳力达照明有限公司', 3, 4, NULL, NULL, '龚绍平', '18827915029', '', 12, '照明', '', '网络', 0, NULL, 1516952843000, NULL, NULL),
	(89, '南昌富升装饰工程有限公司', 3, 4, NULL, NULL, '龚经理', '13767476723', '江西省南昌市青云谱区昌南工业园', 12, '家具', '20', '老客户', 0, NULL, 1517367319000, NULL, NULL),
	(90, '南昌市维远文仪家俱', 3, 4, NULL, NULL, '邓总', '13767048711', '南昌市小兰工业区', 12, '家具', '20', '老客户', 0, NULL, 1517369152000, NULL, NULL),
	(91, '法兰琳欧式家具厂', 3, 4, NULL, NULL, '王经理', '13755621275', '', 12, '家具', '', '老客户', 0, NULL, 1517371116000, NULL, NULL),
	(92, '江西力威家具有限公司', 4, 4, NULL, NULL, '陈总', '13576085791', '青云谱区广州路魏玛峰尚1区2栋2单元1004室', 12, '家具', '20', '老客户', 0, NULL, 1517377699000, NULL, NULL),
	(93, '白云驾校', 4, 3, NULL, NULL, '余主任', '13367090957', '南昌市高新开发区富大有堤', 12, '驾驶培训', '200', '介绍', 0, NULL, 1517620155000, NULL, NULL);
/*!40000 ALTER TABLE `cus_customer` ENABLE KEYS */;

-- 导出  表 emis.cus_product 结构
DROP TABLE IF EXISTS `cus_product`;
CREATE TABLE IF NOT EXISTS `cus_product` (
  `id` int(11) NOT NULL AUTO_INCREMENT COMMENT 'id',
  `name` varchar(50) NOT NULL COMMENT '名称',
  `cusid` int(11) DEFAULT NULL,
  `info` varchar(50) NOT NULL COMMENT '联系人',
  `state` int(2) NOT NULL DEFAULT '0' COMMENT '是否有效 0：有效，1：无效',
  `creator` varchar(20) DEFAULT '0',
  `createtime` bigint(20) DEFAULT NULL,
  `updatetime` bigint(20) DEFAULT NULL,
  `remark` varchar(50) DEFAULT NULL,
  PRIMARY KEY (`id`)
) ENGINE=InnoDB AUTO_INCREMENT=7 DEFAULT CHARSET=utf8 COMMENT='产品表';

-- 正在导出表  emis.cus_product 的数据：~4 rows (大约)
DELETE FROM `cus_product`;
/*!40000 ALTER TABLE `cus_product` DISABLE KEYS */;
INSERT INTO `cus_product` (`id`, `name`, `cusid`, `info`, `state`, `creator`, `createtime`, `updatetime`, `remark`) VALUES
	(3, '网站建设', NULL, '电脑版和手机版开发', 0, '0', NULL, NULL, NULL),
	(4, 'APP', NULL, '安卓和IOS原生开发', 0, '0', NULL, NULL, NULL),
	(5, '微信开发', NULL, '微网站和小程序开发', 0, '0', NULL, NULL, NULL),
	(6, '软件开发', NULL, '各类办公系统、SAAS系统、供应链系统开发', 0, '0', NULL, NULL, NULL);
/*!40000 ALTER TABLE `cus_product` ENABLE KEYS */;

-- 导出  表 emis.cus_product_cus 结构
DROP TABLE IF EXISTS `cus_product_cus`;
CREATE TABLE IF NOT EXISTS `cus_product_cus` (
  `id` int(11) NOT NULL AUTO_INCREMENT,
  `cusid` int(11) NOT NULL,
  `proid` int(11) NOT NULL,
  PRIMARY KEY (`id`)
) ENGINE=InnoDB AUTO_INCREMENT=186 DEFAULT CHARSET=utf8 COMMENT='产品客户关联表';

-- 正在导出表  emis.cus_product_cus 的数据：~95 rows (大约)
DELETE FROM `cus_product_cus`;
/*!40000 ALTER TABLE `cus_product_cus` DISABLE KEYS */;
INSERT INTO `cus_product_cus` (`id`, `cusid`, `proid`) VALUES
	(14, 9, 3),
	(15, 9, 4),
	(16, 9, 5),
	(17, 9, 6),
	(18, 11, 3),
	(19, 11, 4),
	(20, 11, 5),
	(21, 11, 6),
	(31, 4, 3),
	(32, 4, 4),
	(33, 4, 5),
	(34, 4, 6),
	(35, 14, 6),
	(36, 15, 3),
	(37, 16, 4),
	(38, 17, 3),
	(39, 18, 3),
	(40, 18, 4),
	(41, 18, 5),
	(42, 18, 6),
	(43, 19, 3),
	(44, 20, 4),
	(45, 21, 4),
	(46, 22, 5),
	(47, 23, 3),
	(48, 24, 3),
	(49, 25, 3),
	(52, 27, 5),
	(59, 30, 4),
	(68, 36, 5),
	(84, 32, 3),
	(85, 32, 4),
	(103, 26, 4),
	(104, 26, 5),
	(105, 58, 4),
	(106, 57, 3),
	(107, 57, 4),
	(108, 56, 3),
	(109, 55, 3),
	(110, 55, 4),
	(111, 54, 5),
	(112, 53, 3),
	(113, 52, 4),
	(114, 51, 4),
	(115, 50, 5),
	(116, 49, 4),
	(117, 49, 5),
	(118, 48, 3),
	(119, 47, 4),
	(120, 46, 4),
	(121, 45, 4),
	(122, 44, 4),
	(123, 43, 4),
	(124, 43, 5),
	(125, 42, 5),
	(126, 41, 3),
	(127, 41, 5),
	(128, 40, 4),
	(129, 39, 4),
	(130, 38, 5),
	(131, 37, 4),
	(132, 35, 3),
	(133, 35, 4),
	(134, 34, 3),
	(135, 33, 3),
	(136, 31, 3),
	(137, 31, 4),
	(139, 28, 3),
	(140, 59, 4),
	(141, 60, 4),
	(142, 61, 5),
	(143, 62, 5),
	(144, 63, 4),
	(145, 64, 3),
	(146, 65, 5),
	(147, 66, 4),
	(148, 67, 4),
	(149, 68, 5),
	(150, 69, 5),
	(151, 70, 3),
	(152, 70, 4),
	(153, 71, 3),
	(154, 71, 5),
	(155, 72, 3),
	(156, 73, 4),
	(157, 74, 4),
	(158, 75, 5),
	(159, 76, 3),
	(160, 77, 3),
	(161, 78, 4),
	(162, 79, 3),
	(163, 80, 4),
	(164, 80, 5),
	(165, 81, 4),
	(166, 81, 5),
	(167, 82, 3),
	(168, 83, 3),
	(169, 83, 5),
	(170, 84, 5),
	(171, 85, 3),
	(172, 86, 3),
	(173, 86, 4),
	(174, 87, 3),
	(175, 88, 3),
	(177, 89, 3),
	(178, 90, 3),
	(179, 90, 5),
	(180, 91, 3),
	(181, 91, 5),
	(182, 92, 3),
	(183, 92, 5),
	(184, 93, 4),
	(185, 29, 4);
/*!40000 ALTER TABLE `cus_product_cus` ENABLE KEYS */;

-- 导出  表 emis.cus_type 结构
DROP TABLE IF EXISTS `cus_type`;
CREATE TABLE IF NOT EXISTS `cus_type` (
  `id` int(11) NOT NULL AUTO_INCREMENT COMMENT 'id',
  `name` varchar(50) NOT NULL COMMENT '名称',
  `state` int(2) NOT NULL DEFAULT '0' COMMENT '是否有效 0：有效，1：无效',
  `creator` varchar(20) DEFAULT '0',
  `createtime` bigint(20) DEFAULT NULL,
  `updatetime` bigint(20) DEFAULT NULL,
  `remark` varchar(50) DEFAULT NULL,
  PRIMARY KEY (`id`)
) ENGINE=InnoDB AUTO_INCREMENT=5 DEFAULT CHARSET=utf8 COMMENT='客户类型';

-- 正在导出表  emis.cus_type 的数据：~2 rows (大约)
DELETE FROM `cus_type`;
/*!40000 ALTER TABLE `cus_type` DISABLE KEYS */;
INSERT INTO `cus_type` (`id`, `name`, `state`, `creator`, `createtime`, `updatetime`, `remark`) VALUES
	(2, '重要', 0, '0', NULL, NULL, NULL),
	(3, '普通', 0, '0', NULL, NULL, NULL),
	(4, '优质', 0, '0', NULL, NULL, NULL);
/*!40000 ALTER TABLE `cus_type` ENABLE KEYS */;

-- 导出  表 emis.cus_visit 结构
DROP TABLE IF EXISTS `cus_visit`;
CREATE TABLE IF NOT EXISTS `cus_visit` (
  `id` int(11) NOT NULL AUTO_INCREMENT COMMENT 'id',
  `cusid` int(11) NOT NULL COMMENT '客户id',
  `empid` int(11) NOT NULL COMMENT '业务员id',
  `info` varchar(200) DEFAULT NULL COMMENT '回访详情',
  `time` bigint(20) NOT NULL DEFAULT '0' COMMENT '回访时间',
  `creator` varchar(20) DEFAULT NULL,
  `createtime` bigint(20) DEFAULT NULL,
  `updatetime` bigint(20) DEFAULT NULL,
  `remark` varchar(50) DEFAULT NULL,
  PRIMARY KEY (`id`)
) ENGINE=InnoDB AUTO_INCREMENT=39 DEFAULT CHARSET=utf8 COMMENT='回访表';

-- 正在导出表  emis.cus_visit 的数据：~3 rows (大约)
DELETE FROM `cus_visit`;
/*!40000 ALTER TABLE `cus_visit` DISABLE KEYS */;
INSERT INTO `cus_visit` (`id`, `cusid`, `empid`, `info`, `time`, `creator`, `createtime`, `updatetime`, `remark`) VALUES
	(33, 243, 234, '32453', 3245, '0', NULL, NULL, NULL),
	(34, 13, 12, '3523', 1514790696000, NULL, NULL, NULL, NULL),
	(37, 16, 12, '3543', 1516153394000, NULL, NULL, NULL, NULL),
	(38, 14, 12, '和宁总再次沟通细节，变更合同，再付开发费用1万。', 1516236925000, NULL, NULL, NULL, NULL);
/*!40000 ALTER TABLE `cus_visit` ENABLE KEYS */;

-- 导出  表 emis.man_apply 结构
DROP TABLE IF EXISTS `man_apply`;
CREATE TABLE IF NOT EXISTS `man_apply` (
  `id` int(11) NOT NULL AUTO_INCREMENT COMMENT 'id',
  `uid` int(11) NOT NULL COMMENT '用户id',
  `type` int(2) NOT NULL COMMENT '类型1：情假，2：加班，3：外出，4：离职',
  `leave_type` int(2) DEFAULT NULL COMMENT '请假类型 1：事假，2：病假，3：婚假，4丧假',
  `starttime` bigint(20) NOT NULL DEFAULT '0' COMMENT '开始时间',
  `endtime` bigint(20) NOT NULL DEFAULT '0' COMMENT '结束时间',
  `state` int(2) NOT NULL DEFAULT '1' COMMENT '申请状态 1：审核中，2：通过，3：已取消，4：未通过',
  `cancel_info` varchar(50) DEFAULT '1' COMMENT '取消原因',
  `info` varchar(200) DEFAULT '0' COMMENT '详情',
  `creator` varchar(20) DEFAULT '0',
  `createtime` bigint(20) DEFAULT NULL,
  `updatetime` bigint(20) DEFAULT NULL,
  `remark` varchar(50) DEFAULT NULL,
  PRIMARY KEY (`id`)
) ENGINE=InnoDB AUTO_INCREMENT=24 DEFAULT CHARSET=utf8 COMMENT='申请表\n';

-- 正在导出表  emis.man_apply 的数据：~8 rows (大约)
DELETE FROM `man_apply`;
/*!40000 ALTER TABLE `man_apply` DISABLE KEYS */;
INSERT INTO `man_apply` (`id`, `uid`, `type`, `leave_type`, `starttime`, `endtime`, `state`, `cancel_info`, `info`, `creator`, `createtime`, `updatetime`, `remark`) VALUES
	(11, 4, 1, 2, 1515028945000, 1515633746000, 1, '1', '嘻嘻嘻', '0', NULL, NULL, NULL),
	(17, 19, 1, 1, 1515648618000, 1516167020000, 1, '1', '', '0', NULL, NULL, NULL),
	(18, 5, 1, 1, 1516065280000, 1516065282000, 1, '1', '21321', '0', NULL, NULL, NULL),
	(19, 12, 1, 1, 1516077204000, 1517459613000, 1, '1', 'fadsaf', '0', NULL, NULL, NULL),
	(20, 12, 1, 1, 1517984405000, 1518589208000, 3, '1', '', '0', NULL, NULL, NULL),
	(21, 12, 1, 1, 1515565346000, 1518070949000, 3, '1', '', '0', 1517466151000, NULL, NULL),
	(22, 12, 1, 1, 1517727740000, 1518073343000, 3, '1', '家里有事情', '0', 1517725655000, NULL, NULL),
	(23, 12, 1, 1, 1517727829000, 1517987032000, 1, '1', '朋友结婚', '0', 1517725742000, NULL, NULL);
/*!40000 ALTER TABLE `man_apply` ENABLE KEYS */;

-- 导出  表 emis.man_dept 结构
DROP TABLE IF EXISTS `man_dept`;
CREATE TABLE IF NOT EXISTS `man_dept` (
  `id` int(11) NOT NULL AUTO_INCREMENT COMMENT 'id',
  `name` varchar(50) NOT NULL COMMENT '名称',
  `parentid` int(11) DEFAULT NULL,
  `state` int(11) NOT NULL DEFAULT '0' COMMENT '0 正常 ，1 停用',
  `creator` varchar(20) DEFAULT '0',
  `createtime` bigint(20) DEFAULT NULL,
  `updatetime` bigint(20) DEFAULT NULL,
  `remark` varchar(50) DEFAULT NULL,
  PRIMARY KEY (`id`)
) ENGINE=InnoDB AUTO_INCREMENT=49 DEFAULT CHARSET=utf8 COMMENT='部门表';

-- 正在导出表  emis.man_dept 的数据：~17 rows (大约)
DELETE FROM `man_dept`;
/*!40000 ALTER TABLE `man_dept` DISABLE KEYS */;
INSERT INTO `man_dept` (`id`, `name`, `parentid`, `state`, `creator`, `createtime`, `updatetime`, `remark`) VALUES
	(26, '办公室', NULL, 0, '0', NULL, NULL, NULL),
	(27, '财务部', 26, 0, '0', NULL, NULL, NULL),
	(28, '行政人事部', 26, 0, '0', NULL, NULL, NULL),
	(31, '安卓部', NULL, 0, '0', NULL, NULL, NULL),
	(34, '苹果部', NULL, 0, '0', NULL, NULL, NULL),
	(35, '后台1部', 45, 0, '0', NULL, NULL, NULL),
	(36, '后台2部', 45, 0, '0', NULL, NULL, NULL),
	(37, '后台3部', 45, 0, '0', NULL, NULL, NULL),
	(38, '前端部', 39, 0, '0', NULL, NULL, NULL),
	(39, '项目部', NULL, 0, '0', NULL, NULL, NULL),
	(40, '美工部', 39, 0, '0', NULL, NULL, NULL),
	(42, '商务部', NULL, 0, '0', NULL, NULL, NULL),
	(44, '总经办', 26, 0, '0', NULL, NULL, NULL),
	(45, '后台部', NULL, 0, '0', NULL, NULL, NULL),
	(46, '商务1部', 42, 0, '0', NULL, NULL, NULL),
	(47, '策划部', 39, 0, '0', NULL, NULL, NULL),
	(48, '售后部', 39, 0, '0', NULL, NULL, NULL);
/*!40000 ALTER TABLE `man_dept` ENABLE KEYS */;

-- 导出  表 emis.man_emp 结构
DROP TABLE IF EXISTS `man_emp`;
CREATE TABLE IF NOT EXISTS `man_emp` (
  `id` int(11) NOT NULL AUTO_INCREMENT COMMENT 'id',
  `account` varchar(50) DEFAULT NULL COMMENT '账号',
  `name` varchar(50) NOT NULL COMMENT '名称',
  `deptid` int(11) NOT NULL COMMENT '部门id',
  `placeid` int(11) DEFAULT NULL COMMENT '职位id',
  `levelid` int(11) unsigned DEFAULT NULL COMMENT '等级id',
  `phone` varchar(11) DEFAULT NULL COMMENT '手机号',
  `identifier` varchar(50) NOT NULL COMMENT '工号',
  `idcard` varchar(50) NOT NULL COMMENT '身份证',
  `entry_time` bigint(20) NOT NULL COMMENT '入职日期',
  `birthday` bigint(20) NOT NULL COMMENT '生日',
  `sex` int(2) NOT NULL DEFAULT '1' COMMENT '性别 1：男 2:女',
  `contact_addr` varchar(200) DEFAULT NULL COMMENT '联系地址',
  `origin` varchar(50) DEFAULT NULL COMMENT '籍贯',
  `national` varchar(50) DEFAULT NULL COMMENT '名族',
  `political` varchar(50) DEFAULT NULL COMMENT '政治面貌 1：党员、2：团员、3：群众',
  `marriage` varchar(50) DEFAULT NULL COMMENT '婚姻状况 1已婚，2未婚，3离异 ',
  `height` int(11) DEFAULT NULL COMMENT '升高（cm）',
  `experience` varchar(50) DEFAULT NULL COMMENT '从业年限（年）',
  `health` varchar(50) DEFAULT NULL COMMENT '健康状况',
  `weight` int(11) DEFAULT NULL COMMENT '体重（kg）',
  `urgent_man` varchar(10) DEFAULT NULL COMMENT '紧急联系人',
  `urgent_phone` varchar(20) DEFAULT NULL COMMENT '紧急联系人电话',
  `reg_area` varchar(50) DEFAULT NULL COMMENT '户口所在地',
  `live_area` varchar(50) DEFAULT NULL COMMENT '现在家庭居住地址',
  `major` varchar(50) DEFAULT NULL COMMENT '专业',
  `graduation_school` varchar(50) DEFAULT NULL COMMENT '毕业学校',
  `graduation_time` bigint(20) DEFAULT NULL COMMENT '毕业时间',
  `education` varchar(50) DEFAULT NULL COMMENT '学历 1：小学、2：初中、3：高中（职高、中专，4：大专（高职）、5：本科、6：研究生',
  `certificate` varchar(50) DEFAULT NULL COMMENT '已有职称或证书',
  `pwd` varchar(50) DEFAULT NULL COMMENT '密码',
  `state` int(2) NOT NULL DEFAULT '0' COMMENT '状态 0：正常，1：停用',
  `isvalid` int(2) DEFAULT '1' COMMENT '是否有效(0 无效 1有效)',
  `creator` varchar(20) DEFAULT NULL,
  `createtime` bigint(20) DEFAULT NULL,
  `updatetime` bigint(20) DEFAULT NULL,
  `remark` varchar(50) DEFAULT NULL,
  PRIMARY KEY (`id`)
) ENGINE=InnoDB AUTO_INCREMENT=77 DEFAULT CHARSET=utf8 COMMENT='员工表\r\n';

-- 正在导出表  emis.man_emp 的数据：~64 rows (大约)
DELETE FROM `man_emp`;
/*!40000 ALTER TABLE `man_emp` DISABLE KEYS */;
INSERT INTO `man_emp` (`id`, `account`, `name`, `deptid`, `placeid`, `levelid`, `phone`, `identifier`, `idcard`, `entry_time`, `birthday`, `sex`, `contact_addr`, `origin`, `national`, `political`, `marriage`, `height`, `experience`, `health`, `weight`, `urgent_man`, `urgent_phone`, `reg_area`, `live_area`, `major`, `graduation_school`, `graduation_time`, `education`, `certificate`, `pwd`, `state`, `isvalid`, `creator`, `createtime`, `updatetime`, `remark`) VALUES
	(12, 'admin', '艾鹏鹏', 44, 31, 21, '18970825117', 'jr0001', '360122198611200311', 1317427200000, 1515801600000, 1, NULL, '赣', '', '2', '1', 180, '1', '良好', 70, '李培', '18970985102', '江西省南昌市新建县松湖镇三埂村上埂自然村002号', '', '', '', 1231286400000, '4', '', '', 0, 0, NULL, NULL, NULL, ''),
	(13, '', ' 邢碧珍', 27, 35, 28, '13879131549', 'jr0017', '362229199312021643', 1452211200000, 754790400000, 2, NULL, '赣', '汉', '2', '2', 160, '2', '良好', 50, '孙骏', '17687911202', '江西省宜春市宜丰县天宝乡邢家村8号附1号', '南昌', '会计', '江西经济管理干部学院', 1467331200000, '4', '无', '', 0, 0, NULL, NULL, NULL, ''),
	(15, '', '贺容', 28, 32, 27, '18379131549', 'jr0070', '360313199502184024', 1511136000000, 793065600000, 2, NULL, '赣', '汉', '2', '2', 172, '1', '良', 60, '朱宇捷', '13257911945', '江西省萍乡市湘东区东桥镇黄泥湖村苍下组29号', '', '会计', '江西科技学院', 1498867200000, '5', '会计从业资格证', '', 0, 0, NULL, NULL, NULL, ''),
	(16, '', '杨飞', 31, 37, 35, '18379190283', 'jr0029', '362322199602090373', 1475884800000, 823824000000, 1, NULL, '赣', '汉', '2', '2', 160, '1', '良好', 60, '王水坡', '18379190035', '江西省上饶市广丰县洋口镇蔡村村杨家64号', '', '软件技术', '江西工业贸易职业技术学院', 1499644800000, '4', '', '', 0, 0, NULL, NULL, NULL, ''),
	(17, '', '肖锦华', 31, 39, 38, '15070069056', 'jr0009', '362502199508292214', 1452729600000, 809654400000, 1, NULL, '赣', '汉', '2', '2', 170, '2', '良好', 57, '肖阳梅', '15010069056', '江西省抚州市临川区云山镇肖坊村肖家组', '', '软件技术', '江西工业贸易职业技术学院', 1499644800000, '4', '', '', 0, 0, NULL, NULL, NULL, ''),
	(18, '', '王水坡', 31, 37, 34, '18379190035', 'jr0049', '362322199508106674', 1491436800000, 808012800000, 1, NULL, '赣', '汉', '2', '2', 178, '1', '良好', 58, '王樟树', '13879337219', '江西省上饶市广丰县下溪镇杨家村周家44号', '', '软件技术', '江西工业贸易职业技术学院', 1499644800000, '4', '', '', 0, 0, NULL, NULL, NULL, ''),
	(19, '', '吕子豪', 31, 37, 33, '15179170547', 'jr0008', '362322199605232437', 1452211200000, 832809600000, 1, NULL, '赣', '汉', '2', '2', 172, '2', '良好', 70, '张龙刚', '18667107015', '江西省上饶市广丰县泉波镇梧桐坞村塘丰坞9号', '', '软件技术', '江西工业贸易职业技术学院', 1499644800000, '4', '', '', 0, 0, NULL, NULL, NULL, ''),
	(20, '', '何赖贵', 31, 37, 33, '15070402940', 'jr0030', '362428199610297714', 1476662400000, 846547200000, 1, NULL, '赣', '汉', '2', '2', 173, '1', '良好', 80, '何东华', '18770573772', '江西省吉安市万安县涧田乡小溪村何屋23号', '', '软件技术', '江西工业贸易职业技术学院', 1499644800000, '4', '', '', 0, 0, NULL, NULL, NULL, ''),
	(21, '', '李宏', 31, 37, 30, '13027232809', 'jr0042', '360722199612106332', 1488153600000, 850176000000, 1, NULL, '赣', '汉 ', '2', '2', 182, '1', '良好', 67, '李水生', '18370882097', '江西省赣州市信丰县油山镇新水塘村禾场背021号', '', '软件技术', '江西生物科技职业学院', 1528588800000, '4', '', '', 0, 0, NULL, NULL, NULL, ''),
	(22, '', '张礼晖', 31, 37, 29, '15397912624', 'jr0043 ', '36073119960921657X', 1488153600000, 843264000000, 1, NULL, '赣', '汉', '2', '2', 165, '1', '良好', 50, '张满长', '15397912624', '江西省赣州市于都县葛坳乡龙井村良下组8号', '', '软件开发', '江西生物科技职业学院', 1528588800000, '4', '', '', 0, 0, NULL, NULL, NULL, ''),
	(23, '', '王志辉', 31, 37, 28, '17679119063', 'jr0044', '360731199603245337', 1488240000000, 827625600000, 1, NULL, '赣', '汉', '2', '2', 160, '', '良好', 48, '父亲', '18370993698', '江西省赣州市于都县车溪乡坝脑村下头组78号', '', '软件开发', '江西生物科技职业学院', 1528588800000, '4', '', '', 0, 0, NULL, NULL, NULL, ''),
	(24, '', '冯旭', 31, 37, 27, '15979106269', 'jr0034', '372929199701173931', 1484352000000, 853459200000, 1, NULL, '赣', '汉', '2', '2', 182, '', '良好', 85, '刘顺利', '15862117925', '山东省鄄城县董口镇大冯庄行政村东冯庄村215号', '', '软件技术', '南昌理工学院', 1497052800000, '4', '', '', 0, 0, NULL, NULL, NULL, ''),
	(25, '', '郭先颖', 31, 37, 24, '15879080050', '0', '330681199512253318', 1512000000000, 819849600000, 1, NULL, '浙江', '汉', '2', '2', 178, '', '良好', 65, '周学香', '13456554116', '浙江省诸曁市牌头镇双高村320号', '', '计算机科学与技术', '江西师范大学', 1530403200000, '5', '', '', 0, 0, NULL, NULL, NULL, ''),
	(26, '', '吴铭', 31, 37, 25, '15180602747', '0', '360426199610080019', 1514592000000, 844732800000, 1, NULL, '江西', '汉', '2', '2', 175, '', '', 60, '柯细娥', '13870293334', '江西省九江市德安县薄亭镇五里墩路1号附1040号', '', '软件技术', '江西制造职业技术学院', 1531180800000, '4', '', '', 0, 0, NULL, NULL, NULL, ''),
	(27, '', '张龙刚', 34, 43, 39, '18667107015', 'jr0012', '150428199307111517', 1458950400000, 742348800000, 1, NULL, '内蒙古', '蒙古', '3', '2', 168, '2', '', 150, '张志杰', '18667107015', '内蒙古赤峰市红山区三东街南六小综合楼451号', '', '电气工程及其自动化', '南昌理工学院', 1433116800000, '4', '', '', 0, 0, NULL, NULL, NULL, ''),
	(28, '', '钟罗发', 34, 44, 34, '15070154362', 'jr0019', '360781199610086614', 1470873600000, 821059200000, 1, NULL, '江西', '汉', '3', '1', 175, '', '', 118, '钟根发', '15270154362', '江西省瑞金市万田乡万田村破塘小组34号', '', '计算机应用', '江西生物科技职业学院', 1527811200000, '4', '', '', 0, 0, NULL, NULL, NULL, ''),
	(29, '', '汤文洪', 34, 44, 33, '13677967482', 'jr0018', '362401199704084015', 1470787200000, 860457600000, 1, NULL, '江西', '汉', '2', '2', 173, '', '', 108, '汤发达 ', '13677967482', '江西省吉安市吉州区兴桥镇虎溪教源村29栋', '', '计算机应用', '江西生物科技职业学院', 1528588800000, '4', '', '', 0, 0, NULL, NULL, NULL, ''),
	(30, '', '胡俊杰', 34, 44, 33, '15779245326', 'jr0020', '36042519960811173X', 1470960000000, 839721600000, 1, NULL, '江西省', '汉', '2', '2', 170, '', '', 130, '胡才忠', '13870276472', '江西省九江市永修县吴城镇环城东路110号', '', '计算机应用', '江西生物科技职业学院', 1528588800000, '4', '', '', 0, 0, NULL, NULL, NULL, ''),
	(31, '', '齐松松', 34, 44, 27, '15720932864', 'jr0054', '362329199508045351', 1499040000000, 807494400000, 1, NULL, '江西', '汉', '2', '2', 170, '', '', 55, '郑秀英', '13677939928', '江西省上饶市余干县黄金埠高峰镇头坳组3', '', '软件技术', '江西农业工程职业学院', 1528588800000, '4', '', '', 0, 0, NULL, NULL, NULL, ''),
	(32, '', '程勇辉', 34, 44, 27, '15083839769', 'jr0055', '360122199506250936', 1499040000000, 804038400000, 1, NULL, '江西', '汉', '2', '2', 165, '', '', 55, '程有林', '15070425581', '江西省南昌市新建县西山镇嵩岗村程家自然村15号', '', '软件技术', '江西农业工程职业学院', 1530403200000, '4', '', '', 0, 0, NULL, NULL, NULL, ''),
	(33, '', '徐文祥', 34, 44, 24, '17779146887', 'jr0069', '360281199510065413', 1506556800000, 812937600000, 1, NULL, '江西', '汉', '2', '2', 165, '', '', 52, '海英', '13197984280', '江西省乐平市众埠镇尚濂咀村187号', '', '计算机应用', '江西生物科技职业学院', 1528588800000, '4', '', '', 0, 0, NULL, NULL, NULL, ''),
	(34, '', '万冲', 35, 61, 32, '15374265341', 'jr0014', '362202199405222532', 1469404800000, 769564800000, 1, NULL, '江西省', '汉', '3', '2', 165, '', '', 48, '万冬红', '18870955011', '江西省丰城市曲江镇暗山村神仙岗组79号', '', '', '江西曲江中学', 1277942400000, '2', '', '', 0, 0, NULL, NULL, NULL, ''),
	(35, '', '丁永文 ', 35, 45, 23, '18146708506', 'jr0058', '362228199503030511', 1500854400000, 794188800000, 1, NULL, '江西', '汉', '2', '2', 168, '', '', 53, '刘小荣', '18279915667', '江西省宜春市上高县锦江镇锦河村楼子下24号附2号', '', '机电一体化技术', '江西现代职业技术学院', 1468540800000, '4', '', '', 0, 0, NULL, NULL, NULL, ''),
	(36, '', '揭锦涛', 35, 45, 23, '18270896758', '0', '362424199608302515', 1511913600000, 841363200000, 1, NULL, '江西省', '汉', '3', '1', 170, '', '', 60, '揭新红', '13960237249', '江西省吉安市新干县城上乡城上街173号', '', '计算机科学与技术', '华东交通大理工学院', 1530403200000, '5', '', '', 0, 0, NULL, NULL, NULL, ''),
	(37, '', '宋美娟', 36, 62, 31, '18970904745', 'jr0010', '362422198706048429', 1455494400000, 549763200000, 2, NULL, '江西省', '汉', '1', '1', 160, '', '', 58, '宋科', '18970904745', '江西省南昌市东湖区洪都北大道96号', '', '信息管理与信息技术', '南昌航空大学', 1214870400000, '5', '', '', 0, 0, NULL, NULL, NULL, ''),
	(38, '', '郭登科', 36, 46, 23, '13184602920', 'jr0061', '360429199212220011', 1502841600000, 724982400000, 1, NULL, '江西省', '汉', '2', '2', 172, '', '', 90, '秦达', '18720193113', '江西省九江市湖口县双钟镇北门街路17号', '', '报关 ', '青岛港湾职业技术学院', 1404172800000, '4', '', '', 0, 0, NULL, NULL, NULL, ''),
	(39, '', '刘利华', 36, 46, 23, '18279409828', 'jr0064', '360321199405136012', 1504137600000, 768787200000, 1, NULL, '', '', '3', '2', 165, '', '', 60, '刘利鹤', '13879903774', '江西省萍乡市莲花县路口镇湖塘村湖塘43号', '', '测绘工程', '华东理工大学长江学院', 1467331200000, '5', '', '', 0, 0, NULL, NULL, NULL, ''),
	(40, '', '陈娟', 36, 46, 24, '15270914458', 'jr0068', '420222199305133807', 1507334400000, 737251200000, 2, NULL, '湖北', '汉', '2', '2', 0, '', '', 0, '0', '0', '湖北省阳新县浮屠镇下秦村集义七组372号', '', '信管', '江西师范大学', 1470009600000, '5', '', '', 0, 0, NULL, NULL, NULL, ''),
	(41, '', '熊武', 36, 46, 25, '13576267617', 'jr0038', '360122199606172410', 1486944000000, 824515200000, 1, NULL, '江西省', '汉', '2', '2', 173, '', '', 90, '父亲', '13970975928', '江西省南昌市红谷滩新区生米镇长岗村老屋自然村12号', '', '计算机应用', '新余学院', 1496275200000, '4', '', '', 0, 0, NULL, NULL, NULL, ''),
	(42, '', '曾宪浚', 36, 46, 23, '18779865407', '0', '36242619961121771x', 1510272000000, 848534400000, 1, NULL, '江西', '汉', '2', '2', 167, '', '', 60, '曾照薪', '15579100375', '江西省吉安市泰和县苑前镇琴塘村琴塘老居62号', '', '计算机应用', '江西制造职业技术学院', 1498867200000, '4', '', '', 0, 0, NULL, NULL, NULL, ''),
	(43, '', '李桂仲', 36, 46, 23, '18870971253', '0', '360722199711281814', 1509494400000, 880675200000, 1, NULL, '江西', '汉', '2', '2', 165, '', '', 60, '李兴华', '15083713309', '江西省赣州市信丰县大塘埠镇和丰村卫下9号', '', '电子商务', '江西农业大学', 1498867200000, '4', '', '', 0, 0, NULL, NULL, NULL, ''),
	(44, '', '吴圣杰', 36, 46, 23, '15579117553', '0', '360124199801070033', 1509494400000, 884131200000, 1, NULL, '江西省', '汉', '2', '2', 173, '', '', 125, '吴友义', '15007005330', '江西省南昌市进贤县民和镇军湖路438号', '', '电子商务', '江西农业大学', 1498867200000, '4', '', '', 0, 0, NULL, NULL, NULL, ''),
	(45, 'lxr', '刘小荣', 36, 46, 31, '18279915667', 'jr0057', '362422199509266712', 1499904000000, 812073600000, 1, NULL, '江西', '汉', '2', '2', 175, '', '', 55, '曾玉连', '18770860686', '江西省吉安市吉水县白沙镇本滩村本滩自然村20号', '', '软件技术', '江西工业职业技术学院', 1498867200000, '4', '', '123123', 0, 0, NULL, NULL, NULL, ''),
	(46, '', '廖成辉', 37, 47, 29, '15770637414', 'jr0022', '263426199810025817', 1471824000000, 907286400000, 1, NULL, '江西省', '汉', '3', '2', 168, '', '', 52, '廖书芳', '17707968214', '江西省吉安市泰和县上圯乡西岗村十三组2号', '', '', '泰和中学', 1389052800000, '4', '', '', 0, 0, NULL, NULL, NULL, ''),
	(47, '', '朱强', 37, 47, 21, '18807095625', 'jr0063', '360122199204100617', 1503878400000, 702864000000, 1, NULL, '江西省', '汉', '2', '2', 180, '', '', 95, '王志如', '18397919323', '江西省南昌市新建县石岗镇朱坊村朱家自然村76号', '', '数控编程', '南昌大学', 1435708800000, '4', '', '', 0, 0, NULL, NULL, NULL, ''),
	(48, '', '熊辉祥', 37, 47, 21, '15779299710', '0', '360122199612011517', 1509580800000, 849398400000, 1, NULL, '江西省', '汉', '3', '1', 178, '', '', 73, '熊爱民', '15717929710', '江西省南昌市新建区流湖乡义渡村港头毛家自然村51', '', '土木工程', '南昌大学共青学院', 1498867200000, '4', '', '', 0, 0, NULL, NULL, NULL, ''),
	(49, '', '万姜华', 37, 47, 21, '18070398177', 'jr0060', '360121199506215579', 1502755200000, 803692800000, 1, NULL, '江西省', '汉', '2', '2', 168, '', '', 80, '万云', '13307085308', '江西省南昌市南昌县塔城乡塔城村万村自然村23号', '', '机电一体化', '江西工业贸易职业技术学院', 1498867200000, '4', '', '', 0, 0, NULL, NULL, NULL, ''),
	(50, '', '李涛涛', 37, 47, 21, '15579181108', '0', '360122199408101515', 1512086400000, 776476800000, 1, NULL, '江西省', '汉', '2', '2', 160, '', '', 51, '李伍生', '15579181108', '江西省南昌市新建县流湖乡大岗村夏家渡自然村58号附57号', '', '模具设计与制造', '江西科技学院', 1530403200000, '4', '', '', 0, 0, NULL, NULL, NULL, ''),
	(51, '', '余龚', 37, 47, 21, '13667096146', '0', '362201199303074878', 1512345600000, 731462400000, 1, NULL, '江西省', '汉', '2', '2', 174, '', '', 73, '余海清', '13507995198', '江西省宜春市袁州区慈化镇余坊村彭井组14号', '', '软件工程', '东华理工大学长江学院', 1496275200000, '5', '', '', 0, 0, NULL, NULL, NULL, ''),
	(52, '', '张琦', 37, 47, 21, '18710614188', '0', '610425199406121317', 1513814400000, 771379200000, 1, NULL, '陕西省', '汉', '2', '2', 180, '', '', 65, '张文通', '15129532081', '陕西省礼泉县西张堡镇三姓村一组', '', '机械制造与自动化', '陕西航空职业技术学院', 1498867200000, '4', '', '', 0, 0, NULL, NULL, NULL, ''),
	(53, '', '张毅', 37, 47, 23, '18979951046', '0', '622424199506051616', 1512950400000, 802310400000, 1, NULL, '甘肃省', '汉', '2', '2', 180, '', '', 60, '张挂锁', '18093255901', '甘肃省通渭县鸡川镇许家堡村东坡村社25号', '', '软件技术', '萍乡学院', 1530403200000, '4', '', '', 0, 0, NULL, NULL, NULL, ''),
	(54, '', '周宇松', 37, 47, 21, '15727605118', '0', '362424199405085418', 1513123200000, 768355200000, 1, NULL, '江西省', '汉', '2', '2', 175, '', '', 51, '李康玉', '13753633268', '江西省吉安市新干县界埠乡武湖村前自然村7号', '', '模具设计与制造', '江西工业贸易职业技术学院', 1530403200000, '4', '', '', 0, 0, NULL, NULL, NULL, ''),
	(55, '', '朱洪相晗', 37, 47, 21, '17579085667', '0', '360203199608013014', 1513987200000, 839462400000, 1, NULL, '上海市', '汉', '2', '2', 175, '', '', 61, '余爱清', '17679085667', '上海市浦东新区华夏西路5677号', '', '海关管理', '上海海关学院', 1498867200000, '5', '', '', 0, 0, NULL, NULL, NULL, ''),
	(56, '', '黄海波', 37, 47, 21, '18720627130', '0', '362201199504213619', 1514851200000, 793324800000, 1, NULL, '江西省', '汉', '2', '2', 170, '', '', 60, '黄长发', '13479578368', '江西省宜春市袁州区辽区乡上石村华宗组39号', '', '计算机网络技术', '南昌大学', 1527811200000, '4', '', '', 0, 0, NULL, NULL, NULL, ''),
	(57, '', '张云龙', 39, 70, 35, '18279119805', 'jr0032', '36233419821009531x', 1478044800000, 402969600000, 1, NULL, '江西省', '汉', '3', '1', 170, '', '', 60, '朱莎', '18770093612', '江西省上饶市婺源县镇头镇张村溪坑6号', '', '0', '婺源天佑中学', 867715200000, '3', '', '', 0, 0, NULL, NULL, NULL, ''),
	(58, '', '戴艳龙', 47, 68, 36, '15070004449', 'jr0003', '360122199610140358', 1336780800000, 845251200000, 1, NULL, '江西省', '汉', '3', '1', 180, '', '', 70, '余小雪', '15180445144', '江西省南昌市新建县松湖镇港西村洗头自然村005号', '', '数控', '江西省电子信息技师学院   ', 1293840000000, '4', '', '', 0, 0, NULL, NULL, NULL, ''),
	(59, '', '刘顺利', 38, 48, 27, '15862117925', 'jr0031', '320323199603131816', 1477008000000, 826675200000, 1, NULL, '江苏', '汉', '2', '2', 173, '', '', 63, '刘福建', '15152107925', '江苏省徐州市铜山去汉王镇丁塘村2队218号', '', '软件技术', '南昌理工学院', 1467331200000, '4', '', '', 0, 0, NULL, NULL, NULL, ''),
	(60, '', '栗婷', 38, 49, 24, '15579182296', 'jr0058', '140481199502226504', 1503446400000, 793411200000, 2, NULL, '山西省', '汉', '2', '2', 162, '', '', 40, '栗怀兵', '13223550116', '山西省潞城市店上镇东白兔村102号', '', '建筑装饰', '江西应用科技学院', 1498867200000, '4', '', '', 0, 0, NULL, NULL, NULL, ''),
	(61, '', '梁盼', 38, 49, 24, '18270222462', 'jr0059', '36042419980808299X', 1504742400000, 902534400000, 1, NULL, '江西省', '汉', '2', '2', 172, '', '', 62, '梁学归', '15158516922', '江西省九江市修水县西港镇西港村二组13号', '', '平面设计', '修水职业学校', 1488326400000, '4', '', '', 0, 0, NULL, NULL, NULL, ''),
	(62, '', '江雪萌', 38, 49, 23, '18979247874', '0', '360421199702136620', 1513555200000, 855792000000, 2, NULL, '江西省', '汉', '2', '2', 158, '', '', 41, '江红', '18979247874', '江西省九江市九江县沙河乡石门村十七组庐山北路16号', '', '计算机与应用技术', '江西信息应用职业技术学院', 1530403200000, '4', '', '', 0, 0, NULL, NULL, NULL, ''),
	(63, '', '刘丽', 40, 51, 31, '18246115227', 'jr0050', '231026199305093323', 1490572800000, 736905600000, 2, NULL, '黑龙江', '汉', '2', '2', 160, '', '', 50, '林诩', '18152026699', '黑龙江省密山市富源乡金沙村委会2组', '', '工业设计', '哈尔滨理工大学', 1435708800000, '5', '', '', 0, 0, NULL, NULL, NULL, ''),
	(64, '', '夏世萍', 40, 52, 27, '15932972103', 'jr0033', '362531199607245423', 1478822400000, 838166400000, 2, NULL, '江西省', '汉', '2', '2', 151, '', '', 80, '周浅', '18979465516', '江西省抚州市东乡县黎圩镇西村中位组037号', '', '计算机应用', '江西生物科技职业技术学院', 1527811200000, '4', '', '', 0, 0, NULL, NULL, NULL, ''),
	(65, '', '裘红艳', 47, 68, 32, '18858151090', 'jr0011', '360122199501213028', 1457913600000, 790646400000, 2, NULL, '江西省', '汉', '2', '2', 158, '', '', 94, '魏敏', '18858267130', '江西省南昌市新建县乐化镇乐化村荷坊自然村40号', '', '计算机', '南昌航空大学', 1498867200000, '4', '', '', 0, 0, NULL, NULL, NULL, ''),
	(66, '', '龚聪', 40, 52, 29, '15270034193', 'jr0039', '360123199708230323', 1486944000000, 872294400000, 2, NULL, '江西省', '汉', '2', '2', 160, '', '', 108, '夏世萍', '15932972103', '江西省南昌市安义县东阳镇云溪村樟桶村小组8号', '', '电脑设计技术', '南昌技师学院', 1435708800000, '4', '', '', 0, 0, NULL, NULL, NULL, ''),
	(67, '', '万方方', 40, 52, 31, '15170043979', 'jr0056', '360122199309181222', 1499644800000, 748310400000, 2, NULL, '江西省', '汉', '2', '2', 161, '', '', 49, '万志叶', '18270810490', '江西省南昌市新建县石埠乡璜源村万家自然村6号', '', '会计', '江南大学', 1517443200000, '4', '', '', 0, 0, NULL, NULL, NULL, ''),
	(68, '', '余玲玲', 40, 53, 29, '18279150734', 'jr0059', '362322199407018421', 1502668800000, 773020800000, 2, NULL, '江西省', '汉', '2', '3', 160, '', '', 46, '徐素贞', '13755744528', '江西省上饶市广丰县霞峰镇三里村内三里塘55号', '', '电子商务', '南昌理工学院', 1498867200000, '4', '', '', 0, 0, NULL, NULL, NULL, ''),
	(69, '', '刘玉鸾', 48, 69, 30, '18720245015', 'jr0023', '36042919970616032X', 1472428800000, 866419200000, 2, NULL, '江西省', '汉', '2', '2', 160, '', '', 50, '鲍娟', '18720245015', '', '', '电子技术', '江西省九江市职业技术学院', 1498867200000, '4', '', '', 0, 0, NULL, NULL, NULL, '离职'),
	(70, '', '傅黎明', 46, 56, 30, '18079112514', 'jr0004', '342601199106085613', 1475280000000, 676339200000, 1, NULL, '安徽省', '汉', '2', '2', 173, '', '', 80, '傅桥云', '15215657162', '安徽省巢湖市苏湾镇苏湾居委会傅冲自然村', '', '', '巢湖市黄山中学', 1277942400000, '3', '', '', 0, 0, NULL, NULL, NULL, ''),
	(71, '', '李培', 46, 55, 30, '18970985102', 'jr0055', '342222198606210463', 1496448000000, 519696000000, 2, NULL, '安徽省', '汉', '2', '1', 158, '', '', 48, '艾鹏鹏', '18970825117', '安徽省宿州市萧县黄口镇新楼行政村丹楼自然村24号', '', '电子商务专业', '江西省城市学院', 1217548800000, '4', '', '', 0, 0, NULL, NULL, NULL, ''),
	(72, '', '涂国庆', 46, 56, 24, '13767069630', 'jr0054', '36012119900703751X', 1489104000000, 646963200000, 1, NULL, '江西省', '汉', '2', '2', 165, '', '', 65, '涂三顺', '13667911672', '江西省南昌市南昌县富山乡张坊村小谭自然村30附2号', '', '教育培训', '南昌县莲塘二中', 1341100800000, '3', '', '', 0, 0, NULL, NULL, NULL, ''),
	(73, '', '李桂芳', 46, 57, 27, '18079136705', 'jr0060', '362330198610185001', 1505433600000, 529977600000, 2, NULL, '江西省', '汉', '2', '1', 160, '', '', 45, '李春贵', '18079136705', '江西省上饶市鄱阳县饶埠镇五房村93号', '', '', '鄱阳一中', 1088640000000, '3', '', '', 0, 0, NULL, NULL, NULL, ''),
	(74, '', '饶嘉伟', 46, 57, 27, '13607004895', 'jr0061', '360103199209251239', 1505779200000, 717379200000, 1, NULL, '江西省', '汉', '2', '2', 170, '', '', 115, '洪梅', '13807085227', '江西省南昌市青云谱区洪都六区65栋106号', '', '计算机应用', '西北工业大学', 1567296000000, '4', '', '', 0, 0, NULL, NULL, NULL, ''),
	(75, 'songke', '宋科', 44, 66, 21, '15180163170', 'jr0002', '140421198109184810', 1320105600000, 369619200000, 1, NULL, '江西省', '汉', '2', '1', 173, '', '良好', 64, '宋美娟', '18970904745', '江西省南昌市南昌县银三角莲塘南大道1118号马德里风情17栋一单元501室', '', '电子商务', '江西科技学院', 1120176000000, '4', '', '111111', 0, 0, NULL, NULL, NULL, ''),
	(76, '', '邹彪群', 38, 49, 28, '15270819310', '0', '362202199602117029', 821836800000, 1515974400000, 2, NULL, '江西省', '汉', '2', '2', 163, '', '', 52, '邹初林', '13702394681', '江西省丰城市荷湖乡车草村林里组08号', '', '现代教育技术', '豫章师范学院', 1498867200000, '4', '', '', 0, 0, NULL, NULL, NULL, '');
/*!40000 ALTER TABLE `man_emp` ENABLE KEYS */;

-- 导出  表 emis.man_examine 结构
DROP TABLE IF EXISTS `man_examine`;
CREATE TABLE IF NOT EXISTS `man_examine` (
  `id` int(11) NOT NULL AUTO_INCREMENT COMMENT 'id',
  `applyid` int(11) NOT NULL COMMENT '申请id',
  `exaid` int(11) NOT NULL COMMENT '审核人id',
  `exatime` bigint(20) NOT NULL COMMENT '审核时间',
  `result` int(2) NOT NULL DEFAULT '1' COMMENT '审核结果 1：通过，2：不通过',
  `info` varchar(200) DEFAULT '0' COMMENT '详情',
  `creator` varchar(20) DEFAULT '0',
  `createtime` bigint(20) DEFAULT NULL,
  `updatetime` bigint(20) DEFAULT NULL,
  `remark` varchar(50) DEFAULT NULL,
  PRIMARY KEY (`id`)
) ENGINE=InnoDB DEFAULT CHARSET=utf8 COMMENT='审核表\r\n';

-- 正在导出表  emis.man_examine 的数据：~0 rows (大约)
DELETE FROM `man_examine`;
/*!40000 ALTER TABLE `man_examine` DISABLE KEYS */;
/*!40000 ALTER TABLE `man_examine` ENABLE KEYS */;

-- 导出  表 emis.man_level 结构
DROP TABLE IF EXISTS `man_level`;
CREATE TABLE IF NOT EXISTS `man_level` (
  `id` int(11) NOT NULL AUTO_INCREMENT COMMENT 'id',
  `name` varchar(50) NOT NULL COMMENT '等级',
  `subs_meal` decimal(10,2) DEFAULT NULL COMMENT '餐补',
  `sal_base` decimal(10,2) DEFAULT NULL COMMENT '底薪',
  `formal_pre` decimal(10,2) DEFAULT NULL COMMENT '转正前',
  `formal_post` decimal(10,2) DEFAULT NULL COMMENT '转正后',
  `subs_insurance` decimal(10,2) DEFAULT NULL COMMENT '保险补助',
  `subs_every` decimal(10,2) DEFAULT NULL COMMENT '全勤',
  `subs_manage` decimal(10,2) DEFAULT NULL COMMENT '管理津贴',
  `subs_team` decimal(10,2) DEFAULT NULL COMMENT '团队津贴',
  `subs_age` decimal(10,2) DEFAULT NULL COMMENT '工龄工资',
  `state` int(11) NOT NULL DEFAULT '0' COMMENT '0 正常 ，1 停用',
  `remark` varchar(200) DEFAULT NULL COMMENT '备注',
  `creator` varchar(20) DEFAULT '0',
  `createtime` bigint(20) DEFAULT NULL,
  `updatetime` bigint(20) DEFAULT NULL,
  PRIMARY KEY (`id`)
) ENGINE=InnoDB AUTO_INCREMENT=47 DEFAULT CHARSET=utf8 COMMENT='等级表';

-- 正在导出表  emis.man_level 的数据：~25 rows (大约)
DELETE FROM `man_level`;
/*!40000 ALTER TABLE `man_level` DISABLE KEYS */;
INSERT INTO `man_level` (`id`, `name`, `subs_meal`, `sal_base`, `formal_pre`, `formal_post`, `subs_insurance`, `subs_every`, `subs_manage`, `subs_team`, `subs_age`, `state`, `remark`, `creator`, `createtime`, `updatetime`) VALUES
	(21, 'Z', 0.00, 0.00, NULL, NULL, 0.00, 0.00, 0.00, 0.00, 0.00, 0, '', '0', NULL, NULL),
	(22, 'Y', 0.00, 800.00, NULL, NULL, 0.00, 0.00, 0.00, 0.00, 0.00, 0, '', '0', NULL, NULL),
	(23, 'X', 0.00, 1500.00, NULL, NULL, 0.00, 0.00, 0.00, 0.00, 0.00, 0, '', '0', NULL, NULL),
	(24, 'W', 200.00, 1700.00, NULL, NULL, 400.00, 100.00, 0.00, 200.00, 0.00, 0, '', '0', NULL, NULL),
	(25, 'V', 200.00, 2000.00, NULL, NULL, 400.00, 100.00, 0.00, 200.00, 0.00, 0, '', '0', NULL, NULL),
	(26, 'U', 200.00, 2300.00, NULL, NULL, 400.00, 100.00, 0.00, 200.00, 0.00, 0, '', '0', NULL, NULL),
	(27, 'T', 200.00, 2600.00, NULL, NULL, 400.00, 100.00, 0.00, 200.00, 0.00, 0, '', '0', NULL, NULL),
	(28, 'S', 200.00, 2900.00, NULL, NULL, 400.00, 100.00, 0.00, 200.00, 0.00, 0, '', '0', NULL, NULL),
	(29, 'R', 200.00, 3200.00, NULL, NULL, 400.00, 100.00, 0.00, 200.00, 0.00, 0, '', '0', NULL, NULL),
	(30, 'Q', 200.00, 3500.00, NULL, NULL, 400.00, 100.00, 0.00, 200.00, 0.00, 0, '', '0', NULL, NULL),
	(31, 'P', 200.00, 3800.00, NULL, NULL, 400.00, 100.00, 0.00, 200.00, 0.00, 0, '', '0', NULL, NULL),
	(32, 'O', 200.00, 4100.00, NULL, NULL, 400.00, 100.00, 0.00, 200.00, 0.00, 0, '', '0', NULL, NULL),
	(33, 'N', 200.00, 4400.00, NULL, NULL, 400.00, 100.00, 0.00, 200.00, 0.00, 0, '', '0', NULL, NULL),
	(34, 'M', 200.00, 4700.00, NULL, NULL, 400.00, 100.00, 0.00, 200.00, 0.00, 0, '', '0', NULL, NULL),
	(35, 'L', 200.00, 5000.00, NULL, NULL, 400.00, 100.00, 0.00, 200.00, 0.00, 0, '', '0', NULL, NULL),
	(36, 'K', 200.00, 5300.00, NULL, NULL, 400.00, 100.00, 0.00, 200.00, 0.00, 0, '', '0', NULL, NULL),
	(37, 'J', 200.00, 5600.00, NULL, NULL, 400.00, 100.00, 0.00, 200.00, 0.00, 0, '', '0', NULL, NULL),
	(38, 'I', 200.00, 5900.00, NULL, NULL, 400.00, 100.00, 0.00, 200.00, 0.00, 0, '', '0', NULL, NULL),
	(39, 'H', 200.00, 6200.00, NULL, NULL, 400.00, 100.00, 0.00, 200.00, 0.00, 0, '', '0', NULL, NULL),
	(40, 'G', 200.00, 6500.00, NULL, NULL, 400.00, 100.00, 0.00, 200.00, 0.00, 0, '', '0', NULL, NULL),
	(41, 'F', 200.00, 6800.00, NULL, NULL, 400.00, 100.00, 0.00, 200.00, 0.00, 0, '', '0', NULL, NULL),
	(42, 'E', 200.00, 7100.00, NULL, NULL, 400.00, 100.00, 0.00, 200.00, 0.00, 0, '', '0', NULL, NULL),
	(43, 'D', 200.00, 7400.00, NULL, NULL, 400.00, 100.00, 0.00, 200.00, 100.00, 0, '', '0', NULL, NULL),
	(44, 'C', 200.00, 7700.00, NULL, NULL, 400.00, 100.00, 0.00, 200.00, 0.00, 0, '', '0', NULL, NULL),
	(45, 'B', 200.00, 8000.00, NULL, NULL, 400.00, 100.00, 0.00, 200.00, 0.00, 0, '', '0', NULL, NULL),
	(46, 'A', 200.00, 8300.00, NULL, NULL, 400.00, 100.00, 0.00, 200.00, 0.00, 0, '', '0', NULL, NULL);
/*!40000 ALTER TABLE `man_level` ENABLE KEYS */;

-- 导出  表 emis.man_place 结构
DROP TABLE IF EXISTS `man_place`;
CREATE TABLE IF NOT EXISTS `man_place` (
  `id` int(11) NOT NULL AUTO_INCREMENT COMMENT 'id',
  `name` varchar(50) NOT NULL COMMENT '名称',
  `roleid` varchar(32) NOT NULL,
  `deptid` int(11) NOT NULL,
  `info` varchar(200) DEFAULT NULL,
  `state` int(11) NOT NULL DEFAULT '0' COMMENT '0 正常 ，1 停用',
  `creator` varchar(20) DEFAULT '0',
  `createtime` bigint(20) DEFAULT NULL,
  `updatetime` bigint(20) DEFAULT NULL,
  `remark` varchar(50) DEFAULT NULL,
  PRIMARY KEY (`id`)
) ENGINE=InnoDB AUTO_INCREMENT=75 DEFAULT CHARSET=utf8 COMMENT='职位表';

-- 正在导出表  emis.man_place 的数据：~31 rows (大约)
DELETE FROM `man_place`;
/*!40000 ALTER TABLE `man_place` DISABLE KEYS */;
INSERT INTO `man_place` (`id`, `name`, `roleid`, `deptid`, `info`, `state`, `creator`, `createtime`, `updatetime`, `remark`) VALUES
	(31, '总经理', '73', 44, '', 0, '0', NULL, NULL, NULL),
	(32, '人事', '74', 28, '', 0, '0', NULL, NULL, NULL),
	(33, '文员', '75', 28, '', 0, '0', NULL, NULL, NULL),
	(34, '会计', '76', 27, '', 0, '0', NULL, NULL, NULL),
	(35, '出纳', '77', 27, '', 0, '0', NULL, NULL, NULL),
	(37, '安卓开发工程师', '79', 31, '', 0, '0', NULL, NULL, NULL),
	(39, '安卓部经理', '81', 31, '', 0, '0', NULL, NULL, NULL),
	(43, '苹果部经理', '85', 34, '', 0, '0', NULL, NULL, NULL),
	(44, '苹果开发工程师', '86', 34, '', 0, '0', NULL, NULL, NULL),
	(45, '后台开发工程师', '87', 35, '', 0, '0', NULL, NULL, NULL),
	(46, '后台开发工程师', '88', 36, '', 0, '0', NULL, NULL, NULL),
	(47, '后台学徒', '89', 37, '', 0, '0', NULL, NULL, NULL),
	(48, '前端部经理', '90', 38, '', 0, '0', NULL, NULL, NULL),
	(49, '前端开发工程师', '91', 38, '', 0, '0', NULL, NULL, NULL),
	(51, '美工部经理', '93', 40, '', 0, '0', NULL, NULL, NULL),
	(52, 'UI设计师', '94', 40, '', 0, '0', NULL, NULL, NULL),
	(53, '淘宝美工', '95', 40, '', 0, '0', NULL, NULL, NULL),
	(54, '产品经理', '96', 42, '', 0, '0', NULL, NULL, NULL),
	(55, '商务经理', '97', 46, '', 0, '0', NULL, NULL, NULL),
	(56, '业务员', '98', 46, '', 0, '0', NULL, NULL, NULL),
	(57, '话务员', '99', 46, '', 0, '0', NULL, NULL, NULL),
	(61, '后台1部经理', '103', 35, '', 0, '0', NULL, NULL, NULL),
	(62, '后台2部经理', '104', 36, '', 0, '0', NULL, NULL, NULL),
	(63, '后台3部经理', '105', 37, '', 0, '0', NULL, NULL, NULL),
	(64, '副总经理', '106', 26, '', 0, '0', NULL, NULL, NULL),
	(66, '副总经理', '108', 44, '', 0, '0', NULL, NULL, NULL),
	(67, '测试', '109', 36, '', 0, '0', NULL, NULL, NULL),
	(68, '项目经理', '110', 47, '', 0, '0', NULL, NULL, NULL),
	(69, '网站客服', '111', 48, '', 0, '0', NULL, NULL, NULL),
	(70, '项目总监', '112', 39, '', 0, '0', NULL, NULL, NULL),
	(74, '项目助理', '116', 47, '', 0, '0', NULL, NULL, NULL);
/*!40000 ALTER TABLE `man_place` ENABLE KEYS */;

-- 导出  表 emis.prj_collect 结构
DROP TABLE IF EXISTS `prj_collect`;
CREATE TABLE IF NOT EXISTS `prj_collect` (
  `id` int(11) NOT NULL AUTO_INCREMENT COMMENT 'id',
  `empid` int(11) NOT NULL COMMENT '操作人id',
  `prjid` int(11) NOT NULL COMMENT '项目id',
  `money` decimal(10,2) NOT NULL COMMENT '收款',
  `time` bigint(20) NOT NULL COMMENT '收款时间',
  `creator` varchar(20) DEFAULT NULL,
  `createtime` bigint(20) DEFAULT NULL,
  `updatetime` bigint(20) DEFAULT NULL,
  `remark` varchar(200) DEFAULT NULL,
  PRIMARY KEY (`id`)
) ENGINE=InnoDB AUTO_INCREMENT=18 DEFAULT CHARSET=utf8 COMMENT='项目收款表';

-- 正在导出表  emis.prj_collect 的数据：~14 rows (大约)
DELETE FROM `prj_collect`;
/*!40000 ALTER TABLE `prj_collect` DISABLE KEYS */;
INSERT INTO `prj_collect` (`id`, `empid`, `prjid`, `money`, `time`, `creator`, `createtime`, `updatetime`, `remark`) VALUES
	(1, 12, 21, 17000.00, 1516752000000, NULL, NULL, NULL, ''),
	(2, 12, 54, 96000.00, 1497312000000, NULL, NULL, NULL, ''),
	(3, 12, 24, 51000.00, 1516665600000, NULL, NULL, NULL, ''),
	(4, 12, 56, 3600.00, 1515542400000, NULL, NULL, NULL, ''),
	(5, 12, 9, 7500.00, 1513296000000, NULL, NULL, NULL, ''),
	(6, 12, 25, 5000.00, 1515196800000, NULL, NULL, NULL, ''),
	(7, 12, 29, 10000.00, 1510272000000, NULL, NULL, NULL, ''),
	(8, 12, 30, 22400.00, 1509753600000, NULL, NULL, NULL, ''),
	(9, 12, 65, 90000.00, 1513296000000, NULL, NULL, NULL, ''),
	(10, 12, 55, 46000.00, 1513296000000, NULL, NULL, NULL, ''),
	(11, 12, 36, 6000.00, 1513296000000, NULL, NULL, NULL, ''),
	(12, 12, 36, 10000.00, 1517097600000, NULL, NULL, NULL, ''),
	(13, 12, 30, 5600.00, 1517184000000, NULL, NULL, NULL, ''),
	(14, 12, 66, 24300.00, 1507075200000, NULL, NULL, NULL, ''),
	(15, 12, 66, 8000.00, 1515974400000, NULL, NULL, NULL, ''),
	(16, 12, 23, 1750.00, 1515196800000, NULL, NULL, NULL, ''),
	(17, 12, 26, 14000.00, 1512000000000, NULL, NULL, NULL, '');
/*!40000 ALTER TABLE `prj_collect` ENABLE KEYS */;

-- 导出  表 emis.prj_log 结构
DROP TABLE IF EXISTS `prj_log`;
CREATE TABLE IF NOT EXISTS `prj_log` (
  `id` int(11) NOT NULL AUTO_INCREMENT COMMENT 'id',
  `empid` int(11) NOT NULL COMMENT '操作人id',
  `prjid` int(11) NOT NULL COMMENT '项目id',
  `info` varchar(200) NOT NULL COMMENT '详情',
  `time` bigint(20) NOT NULL,
  `creator` varchar(20) DEFAULT NULL,
  `createtime` bigint(20) DEFAULT NULL,
  `updatetime` bigint(20) DEFAULT NULL,
  `remark` varchar(50) DEFAULT NULL,
  PRIMARY KEY (`id`)
) ENGINE=InnoDB AUTO_INCREMENT=43 DEFAULT CHARSET=utf8 COMMENT='项目进度表';

-- 正在导出表  emis.prj_log 的数据：~4 rows (大约)
DELETE FROM `prj_log`;
/*!40000 ALTER TABLE `prj_log` DISABLE KEYS */;
INSERT INTO `prj_log` (`id`, `empid`, `prjid`, `info`, `time`, `creator`, `createtime`, `updatetime`, `remark`) VALUES
	(39, 0, 2342, '3243', 32432, NULL, NULL, NULL, NULL),
	(40, 0, 3, '4354', 1515553137000, NULL, NULL, NULL, NULL),
	(41, 0, 3, '最行', 1516677785000, NULL, NULL, NULL, NULL),
	(42, 12, 21, '下单进入项目部 ', 1517016833000, NULL, NULL, NULL, NULL);
/*!40000 ALTER TABLE `prj_log` ENABLE KEYS */;

-- 导出  表 emis.prj_member 结构
DROP TABLE IF EXISTS `prj_member`;
CREATE TABLE IF NOT EXISTS `prj_member` (
  `id` int(11) NOT NULL AUTO_INCREMENT COMMENT 'id',
  `name` varchar(50) NOT NULL COMMENT '任名',
  `empid` int(11) NOT NULL COMMENT '成员id',
  `proid` int(11) NOT NULL COMMENT '项目id',
  `starttime` bigint(20) NOT NULL COMMENT '任务完成开始时间',
  `endtime` bigint(20) NOT NULL COMMENT '任务完成结束时间',
  `sort` int(11) NOT NULL COMMENT '排序',
  `creator` varchar(20) DEFAULT NULL,
  `createtime` bigint(20) DEFAULT NULL,
  `updatetime` bigint(20) DEFAULT NULL,
  `remark` varchar(50) DEFAULT NULL,
  PRIMARY KEY (`id`)
) ENGINE=InnoDB DEFAULT CHARSET=utf8 COMMENT='项目成员任务表';

-- 正在导出表  emis.prj_member 的数据：~0 rows (大约)
DELETE FROM `prj_member`;
/*!40000 ALTER TABLE `prj_member` DISABLE KEYS */;
/*!40000 ALTER TABLE `prj_member` ENABLE KEYS */;

-- 导出  表 emis.prj_progress 结构
DROP TABLE IF EXISTS `prj_progress`;
CREATE TABLE IF NOT EXISTS `prj_progress` (
  `id` int(11) NOT NULL AUTO_INCREMENT COMMENT 'id',
  `name` varchar(50) NOT NULL COMMENT '进度名',
  `state` int(2) NOT NULL DEFAULT '0' COMMENT '状态 0：正常，1：停用',
  `creator` varchar(20) DEFAULT NULL,
  `createtime` bigint(20) DEFAULT NULL,
  `updatetime` bigint(20) DEFAULT NULL,
  `remark` varchar(200) DEFAULT NULL,
  PRIMARY KEY (`id`)
) ENGINE=InnoDB AUTO_INCREMENT=9 DEFAULT CHARSET=utf8 COMMENT='项目收款表';

-- 正在导出表  emis.prj_progress 的数据：~8 rows (大约)
DELETE FROM `prj_progress`;
/*!40000 ALTER TABLE `prj_progress` DISABLE KEYS */;
INSERT INTO `prj_progress` (`id`, `name`, `state`, `creator`, `createtime`, `updatetime`, `remark`) VALUES
	(1, '策划中', 0, NULL, NULL, NULL, NULL),
	(2, '开发中', 0, NULL, NULL, NULL, NULL),
	(3, ' 测试中', 0, NULL, NULL, NULL, NULL),
	(4, '已完成', 0, NULL, NULL, NULL, NULL),
	(5, ' 待续费', 0, NULL, NULL, NULL, NULL),
	(6, '暂停中', 0, NULL, NULL, NULL, NULL),
	(7, '维护中', 0, NULL, NULL, NULL, NULL),
	(8, '已失效', 0, NULL, NULL, NULL, NULL);
/*!40000 ALTER TABLE `prj_progress` ENABLE KEYS */;

-- 导出  表 emis.prj_project 结构
DROP TABLE IF EXISTS `prj_project`;
CREATE TABLE IF NOT EXISTS `prj_project` (
  `id` int(11) NOT NULL AUTO_INCREMENT COMMENT 'id',
  `name` varchar(50) NOT NULL COMMENT '名称',
  `customrid` int(11) NOT NULL COMMENT '客户id',
  `productid` int(11) DEFAULT NULL COMMENT '产品id（废弃）',
  `starttime` bigint(20) DEFAULT NULL COMMENT '开始时间',
  `endtime` bigint(20) DEFAULT '0' COMMENT '结束时间',
  `managerid` int(11) DEFAULT NULL COMMENT '项目经理id',
  `pro_state` int(2) NOT NULL COMMENT '项目状态 1：正常，2：紧急',
  `receivable` decimal(10,2) NOT NULL COMMENT '应收帐款',
  `uncollected` decimal(10,2) NOT NULL COMMENT '尾款',
  `salesmanid` int(11) DEFAULT NULL COMMENT '业务员id',
  `ordertime` bigint(20) NOT NULL COMMENT '下单时间',
  `orderempid` int(11) DEFAULT NULL COMMENT '下单人id',
  `signtime` bigint(20) NOT NULL COMMENT '签单时间',
  `progressid` int(11) NOT NULL COMMENT '项目进度id',
  `member` varchar(50) DEFAULT NULL COMMENT '项目成员',
  `renew` decimal(10,2) DEFAULT NULL COMMENT '续费金额',
  `renewtime` bigint(20) DEFAULT NULL COMMENT '续费时间',
  `renew_content` varchar(200) DEFAULT NULL COMMENT '续费内容',
  `state` int(2) NOT NULL DEFAULT '0' COMMENT '状态',
  `creator` varchar(20) DEFAULT NULL,
  `createtime` bigint(20) DEFAULT NULL,
  `updatetime` bigint(20) DEFAULT NULL,
  `remark` varchar(1000) DEFAULT NULL,
  PRIMARY KEY (`id`)
) ENGINE=InnoDB AUTO_INCREMENT=88 DEFAULT CHARSET=utf8 COMMENT='项目表';

-- 正在导出表  emis.prj_project 的数据：~67 rows (大约)
DELETE FROM `prj_project`;
/*!40000 ALTER TABLE `prj_project` DISABLE KEYS */;
INSERT INTO `prj_project` (`id`, `name`, `customrid`, `productid`, `starttime`, `endtime`, `managerid`, `pro_state`, `receivable`, `uncollected`, `salesmanid`, `ordertime`, `orderempid`, `signtime`, `progressid`, `member`, `renew`, `renewtime`, `renew_content`, `state`, `creator`, `createtime`, `updatetime`, `remark`) VALUES
	(9, '开心团', 24, NULL, NULL, NULL, 75, 1, 10000.00, 2500.00, 75, 1516861285795, 12, 1513123200000, 3, '龚聪、刘顺利、刘利华', NULL, 0, '', 0, NULL, 1516861285000, NULL, ''),
	(21, '华源电器', 45, NULL, NULL, NULL, 75, 1, 34000.00, 17000.00, 70, 1517014700022, 12, 1516752000000, 2, '夏世萍，刘顺利，刘利华', 6000.00, 1551225600000, '域名费、维护费', 0, NULL, 1517014700000, NULL, '阿里云帐号：3416605920@qq.com    密码:19890424a'),
	(23, '瑞阳陶瓷', 27, NULL, NULL, NULL, 57, 1, 3500.00, 1750.00, 12, 1517189764713, 12, 1514678400000, 3, '江雪萌,周宇松', 1200.00, 1548892800000, '域名、空间服务费', 0, NULL, 1517189764000, NULL, ''),
	(24, '五谷村', 26, NULL, NULL, NULL, 57, 1, 250000.00, 250000.00, 12, 1517190194443, 12, 1515801600000, 2, '裘红艳', NULL, 1518480000000, '维护费', 0, NULL, 1517190194000, NULL, ''),
	(25, '弘艺官网', 28, NULL, NULL, NULL, 75, 1, 5000.00, 0.00, 75, 1517191185660, 12, 1512518400000, 4, '龚聪,栗婷,朱强', 800.00, 1544918400000, '域名和空间', 0, NULL, 1517191185000, NULL, ''),
	(26, '高安菜东家', 29, NULL, NULL, NULL, 65, 1, 14000.00, 0.00, 70, 1517191530694, 12, 1512000000000, 3, '张礼晖,刘利华', NULL, 0, '', 0, NULL, 1517191530000, NULL, ''),
	(27, '大地硒竹', 31, NULL, NULL, NULL, 58, 1, 316800.00, 158400.00, 75, 1517192931278, 12, 1510531200000, 3, '裘红艳,万方,王志辉,江雪萌,廖程辉', NULL, 0, '', 0, NULL, 1517192931000, NULL, ''),
	(28, '彩票系统', 32, NULL, NULL, NULL, 46, 1, 180000.00, 54000.00, 72, 1517193545862, 12, 1510531200000, 6, '夏世萍,梁盼,廖成辉', NULL, 0, '', 0, NULL, 1517193545000, NULL, ''),
	(29, '艺考网', 33, NULL, NULL, NULL, 75, 1, 16000.00, 0.00, 75, 1517194003930, 12, 1510012800000, 3, '龚聪,栗婷,熊武', 2400.00, 1541894400000, '域名，空间维护费', 0, NULL, 1517194003000, NULL, ''),
	(30, '正面教育', 34, NULL, NULL, NULL, 75, 1, 28000.00, 0.00, 75, 1517194293990, 12, 1509148800000, 4, '刘丽,刘顺利,宋美娟', NULL, NULL, '', 0, NULL, 1517194293000, NULL, ''),
	(31, '合合商城', 35, NULL, NULL, NULL, 12, 1, 300000.00, 0.00, 12, 1517194387743, 12, 1506470400000, 7, '夏世萍,吕子豪,万冲', NULL, 0, '', 0, NULL, 1517194387000, NULL, ''),
	(32, '融资租赁', 37, NULL, NULL, NULL, 57, 1, 130000.00, 66000.00, 70, 1517194608903, 12, 1506211200000, 3, '万方,张礼晖,熊武', NULL, 0, '', 0, NULL, 1517194608000, NULL, ''),
	(33, '乐花金服', 38, NULL, NULL, NULL, 58, 1, 20000.00, 0.00, 75, 1517205868629, 12, 1506124800000, 4, '夏世萍,戴艳龙,郭登科', 1200.00, 1538956800000, '', 0, NULL, 1517205868000, NULL, ''),
	(34, '优易校园', 39, NULL, NULL, NULL, 57, 1, 88888.00, 8888.00, 70, 1517206038517, 12, 1505779200000, 3, '万方,王水波,齐松松,丁永文', NULL, 0, '', 0, NULL, 1517206038000, NULL, ''),
	(35, '土爸合作社', 40, NULL, NULL, NULL, 75, 1, 31000.00, 0.00, 75, 1517206285767, 12, 1504828800000, 4, '王水波', NULL, NULL, '', 0, NULL, 1517206285000, NULL, ''),
	(36, '潞城市扶贫办', 41, NULL, NULL, NULL, 75, 1, 16000.00, 10000.00, 75, 1517206672885, 12, 1504742400000, 4, '夏世萍,栗婷,刘利华', 5000.00, 1547078400000, '空间 维护费', 0, NULL, 1517206672000, NULL, ''),
	(38, '大江农生态食品商城', 42, NULL, NULL, NULL, 12, 1, 24000.00, 0.00, 12, 1517207002189, 12, 1504483200000, 4, '刘丽,栗婷,李桂仲', 1200.00, 1542412800000, '域名和空间', 0, NULL, 1517207002000, NULL, ''),
	(39, '臻怡家生活馆', 43, NULL, NULL, NULL, 46, 1, 1700000.00, 1150000.00, 70, 1517207644883, 12, 1504396800000, 6, '刘丽,张云龙,丁永文', NULL, 0, '', 0, NULL, 1517207644000, NULL, ''),
	(40, '医盾教育', 44, NULL, NULL, NULL, 75, 1, 119000.00, 47600.00, 70, 1517207869237, 12, 1503964800000, 2, '裘红艳,李宏,艾正强', NULL, NULL, '', 0, NULL, 1517207869000, NULL, ''),
	(41, '华源商城', 45, NULL, NULL, NULL, 75, 1, 123000.00, 44500.00, 70, 1517208258624, 12, 1503619200000, 2, '夏世萍,冯旭,陈娟,刘利华', NULL, NULL, '', 0, NULL, 1517208258000, NULL, ''),
	(42, '邦客仁', 47, NULL, NULL, NULL, 57, 1, 160000.00, 87000.00, 70, 1517209417875, 12, 1503273600000, 6, '龚聪、杨飞、程永辉', NULL, 0, '', 0, NULL, 1517209417000, NULL, ''),
	(43, '仓储供应链系统', 48, NULL, NULL, NULL, 63, 1, 55000.00, 22500.00, 75, 1517210124712, 12, 1502928000000, 4, '刘丽,刘顺利,廖成辉', NULL, NULL, '', 0, NULL, 1517210124000, NULL, ''),
	(44, '洪城停车', 49, NULL, NULL, NULL, 75, 1, 170000.00, 119000.00, 75, 1517210420476, 12, 1502582400000, 3, '龚聪,戴艳龙,杨飞,程勇辉,齐松松,刘小荣,陈建华', NULL, NULL, '', 0, NULL, 1517210420000, NULL, ''),
	(45, '美盛联创集团', 50, NULL, NULL, NULL, 75, 1, 17000.00, 0.00, 75, 1517210608273, 12, 1502582400000, 4, '刘丽,张云龙,宋美娟', NULL, NULL, '', 0, NULL, 1517210608000, NULL, '有自己的服务器'),
	(46, '靖安买菜', 51, NULL, NULL, NULL, 17, 1, 60000.00, 0.00, 70, 1517211214485, 12, 1501891200000, 4, '裘红艳,张礼晖,刘利华', NULL, NULL, '', 0, NULL, 1517211214000, NULL, ''),
	(47, '巡检系统', 52, NULL, NULL, NULL, 17, 1, 165000.00, 60000.00, 70, 1517212121649, 12, 1501632000000, 2, '万方,肖锦华,万彪科', NULL, NULL, '', 0, NULL, 1517212121000, NULL, ''),
	(48, '大禾仪器', 53, NULL, NULL, NULL, 69, 1, 8000.00, 0.00, 12, 1517212220244, 12, 1501459200000, 4, '万方,栗婷,郭登科', 800.00, 1536105600000, '域名空间', 0, NULL, 1517212220000, NULL, ''),
	(49, '微信缴费', 54, NULL, NULL, NULL, 58, 1, 6500.00, 0.00, 70, 1517212484666, 12, 1500595200000, 4, '万方,戴艳龙,戴超', 1200.00, 1533945600000, '域名空间 ', 0, NULL, 1517212484000, NULL, ''),
	(50, '青花网', 55, NULL, NULL, NULL, 17, 1, 160000.00, 30000.00, 12, 1517212632447, 12, 1498694400000, 4, '裘红艳,刘顺利,熊武', NULL, NULL, '', 0, NULL, 1517212632000, NULL, ''),
	(51, '爱美创教育科技', 56, NULL, NULL, NULL, 75, 1, 96000.00, 0.00, 75, 1517212749569, 12, 1498435200000, 4, '刘丽,刘顺利,宋美娟', NULL, NULL, '', 0, NULL, 1517212749000, NULL, ''),
	(52, '润泽OA办公系统', 14, NULL, NULL, NULL, 75, 1, 36000.00, 8000.00, 75, 1517213033219, 12, 1498089600000, 4, '裘红艳,刘顺利,廖成辉', NULL, NULL, '', 0, NULL, 1517213033000, NULL, ''),
	(53, '泓伟灏业', 57, NULL, NULL, NULL, 58, 1, 110000.00, 22000.00, 70, 1517213300958, 12, 1497571200000, 3, '龚聪,戴艳龙,王志辉,胡俊杰,黄宏', NULL, 0, '', 0, NULL, 1517213300000, NULL, ''),
	(54, '路人君', 58, NULL, NULL, NULL, 57, 1, 160000.00, 64000.00, 70, 1517213534560, 12, 1497312000000, 2, '夏世萍,吕子豪,张龙刚,吴圣杰，熊武，丁永文', 6000.00, 1547337600000, '服务费', 0, NULL, 1517213534000, NULL, ''),
	(55, '医师宝', 19, NULL, NULL, NULL, 75, 1, 46000.00, 0.00, 75, 1517213974181, 12, 1499212800000, 4, '夏世萍,肖智,廖成辉', NULL, 0, '', 0, NULL, 1517213974000, NULL, ''),
	(56, '医师宝03', 19, NULL, NULL, NULL, 75, 1, 6000.00, 2400.00, 75, 1517214840147, 12, 1514937600000, 3, '邱红艳，梁盼，廖成辉', NULL, 0, '', 0, NULL, 1517214840000, NULL, '开发电脑端电子病历功能'),
	(57, '赣游', 59, NULL, NULL, NULL, 58, 1, 20000.00, 0.00, 75, 1517215297645, 12, 1494374400000, 4, '龚聪,王水波,冯旭', NULL, NULL, '', 0, NULL, 1517215297000, NULL, ''),
	(58, 'E城智控', 60, NULL, NULL, NULL, 17, 1, 68000.00, 0.00, 12, 1517215418752, 12, 1494201600000, 4, '裘红艳,', NULL, NULL, '', 0, NULL, 1517215418000, NULL, ''),
	(59, '河长制', 61, NULL, NULL, NULL, 58, 1, 19500.00, 0.00, 75, 1517215656432, 12, 1492646400000, 4, '刘丽,黄侦,廖成辉', NULL, NULL, '', 0, NULL, 1517215656000, NULL, ''),
	(60, '博泰电脑', 62, NULL, NULL, NULL, 12, 1, 70000.00, 30000.00, 12, 1517216318002, 12, 1492560000000, 4, '夏世萍,刘顺利,熊武', NULL, NULL, '', 0, NULL, 1517216318000, NULL, ''),
	(61, '友时光', 63, NULL, NULL, NULL, 17, 1, 190000.00, 65000.00, 75, 1517216497687, 12, 1492473600000, 4, '刘丽,杨飞,张龙刚,宋美娟', NULL, NULL, '', 0, NULL, 1517216497000, NULL, ''),
	(62, '吧唧外卖', 66, NULL, NULL, NULL, 27, 1, 130000.00, 60000.00, 75, 1517217280049, 12, 1491955200000, 4, '裘红艳,李宏,张龙刚,万冲', NULL, NULL, '', 0, NULL, 1517217280000, NULL, ''),
	(63, '惠民宝', 67, NULL, NULL, NULL, 17, 1, 93000.00, 53000.00, 70, 1517218058734, 12, 1491955200000, 3, '夏世萍,郭先颖,汤文洪,', NULL, 0, '', 0, NULL, 1517218058000, NULL, ''),
	(64, '食堂点餐', 68, NULL, NULL, NULL, 57, 1, 8500.00, 0.00, 75, 1517273428188, 12, 1491523200000, 4, '夏世萍,黄祯,郭登峰', 1200.00, 1493337600000, '', 0, NULL, 1517273428000, NULL, ''),
	(65, '行天下', 70, NULL, NULL, NULL, 58, 1, 160000.00, 38000.00, 75, 1517273817471, 12, 1490227200000, 3, '龚聪,戴艳龙,王水波,冯旭,汤文洪,郭登科', NULL, 0, '', 0, NULL, 1517273817000, NULL, ''),
	(66, '酒牛牛', 71, NULL, NULL, NULL, 75, 1, 40500.00, 8200.00, 75, 1517273973338, 12, 1490140800000, 4, '刘丽,张云龙,宋美娟', NULL, NULL, '', 0, NULL, 1517273973000, NULL, ''),
	(67, '八大画派教育', 72, NULL, NULL, NULL, 69, 1, 5700.00, 0.00, 75, 1517274307896, 12, 1490054400000, 4, '刘丽,龚聪,刘顺利,熊武', 2000.00, 1490572800000, '域名和空间', 0, NULL, 1517274307000, NULL, ''),
	(68, '汽配宝', 73, NULL, NULL, NULL, 75, 1, 37000.00, 0.00, 75, 1517274731777, 12, 1489449600000, 4, '裘红艳,张礼晖,张龙刚', NULL, NULL, '', 0, NULL, 1517274731000, NULL, ''),
	(69, '来钱道', 74, NULL, NULL, NULL, 17, 1, 69000.00, 10400.00, 70, 1517275113887, 12, 1484784000000, 6, '黄祯,刘顺利,王志辉,黄铭俭', NULL, NULL, '', 0, NULL, 1517275113000, NULL, ''),
	(70, '润泽读书会', 14, NULL, NULL, NULL, 75, 1, 68000.00, 0.00, 75, 1517275834401, 12, 1484092800000, 4, '刘丽/裘红艳,杨飞,宋美娟', NULL, NULL, '', 0, NULL, 1517275834000, NULL, ''),
	(71, '众福天下', 75, NULL, NULL, NULL, 12, 1, 60000.00, 0.00, 12, 1517276188613, 12, 1483920000000, 5, '黄祯,戴艳龙,夏进', 1200.00, 1516060800000, '域名和空间', 0, NULL, 1517276188000, NULL, ''),
	(72, '好学生', 76, NULL, NULL, NULL, 75, 1, 3000.00, 0.00, 75, 1517277689318, 12, 1481673600000, 4, '', 1200.00, 1515888000000, '域名和空间', 0, NULL, 1517277689000, NULL, ''),
	(73, '人为峰', 77, NULL, NULL, NULL, 75, 1, 3000.00, 0.00, 75, 1517277895034, 12, 1481328000000, 4, '肖冬莲,刘顺利,郭登峰', 800.00, 1546560000000, '域名和空间', 0, NULL, 1517277895000, NULL, ''),
	(74, '淘囍', 78, NULL, NULL, NULL, 17, 1, 77000.00, 10000.00, 75, 1517278105487, 12, 1481241600000, 4, '何赖贵', NULL, NULL, '', 0, NULL, 1517278105000, NULL, ''),
	(75, '润兴科技', 79, NULL, NULL, NULL, 75, 1, 3000.00, 0.00, 75, 1517278242431, 12, 1480636800000, 4, '肖冬莲,刘顺利,郭登峰', 1600.00, 1546300800000, '域名和空间', 0, NULL, 1517278242000, NULL, ''),
	(76, '懒汉搓衣', 80, NULL, NULL, NULL, 70, 1, 58000.00, 0.00, 70, 1517278456532, 12, 1479513600000, 4, '裘红艳,杨飞,夏进', 1200.00, 1542585600000, '域名和空间', 0, NULL, 1517278456000, NULL, ''),
	(77, '绿农贸易', 81, NULL, NULL, NULL, 27, 1, 47000.00, 0.00, 70, 1517278628896, 12, 1479427200000, 8, '', NULL, 0, '', 0, NULL, 1517278628000, NULL, ''),
	(78, '有道财富', 82, NULL, NULL, NULL, 75, 1, 30000.00, 0.00, 75, 1517279580112, 12, 1478476800000, 4, '', NULL, NULL, '', 0, NULL, 1517279580000, NULL, ''),
	(79, '全民英雄', 83, NULL, NULL, NULL, 75, 1, 18000.00, 0.00, 75, 1517279878485, 12, 1476316800000, 4, '', 1200.00, 1538956800000, '域名和空间', 0, NULL, 1517279878000, NULL, ''),
	(80, 'e洗新境界', 84, NULL, NULL, NULL, 70, 1, 14800.00, 0.00, 70, 1517280022145, 12, 1475020800000, 4, '', NULL, NULL, '', 0, NULL, 1517280022000, NULL, ''),
	(81, '辉业曲轴连杆', 85, NULL, NULL, NULL, 75, 1, 20000.00, 8400.00, 75, 1517280325746, 12, 1474329600000, 4, '洪署霞,刘顺利,郭登峰', 800.00, 1532908800000, '域名和空间', 0, NULL, 1517280325000, NULL, ''),
	(82, '辉业汽航网站', 85, NULL, NULL, NULL, 75, 1, 20000.00, 8400.00, 75, 1517280439152, 12, 1474329600000, 4, '肖冬莲,刘顺利,熊武', 800.00, 1547942400000, '域名空间', 0, NULL, 1517280439000, NULL, ''),
	(83, '大茶埠', 86, NULL, NULL, NULL, 17, 1, 165000.00, 0.00, 12, 1517280586371, 12, 1473724800000, 4, '裘红艳,杨飞,刘文超、卢旺达,艾正强', NULL, NULL, '', 0, NULL, 1517280586000, NULL, ''),
	(84, '宁新新材料', 87, NULL, NULL, NULL, 75, 1, 4000.00, 0.00, 75, 1517280790612, 12, 1472428800000, 4, '', 800.00, 1521072000000, '域名和空间', 0, NULL, 1517280790000, NULL, ''),
	(85, '铭盛货架', 89, NULL, NULL, NULL, 75, 1, 0.00, 0.00, 75, 1517368199090, 12, 1325635200000, 4, '维护期', 800.00, 1546560000000, '域名、空间维护费', 0, NULL, 1517368199000, NULL, '域名在舰网，空间在公司服务器，万网备案:ncmshj  g13767476723'),
	(86, '南昌市维远文仪家俱', 90, NULL, NULL, NULL, 75, 1, 0.00, 0.00, 75, 1517370912093, 12, 1326585600000, 5, '', 800.00, 1518652800000, '域名、空间维护费', 0, NULL, 1517370912000, NULL, '域名、空间在舰网、服务号\n1119213251@qq.com\n13479187786  备案：icp.jkidc.com'),
	(87, '法兰琳家具', 91, NULL, NULL, NULL, 75, 1, 0.00, 0.00, 75, 1517371900642, 12, 1294099200000, 7, '', 800.00, 1546560000000, '域名、空间维护费', 0, NULL, 1517371900000, NULL, '微信登录:1497243165@qq.com\nsongke810918\n备案：476451934@qq.com\nmifengcn1934\n会员:\njxflljj\n0791jr2016');
/*!40000 ALTER TABLE `prj_project` ENABLE KEYS */;

-- 导出  表 emis.prj_project_prduct 结构
DROP TABLE IF EXISTS `prj_project_prduct`;
CREATE TABLE IF NOT EXISTS `prj_project_prduct` (
  `id` int(11) NOT NULL AUTO_INCREMENT COMMENT 'id',
  `projectid` varchar(50) NOT NULL COMMENT '名称',
  `productid` int(11) NOT NULL COMMENT '产品id',
  `creator` varchar(20) DEFAULT NULL,
  `createtime` bigint(20) DEFAULT NULL,
  `updatetime` bigint(20) DEFAULT NULL,
  `remark` varchar(50) DEFAULT NULL,
  PRIMARY KEY (`id`)
) ENGINE=InnoDB AUTO_INCREMENT=143 DEFAULT CHARSET=utf8 COMMENT='项目产品表';

-- 正在导出表  emis.prj_project_prduct 的数据：~84 rows (大约)
DELETE FROM `prj_project_prduct`;
/*!40000 ALTER TABLE `prj_project_prduct` DISABLE KEYS */;
INSERT INTO `prj_project_prduct` (`id`, `projectid`, `productid`, `creator`, `createtime`, `updatetime`, `remark`) VALUES
	(1, '17', 5, NULL, NULL, NULL, NULL),
	(2, '17', 6, NULL, NULL, NULL, NULL),
	(14, '25', 3, NULL, NULL, NULL, NULL),
	(20, '30', 3, NULL, NULL, NULL, NULL),
	(25, '33', 5, NULL, NULL, NULL, NULL),
	(27, '35', 4, NULL, NULL, NULL, NULL),
	(30, '38', 5, NULL, NULL, NULL, NULL),
	(33, '40', 4, NULL, NULL, NULL, NULL),
	(34, '41', 3, NULL, NULL, NULL, NULL),
	(35, '41', 4, NULL, NULL, NULL, NULL),
	(36, '41', 5, NULL, NULL, NULL, NULL),
	(38, '43', 3, NULL, NULL, NULL, NULL),
	(39, '44', 4, NULL, NULL, NULL, NULL),
	(40, '44', 5, NULL, NULL, NULL, NULL),
	(41, '45', 5, NULL, NULL, NULL, NULL),
	(42, '46', 4, NULL, NULL, NULL, NULL),
	(43, '47', 4, NULL, NULL, NULL, NULL),
	(44, '48', 3, NULL, NULL, NULL, NULL),
	(45, '49', 5, NULL, NULL, NULL, NULL),
	(46, '50', 3, NULL, NULL, NULL, NULL),
	(47, '50', 4, NULL, NULL, NULL, NULL),
	(48, '51', 3, NULL, NULL, NULL, NULL),
	(49, '52', 3, NULL, NULL, NULL, NULL),
	(55, '57', 4, NULL, NULL, NULL, NULL),
	(56, '58', 4, NULL, NULL, NULL, NULL),
	(57, '59', 5, NULL, NULL, NULL, NULL),
	(58, '60', 5, NULL, NULL, NULL, NULL),
	(59, '61', 4, NULL, NULL, NULL, NULL),
	(60, '62', 4, NULL, NULL, NULL, NULL),
	(62, '64', 5, NULL, NULL, NULL, NULL),
	(65, '66', 3, NULL, NULL, NULL, NULL),
	(66, '66', 5, NULL, NULL, NULL, NULL),
	(67, '67', 3, NULL, NULL, NULL, NULL),
	(68, '67', 5, NULL, NULL, NULL, NULL),
	(69, '68', 4, NULL, NULL, NULL, NULL),
	(70, '69', 4, NULL, NULL, NULL, NULL),
	(71, '70', 4, NULL, NULL, NULL, NULL),
	(72, '71', 5, NULL, NULL, NULL, NULL),
	(73, '72', 5, NULL, NULL, NULL, NULL),
	(74, '73', 3, NULL, NULL, NULL, NULL),
	(75, '74', 4, NULL, NULL, NULL, NULL),
	(76, '75', 3, NULL, NULL, NULL, NULL),
	(77, '76', 4, NULL, NULL, NULL, NULL),
	(78, '76', 5, NULL, NULL, NULL, NULL),
	(81, '78', 3, NULL, NULL, NULL, NULL),
	(82, '79', 3, NULL, NULL, NULL, NULL),
	(83, '79', 5, NULL, NULL, NULL, NULL),
	(84, '80', 5, NULL, NULL, NULL, NULL),
	(85, '81', 3, NULL, NULL, NULL, NULL),
	(86, '82', 3, NULL, NULL, NULL, NULL),
	(87, '83', 4, NULL, NULL, NULL, NULL),
	(89, '84', 3, NULL, NULL, NULL, NULL),
	(90, '86', 3, NULL, NULL, NULL, NULL),
	(91, '86', 5, NULL, NULL, NULL, NULL),
	(108, '54', 4, NULL, NULL, NULL, NULL),
	(110, '42', 4, NULL, NULL, NULL, NULL),
	(111, '34', 4, NULL, NULL, NULL, NULL),
	(112, '32', 3, NULL, NULL, NULL, NULL),
	(113, '32', 4, NULL, NULL, NULL, NULL),
	(115, '24', 4, NULL, NULL, NULL, NULL),
	(116, '56', 3, NULL, NULL, NULL, NULL),
	(117, '29', 3, NULL, NULL, NULL, NULL),
	(120, '53', 3, NULL, NULL, NULL, NULL),
	(121, '53', 4, NULL, NULL, NULL, NULL),
	(122, '28', 3, NULL, NULL, NULL, NULL),
	(123, '28', 4, NULL, NULL, NULL, NULL),
	(124, '31', 3, NULL, NULL, NULL, NULL),
	(125, '31', 4, NULL, NULL, NULL, NULL),
	(126, '77', 4, NULL, NULL, NULL, NULL),
	(127, '77', 5, NULL, NULL, NULL, NULL),
	(128, '63', 4, NULL, NULL, NULL, NULL),
	(129, '87', 3, NULL, NULL, NULL, NULL),
	(130, '87', 5, NULL, NULL, NULL, NULL),
	(131, '39', 4, NULL, NULL, NULL, NULL),
	(132, '39', 5, NULL, NULL, NULL, NULL),
	(133, '65', 3, NULL, NULL, NULL, NULL),
	(134, '65', 4, NULL, NULL, NULL, NULL),
	(135, '55', 4, NULL, NULL, NULL, NULL),
	(136, '36', 5, NULL, NULL, NULL, NULL),
	(137, '27', 3, NULL, NULL, NULL, NULL),
	(138, '27', 4, NULL, NULL, NULL, NULL),
	(139, '21', 3, NULL, NULL, NULL, NULL),
	(140, '21', 5, NULL, NULL, NULL, NULL),
	(141, '23', 5, NULL, NULL, NULL, NULL),
	(142, '26', 4, NULL, NULL, NULL, NULL);
/*!40000 ALTER TABLE `prj_project_prduct` ENABLE KEYS */;

-- 导出  表 emis.t_knowledge 结构
DROP TABLE IF EXISTS `t_knowledge`;
CREATE TABLE IF NOT EXISTS `t_knowledge` (
  `id` int(11) NOT NULL AUTO_INCREMENT COMMENT '主键',
  `knowledge_type` varchar(50) DEFAULT NULL COMMENT '知识分类id',
  `knowledge_title` varchar(200) DEFAULT NULL COMMENT '知识标题',
  `author` varchar(20) DEFAULT NULL COMMENT '作者',
  `knowledge_icon_url` varchar(200) DEFAULT NULL COMMENT '图片地址',
  `isvalid` int(2) DEFAULT NULL COMMENT '是否有效 （0无效，1有效）',
  `summary` varchar(100) DEFAULT NULL COMMENT '摘要',
  `knowledge_version` double(11,1) DEFAULT NULL COMMENT '版本（已弃用）',
  `create_user` int(11) DEFAULT NULL COMMENT '发布人id',
  `knowledge_comment` text COMMENT '正文',
  `knowledge_attach_url` varchar(200) DEFAULT NULL COMMENT '附件地址（已弃用）',
  `knowledge_state` int(1) DEFAULT NULL COMMENT '状态（0-待审核1-已发布2-已点评3-关注过4-收藏5-被驳回6-过期7-回收站）（已弃用）',
  `create_time` timestamp NULL DEFAULT NULL COMMENT '创建时间',
  `modify_time` timestamp NULL DEFAULT NULL COMMENT '更新时间',
  PRIMARY KEY (`id`)
) ENGINE=InnoDB AUTO_INCREMENT=159 DEFAULT CHARSET=utf8 COMMENT='知识库管理_知识';

-- 正在导出表  emis.t_knowledge 的数据：~5 rows (大约)
DELETE FROM `t_knowledge`;
/*!40000 ALTER TABLE `t_knowledge` DISABLE KEYS */;
INSERT INTO `t_knowledge` (`id`, `knowledge_type`, `knowledge_title`, `author`, `knowledge_icon_url`, `isvalid`, `summary`, `knowledge_version`, `create_user`, `knowledge_comment`, `knowledge_attach_url`, `knowledge_state`, `create_time`, `modify_time`) VALUES
	(143, '1', '驾考新规很难？宿州学员这么说！', '小刘', '/EMIS-image/151089397999301.jpg', 1, '', 1.0, 3, '&lt;p&gt;&lt;span style="color: rgb(51, 51, 51); font-family: Arial, Helvetica, sans-serif, 宋体; font-size: 14px; background-color: rgb(255, 255, 255);"&gt;　　不知从何时起，停车成了件大大的麻烦事。对有车一族来说，兜兜转转找不到停车位早已是家常便饭；违规停车被贴罚单、遭遇停车场乱收费，也已是见怪不怪。停车难，真难！&lt;/span&gt;&lt;br style="margin: 0px; padding: 0px; color: rgb(51, 51, 51); font-family: Arial, Helvetica, sans-serif, 宋体; font-size: 14px; white-space: normal; background-color: rgb(255, 255, 255);"/&gt;&lt;br style="margin: 0px; padding: 0px; color: rgb(51, 51, 51); font-family: Arial, Helvetica, sans-serif, 宋体; font-size: 14px; white-space: normal; background-color: rgb(255, 255, 255);"/&gt;&lt;span style="color: rgb(51, 51, 51); font-family: Arial, Helvetica, sans-serif, 宋体; font-size: 14px; background-color: rgb(255, 255, 255);"&gt;　　移动互联网时代，正所谓“哪里有痛点，哪里就有手机APP”。日益加剧的停车难，催生了数百个停车APP。它们的功能不只是简单地定位停车场，而是越来越多样化，似乎只有车主想不到的，没有它们做不到的。下面就来看看5类停车APP中具有代表性的5个典型APP，它们到底有哪些出人意料的功能？&lt;/span&gt;&lt;/p&gt;&lt;center style="margin: 0px; padding: 0px; color: rgb(51, 51, 51); font-family: Arial, Helvetica, sans-serif, 宋体; font-size: 14px; white-space: normal; background-color: rgb(255, 255, 255);"&gt;&lt;img src="../upload/image/20171117/1510898398261085924.png" border="0" align="center" hspace="10" vspace="10" rel="nofollow" width="500" style="margin: 0px; padding: 0px; border: 0px;"/&gt;&lt;/center&gt;&lt;p&gt;&lt;center style="margin: 0px; padding: 0px; color: rgb(51, 51, 51); font-family: Arial, Helvetica, sans-serif, 宋体; font-size: 14px; white-space: normal; background-color: rgb(255, 255, 255);"&gt;(琳琅满目的停车APP)&lt;/center&gt;&lt;center style="margin: 0px; padding: 0px; color: rgb(51, 51, 51); font-family: Arial, Helvetica, sans-serif, 宋体; font-size: 14px; white-space: normal; background-color: rgb(255, 255, 255);"&gt;&lt;img src="http://m.0791jr.com/EMIS-image/151089397999301.jpg" style="font-size: 12px; border: 0px; margin: 0px; padding: 0px; box-sizing: border-box; vertical-align: middle; color: rgb(51, 51, 51); font-family: &quot;Helvetica Neue&quot;, Helvetica, Arial, sans-serif; white-space: normal; background-color: rgb(255, 255, 255);"/&gt;&lt;/center&gt;&lt;/p&gt;&lt;p&gt;&lt;span style="color: rgb(51, 51, 51); font-family: Arial, Helvetica, sans-serif, 宋体; font-size: 14px; background-color: rgb(255, 255, 255);"&gt;&nbsp;&nbsp;&nbsp;&nbsp;1、“航空母舰”型停车APP：ETCP&lt;/span&gt;&lt;br style="margin: 0px; padding: 0px; color: rgb(51, 51, 51); font-family: Arial, Helvetica, sans-serif, 宋体; font-size: 14px; white-space: normal; background-color: rgb(255, 255, 255);"/&gt;&lt;br style="margin: 0px; padding: 0px; color: rgb(51, 51, 51); font-family: Arial, Helvetica, sans-serif, 宋体; font-size: 14px; white-space: normal; background-color: rgb(255, 255, 255);"/&gt;&lt;span style="color: rgb(51, 51, 51); font-family: Arial, Helvetica, sans-serif, 宋体; font-size: 14px; background-color: rgb(255, 255, 255);"&gt;　　作为一款被不少车主亲切地称为“停车神器”的APP，ETCP功能非常丰富，主打的功能是智能找车位和自动缴纳停车费。车主可以很方便地查询到附近停车场的位置、价格、开放时间、闲忙状态等信息，系统还会综合各方面因素，为车主智能推荐最合适的停车场，并提供一键导航。此外，车主还能在ETCP&nbsp;APP上绑定车牌号和支付账号，享受出入场不停车自动支付服务。&lt;/span&gt;&lt;br style="margin: 0px; padding: 0px; color: rgb(51, 51, 51); font-family: Arial, Helvetica, sans-serif, 宋体; font-size: 14px; white-space: normal; background-color: rgb(255, 255, 255);"/&gt;&lt;br style="margin: 0px; padding: 0px; color: rgb(51, 51, 51); font-family: Arial, Helvetica, sans-serif, 宋体; font-size: 14px; white-space: normal; background-color: rgb(255, 255, 255);"/&gt;&lt;span style="color: rgb(51, 51, 51); font-family: Arial, Helvetica, sans-serif, 宋体; font-size: 14px; background-color: rgb(255, 255, 255);"&gt;　　有这两项“杀手锏”功能托底，ETCP还在不断增加新的功能，例如车位预约、车位长租、查违章、召唤代驾、查找附近新能源充电站等。其中，最令人感到意外的一项功能，当属解锁共享单车。ETCP已经接入了摩拜单车，在APP内就可以直接扫码开锁。此外，还推出了自家共享单车“ETCP摆渡车”，专门投放在停车场出口，供车主取用。这样的跨界之举，可以说是相当“开脑洞”了。&lt;/span&gt;&lt;/p&gt;&lt;p&gt;&lt;br/&gt;&lt;/p&gt;', NULL, 0, '2017-11-17 12:46:20', '2017-11-17 12:46:20'),
	(149, '1', '汛期暴雨多发 暴雨天行车应该注意什么？', 'admin', '/EMIS-image/151133198123201.jpg', 1, '', 1.0, 3, '&lt;p style="text-align: left;"&gt;车主要对雨刮器进行检查，如发现雨刮器扫水能力下降，就要及时更换，这样可以有效的保障雨刮器最理想的清洁能力。更换同时对于雨刮器喷口检查，柱状喷口可用针调节喷水监督。\n \n史上最全的雨天安全行车注意事项及入水自救妙招001\n \n车主要定期检车的轮胎情况，夏季轮胎胎压比冬季略低，基本在2.1/2.2即可。&lt;br/&gt;&lt;br/&gt;还要对轮胎纹路磨损情况定期关注，过度磨损会导致车辆跑偏、制动距离加长。\n \n史上最全的雨天安全行车注意事项及入水自救妙招002\n \n第二招：慢慢慢\n \n开车遇到雷雨天气，车主视线会受到影响，做好放慢车速，并与前方车辆保持安全行车距离，不频繁超车和并线。\n \n与大车保持足够车距。大车不仅会遮挡小车的视线，而且雨天大车容易剑气水花，会让小车在几秒中内视线眼中受损，影响安全行驶。也尽量不要被大车跟着，天知道你刹车的时候它能否刹的住&lt;br/&gt;&lt;img src="http://m.0791jr.com/EMIS-image/151133198123201.jpg" style="font-size: 12px; border: 0px; margin: 0px; padding: 0px; box-sizing: border-box; vertical-align: middle; color: rgb(51, 51, 51); font-family: " helvetica="" white-space:="" background-color:=""/&gt;&lt;/p&gt;&lt;p style="text-align: left;"&gt;&lt;br/&gt;史上最全的雨天安全行车注意事项及入水自救妙招003\n \n在雨天行驶，雨水将成为轮胎与地面之间的“润滑剂”，使摩擦系数变小，不仅容易出现刹车距离变长而且在行驶中容易产生侧滑。因此，司机要双手平衡握住方向盘，保持直线和低速行驶，需要转弯时，应当缓踩刹车，以防轮胎抱死而造成车辆侧滑。&lt;/p&gt;', NULL, 0, '2017-11-22 14:26:21', '2017-11-22 14:26:21'),
	(156, '14', '用户协议', 'lxr', NULL, 1, '', 1.0, 3, '&lt;p&gt;&lt;span style="white-space:pre"&gt;	&lt;/span&gt;请您仔细阅读以下条款，如果您对本协议的任何条款表示异议，您可以选择不进入简书。当您注册成功，无论是进入简书，还是在知简书上发布任何内容，或者是直接或通过各类方式（如站外API引用等）间接使用简书网服务和数据的行为，都将被视作已无条件接受本声明所涉全部内容。&lt;/p&gt;&lt;p&gt;&lt;span style="white-space:pre"&gt;	&lt;/span&gt;若您对本声明的任何条款有异议，请停止使用简书网所提供的全部服务。&lt;/p&gt;&lt;p&gt;&lt;span style="white-space:pre"&gt;	&lt;/span&gt;使用规则&lt;/p&gt;&lt;p&gt;&lt;span style="white-space:pre"&gt;	&lt;/span&gt;1、用户注册成功后，简书将给予每个用户一个用户帐号及相应的密码，该用户帐号和密码由用户负责保管；用户应当对以其用户帐号进行的所有活动和事件负法律责任。&lt;/p&gt;&lt;p&gt;&lt;span style="white-space:pre"&gt;	&lt;/span&gt;2、用户须对在简书的注册信息的真实性、合法性、有效性承担全部责任，用户不得冒充他人；不得利用他人的名义发布任何信息；不得恶意使用注册帐号导致其他用户误认； 任何机构或个人注册和使用的互联网用户账号名称，不得有下列情形：&lt;/p&gt;&lt;p&gt;&lt;span style="white-space:pre"&gt;	&lt;/span&gt;（一）违反宪法或法律法规规定的；&lt;/p&gt;&lt;p&gt;&lt;span style="white-space:pre"&gt;	&lt;/span&gt;（二）危害国家安全，泄露国家秘密，颠覆国家政权，破坏国家统一的；&lt;/p&gt;&lt;p&gt;&lt;span style="white-space:pre"&gt;	&lt;/span&gt;（三）损害国家荣誉和利益的，损害公共利益的；&lt;/p&gt;&lt;p&gt;&lt;span style="white-space:pre"&gt;	&lt;/span&gt;（四）煽动民族仇恨、民族歧视，破坏民族团结的；&lt;/p&gt;&lt;p&gt;&lt;span style="white-space:pre"&gt;	&lt;/span&gt;（五）破坏国家宗教政策，宣扬邪教和封建迷信的；&lt;/p&gt;&lt;p&gt;&lt;span style="white-space:pre"&gt;	&lt;/span&gt;（六）散布谣言，扰乱社会秩序，破坏社会稳定的；&lt;/p&gt;&lt;p&gt;&lt;span style="white-space:pre"&gt;	&lt;/span&gt;（七）散布淫秽、色情、赌博、暴力、凶杀、恐怖或者教唆犯罪的；&lt;/p&gt;&lt;p&gt;&lt;span style="white-space:pre"&gt;	&lt;/span&gt;（八）侮辱或者诽谤他人，侵害他人合法权益的；&lt;/p&gt;&lt;p&gt;&lt;span style="white-space:pre"&gt;	&lt;/span&gt;（九）含有法律、行政法规禁止的其他内容的。&lt;/p&gt;&lt;p&gt;&lt;span style="white-space:pre"&gt;	&lt;/span&gt;关于用户名的管理&lt;/p&gt;&lt;p&gt;&lt;span style="white-space:pre"&gt;	&lt;/span&gt;请勿以党和国家领导人或其他名人的真实姓名、字、号、艺名、笔名、头衔等注册和使用昵&nbsp; &nbsp;称（如确为本人，需要提交相关证据并通过审核方可允许使用）；&lt;/p&gt;&lt;p&gt;&lt;span style="white-space:pre"&gt;	&lt;/span&gt;请勿以国家组织机构或其他组织机构的名称等注册和使用昵称（如确为该机构，需要提交相关证据并通过审核方可允许使用）；&lt;/p&gt;&lt;p&gt;&lt;span style="white-space:pre"&gt;	&lt;/span&gt;请勿注册和使用与其他网友相同、相仿的名字或昵称；&lt;/p&gt;&lt;p&gt;&lt;span style="white-space:pre"&gt;	&lt;/span&gt;请勿注册和使用不文明、不健康的ID和昵称；&lt;/p&gt;&lt;p&gt;&lt;span style="white-space:pre"&gt;	&lt;/span&gt;请勿注册和使用易产生歧义、引起他人误解或带有各种奇形怪状符号的ID和昵称。&lt;/p&gt;&lt;p&gt;&lt;span style="white-space:pre"&gt;	&lt;/span&gt;用户以虚假信息骗取账号名称注册，或账号头像、简介等注册信息存在违法和不良信息的，简书将暂停或注销。&lt;/p&gt;&lt;p&gt;&lt;span style="white-space:pre"&gt;	&lt;/span&gt;用户连续一年没有在简书上更新动态，简书有权收回该用户昵称。&lt;/p&gt;&lt;p&gt;&lt;span style="white-space:pre"&gt;	&lt;/span&gt;3、简书是一个信息分享及传播的平台。用户通过简书发表的信息为公开的信息，其他第三方均可以通过简书获取用户发表的信息，用户对任何信息的发表即认可该信息为公开的信息，并单独对此行为承担法律责任；任何用户不愿被其他第三人获知的信息都不应该在简书上进行发表。&lt;/p&gt;&lt;p&gt;&lt;span style="white-space:pre"&gt;	&lt;/span&gt;4、用户承诺不得以任何方式利用简书直接或间接从事违反中国法律、以及社会公德的行为，简书有权对违反上述承诺的内容予以删除。&lt;/p&gt;&lt;p&gt;&lt;span style="white-space:pre"&gt;	&lt;/span&gt;5、简书用户不得利用简书服务制作、上载、复制、发布、传播或者转载如下内容：&lt;/p&gt;&lt;p&gt;&lt;span style="white-space:pre"&gt;	&lt;/span&gt;·&nbsp; &nbsp; &nbsp; &nbsp; 反对宪法所确定的基本原则的；&lt;/p&gt;&lt;p&gt;&lt;span style="white-space:pre"&gt;	&lt;/span&gt;·&nbsp; &nbsp; &nbsp; &nbsp; 危害国家安全，泄露国家秘密，颠覆国家政权，破坏国家统一的；&lt;/p&gt;&lt;p&gt;&lt;span style="white-space:pre"&gt;	&lt;/span&gt;·&nbsp; &nbsp; &nbsp; &nbsp; 损害国家荣誉和利益的；&lt;/p&gt;&lt;p&gt;&lt;span style="white-space:pre"&gt;	&lt;/span&gt;·&nbsp; &nbsp; &nbsp; &nbsp; 煽动民族仇恨、民族歧视，破坏民族团结的；&lt;/p&gt;&lt;p&gt;&lt;span style="white-space:pre"&gt;	&lt;/span&gt;·&nbsp; &nbsp; &nbsp; &nbsp; 破坏国家宗教政策，宣扬邪教和封建迷信的；&lt;/p&gt;&lt;p&gt;&lt;span style="white-space:pre"&gt;	&lt;/span&gt;·&nbsp; &nbsp; &nbsp; &nbsp; 散布谣言，扰乱社会秩序，破坏社会稳定的；&lt;/p&gt;&lt;p&gt;&lt;span style="white-space:pre"&gt;	&lt;/span&gt;·&nbsp; &nbsp; &nbsp; &nbsp; 散布淫秽、色情、赌博、暴力、凶杀、恐怖或者教唆犯罪的；&lt;/p&gt;&lt;p&gt;&lt;span style="white-space:pre"&gt;	&lt;/span&gt;·&nbsp; &nbsp; &nbsp; &nbsp; 侮辱或者诽谤他人，侵害他人合法权益的；&lt;/p&gt;&lt;p&gt;&lt;span style="white-space:pre"&gt;	&lt;/span&gt;·&nbsp; &nbsp; &nbsp; &nbsp; 含有法律、行政法规禁止的其他内容的信息。&lt;/p&gt;&lt;p&gt;&lt;br/&gt;&lt;/p&gt;', NULL, 0, '2017-11-28 14:04:23', '2017-11-28 14:04:23'),
	(157, '14', 'about', 'lxr', NULL, 1, '关于洪城停车', 1.0, 3, '&lt;p style="text-align: center;"&gt;&lt;img src="http://m.0791jr.com/mobile/images/login-logo.png" alt="" style="outline: 0px; margin: 0px; padding: 0px; -webkit-tap-highlight-color: transparent; line-height: 1.4; vertical-align: top; border: none; width: 164px;"/&gt;&lt;/p&gt;&lt;p style="outline: 0px; margin-top: 0px; margin-bottom: 0px; padding: 0px; -webkit-tap-highlight-color: transparent; line-height: 0.4rem; text-indent: 2em; color: rgb(51, 51, 51);"&gt;&lt;br/&gt;&lt;/p&gt;&lt;p&gt;洪城停车是一款提供停车费在线支付服务的APP，用户通过停车费在线支付就可以享受停车优惠，体验不排队、不等待、更优惠的服务。&lt;/p&gt;&lt;p&gt;客服电话：0791-2415-210&lt;/p&gt;&lt;p&gt;&lt;br/&gt;&lt;/p&gt;', NULL, 0, '2017-12-02 14:49:35', '2017-12-02 14:49:35'),
	(158, '1', '32453', '3243', '/upload/news/1513145388141cpmmgy1.jpg', 1, '32432', 1.0, 3, '<p>32453</p>', NULL, 0, '2017-12-13 14:09:48', '2017-12-13 14:09:48');
/*!40000 ALTER TABLE `t_knowledge` ENABLE KEYS */;

-- 导出  表 emis.t_knowledge_type 结构
DROP TABLE IF EXISTS `t_knowledge_type`;
CREATE TABLE IF NOT EXISTS `t_knowledge_type` (
  `id` int(11) NOT NULL AUTO_INCREMENT COMMENT '主键',
  `parent_id` int(11) DEFAULT NULL COMMENT '上级id',
  `knowledge_type` varchar(50) DEFAULT NULL COMMENT '知识分类',
  `knowledge_type_desc` text COMMENT '知识分类描述',
  `knowledge_type_state` int(1) DEFAULT NULL COMMENT '知识分类状态（1-有效0无效）',
  `create_time` timestamp NULL DEFAULT NULL COMMENT '创建时间',
  `modify_time` timestamp NULL DEFAULT NULL COMMENT '更新时间',
  PRIMARY KEY (`id`)
) ENGINE=InnoDB AUTO_INCREMENT=23 DEFAULT CHARSET=utf8 COMMENT='知识库管理_知识分类';

-- 正在导出表  emis.t_knowledge_type 的数据：~4 rows (大约)
DELETE FROM `t_knowledge_type`;
/*!40000 ALTER TABLE `t_knowledge_type` DISABLE KEYS */;
INSERT INTO `t_knowledge_type` (`id`, `parent_id`, `knowledge_type`, `knowledge_type_desc`, `knowledge_type_state`, `create_time`, `modify_time`) VALUES
	(1, 0, '停车资讯', '', 1, '2016-05-10 00:00:00', '2016-05-24 00:00:00'),
	(14, 0, 'substance', 'app页面（注意不可删）', 1, '2017-09-19 16:19:36', '2017-09-19 16:19:36'),
	(18, 17, '34543', '', 1, '2017-09-21 08:48:23', '2017-09-21 08:48:23'),
	(22, 21, '34543', '', 1, '2017-09-25 14:17:48', '2017-09-25 14:17:48');
/*!40000 ALTER TABLE `t_knowledge_type` ENABLE KEYS */;

-- 导出  表 emis.t_sys_advice 结构
DROP TABLE IF EXISTS `t_sys_advice`;
CREATE TABLE IF NOT EXISTS `t_sys_advice` (
  `id` int(11) NOT NULL AUTO_INCREMENT COMMENT '主键',
  `create_user_id` int(11) DEFAULT NULL COMMENT '创建人id',
  `create_user_name` varchar(50) DEFAULT NULL COMMENT '创建人姓名',
  `create_time` timestamp NULL DEFAULT NULL COMMENT '创建时间',
  `advice` varchar(1000) DEFAULT NULL COMMENT '建议',
  `reply_user_id` int(11) DEFAULT NULL COMMENT '回复人id',
  `reply_user_name` varchar(50) DEFAULT NULL COMMENT '回复人姓名',
  `reply_time` timestamp NULL DEFAULT NULL COMMENT '回复时间',
  `status` int(11) DEFAULT NULL COMMENT '状态(1默认提交 2回复 3其他操作)',
  `reply_content` varchar(1000) DEFAULT NULL COMMENT '回复内容',
  PRIMARY KEY (`id`)
) ENGINE=InnoDB AUTO_INCREMENT=57 DEFAULT CHARSET=utf8 COMMENT='投诉与建议';

-- 正在导出表  emis.t_sys_advice 的数据：~0 rows (大约)
DELETE FROM `t_sys_advice`;
/*!40000 ALTER TABLE `t_sys_advice` DISABLE KEYS */;
INSERT INTO `t_sys_advice` (`id`, `create_user_id`, `create_user_name`, `create_time`, `advice`, `reply_user_id`, `reply_user_name`, `reply_time`, `status`, `reply_content`) VALUES
	(56, 1, '', NULL, '', NULL, '', NULL, NULL, '');
/*!40000 ALTER TABLE `t_sys_advice` ENABLE KEYS */;

-- 导出  表 emis.t_sys_member_user 结构
DROP TABLE IF EXISTS `t_sys_member_user`;
CREATE TABLE IF NOT EXISTS `t_sys_member_user` (
  `id` int(11) NOT NULL AUTO_INCREMENT COMMENT '主键',
  `user_id` int(11) DEFAULT NULL COMMENT '用户id',
  `nick_name` varchar(50) DEFAULT NULL COMMENT '昵称',
  `gender` int(11) DEFAULT NULL COMMENT '性别（1男 2女）',
  `telephone` varchar(20) DEFAULT NULL COMMENT '固话',
  `address` varchar(500) DEFAULT NULL COMMENT '地址',
  `birthday` date DEFAULT NULL COMMENT '出生日期',
  `qq_num` varchar(20) DEFAULT NULL COMMENT 'QQ号码',
  `wechat_num` varchar(50) DEFAULT NULL COMMENT '微信号码',
  PRIMARY KEY (`id`)
) ENGINE=InnoDB DEFAULT CHARSET=utf8 COMMENT='会员扩展表扩展表';

-- 正在导出表  emis.t_sys_member_user 的数据：~0 rows (大约)
DELETE FROM `t_sys_member_user`;
/*!40000 ALTER TABLE `t_sys_member_user` DISABLE KEYS */;
/*!40000 ALTER TABLE `t_sys_member_user` ENABLE KEYS */;

-- 导出  表 emis.t_sys_release_user 结构
DROP TABLE IF EXISTS `t_sys_release_user`;
CREATE TABLE IF NOT EXISTS `t_sys_release_user` (
  `id` int(11) NOT NULL AUTO_INCREMENT COMMENT '主键',
  `user_id` int(11) DEFAULT NULL COMMENT '用户id',
  `release_type` int(11) DEFAULT NULL COMMENT '发布方类型(1-普通发布方,2-高级发布方,3-无权限发布方)',
  `QQ` varchar(20) DEFAULT NULL COMMENT 'QQ号码',
  `img_file_path` varchar(200) DEFAULT NULL COMMENT '图像地址',
  `contacts_user` varchar(50) DEFAULT NULL COMMENT '联系人',
  `contacts_phone` varchar(20) DEFAULT NULL COMMENT '联系手机号码',
  `address` varchar(500) DEFAULT NULL COMMENT '所在地址',
  `introduce` varchar(1000) DEFAULT NULL COMMENT '主办方简介',
  `common_address` varchar(500) DEFAULT NULL COMMENT '常用地址',
  `org_type` int(2) DEFAULT NULL COMMENT '组织类型(1 志愿服务组织,2社会组织,3团组织，4其他)',
  PRIMARY KEY (`id`)
) ENGINE=InnoDB AUTO_INCREMENT=9 DEFAULT CHARSET=utf8 COMMENT='发布方扩展表';

-- 正在导出表  emis.t_sys_release_user 的数据：~0 rows (大约)
DELETE FROM `t_sys_release_user`;
/*!40000 ALTER TABLE `t_sys_release_user` DISABLE KEYS */;
INSERT INTO `t_sys_release_user` (`id`, `user_id`, `release_type`, `QQ`, `img_file_path`, `contacts_user`, `contacts_phone`, `address`, `introduce`, `common_address`, `org_type`) VALUES
	(8, 11, 1, '', '/uploadPath/meituxiuxiu/320160810102053007.png', '', '', '', '', '', 1);
/*!40000 ALTER TABLE `t_sys_release_user` ENABLE KEYS */;

-- 导出  表 emis.t_sys_resource 结构
DROP TABLE IF EXISTS `t_sys_resource`;
CREATE TABLE IF NOT EXISTS `t_sys_resource` (
  `id` int(11) NOT NULL AUTO_INCREMENT COMMENT '主键',
  `key` varchar(50) DEFAULT NULL COMMENT '名称',
  `parent_id` int(11) DEFAULT NULL COMMENT '上级id',
  `level` int(11) DEFAULT NULL COMMENT '层级（1-系统,2-模块, 3-菜单，4-按钮）',
  `resource_name` varchar(200) DEFAULT NULL COMMENT '资源名称',
  `resource_path` varchar(500) DEFAULT NULL COMMENT '资源路径',
  `resource_icon` varchar(100) DEFAULT NULL COMMENT '资源图标',
  `resource_desc` varchar(500) DEFAULT NULL COMMENT '资源描述',
  `permission_str` varchar(100) DEFAULT NULL COMMENT '权限字符串',
  `order_num` int(11) DEFAULT NULL COMMENT '排序',
  `is_enable` int(11) DEFAULT NULL COMMENT '是否启用',
  `create_user_id` int(11) DEFAULT NULL COMMENT '创建人id',
  `create_time` timestamp NULL DEFAULT NULL COMMENT '创建时间',
  `modify_user_id` int(11) DEFAULT NULL COMMENT '修改人id',
  `modify_time` timestamp NULL DEFAULT NULL COMMENT '修改时间',
  PRIMARY KEY (`id`)
) ENGINE=InnoDB AUTO_INCREMENT=485 DEFAULT CHARSET=utf8 COMMENT='资源管理';

-- 正在导出表  emis.t_sys_resource 的数据：~75 rows (大约)
DELETE FROM `t_sys_resource`;
/*!40000 ALTER TABLE `t_sys_resource` DISABLE KEYS */;
INSERT INTO `t_sys_resource` (`id`, `key`, `parent_id`, `level`, `resource_name`, `resource_path`, `resource_icon`, `resource_desc`, `permission_str`, `order_num`, `is_enable`, `create_user_id`, `create_time`, `modify_user_id`, `modify_time`) VALUES
	(1, NULL, 0, 0, '资源根目录', NULL, NULL, NULL, NULL, NULL, NULL, NULL, NULL, NULL, NULL),
	(19, NULL, 1, 1, '系统管理', '', 'icon-nav-06.png', '', 'sysManager', 18, 1, NULL, NULL, 28, '2018-01-10 16:12:33'),
	(20, NULL, 19, 2, '权限管理', '', '', '11111', 'test', 1, 1, NULL, NULL, NULL, NULL),
	(40, NULL, 20, 3, '角色管理', 'sysRoleController/toList.do', '', '', 'SysRole:list', 1, 1, NULL, NULL, NULL, NULL),
	(41, NULL, 40, 4, '角色管理-添加', '/', '', '角色管理添加操作', 'SysRole:add', 1, 1, NULL, NULL, NULL, NULL),
	(42, NULL, 40, 4, '角色管理-删除', '/', NULL, '角色管理删除操作', 'SysRole:remove', 2, 1, NULL, NULL, NULL, NULL),
	(43, NULL, 40, 4, '角色管理-编辑', '/', NULL, '角色管理编辑操作', 'SysRole:edit', 3, 1, NULL, NULL, NULL, NULL),
	(44, NULL, 40, 4, '角色管理-查看', '/', NULL, '角色管理查看操作', 'SysRole:info', 4, 1, NULL, NULL, NULL, NULL),
	(59, NULL, 20, 3, '资源管理', 'sysResourceController/toList.do', '', '', 'SysResource:list', 2, 1, NULL, NULL, NULL, NULL),
	(60, NULL, 59, 4, '资源管理-添加', '/', NULL, '资源管理添加操作', 'SysResource:add', 1, 1, NULL, NULL, NULL, NULL),
	(61, NULL, 59, 4, '资源管理-删除', '/', NULL, '资源管理删除操作', 'SysResource:remove', 2, 1, NULL, NULL, NULL, NULL),
	(62, NULL, 59, 4, '资源管理-编辑', '/', NULL, '资源管理编辑操作', 'SysResource:edit', 3, 1, NULL, NULL, NULL, NULL),
	(63, NULL, 59, 4, '资源管理-查看', '/', NULL, '资源管理查看操作', 'SysResource:info', 4, 1, NULL, NULL, NULL, NULL),
	(64, NULL, 20, 3, '账号管理', 'sysUserController/toList.do', '', '', 'SysUser:list', 3, 1, NULL, NULL, 3, '2017-09-21 11:27:17'),
	(65, NULL, 64, 4, '用户管理-添加', '/', '', '用户管理添加操作', 'SysUser:add', 1, 1, NULL, NULL, 1, '2016-06-02 08:51:35'),
	(66, NULL, 64, 4, '用户管理-删除', '/', NULL, '用户管理删除操作', 'SysUser:remove', 2, 1, NULL, NULL, NULL, NULL),
	(67, NULL, 64, 4, '用户管理-编辑', '/', NULL, '用户管理编辑操作', 'SysUser:edit', 3, 1, NULL, NULL, NULL, NULL),
	(68, NULL, 64, 4, '用户管理-查看', '/', NULL, '用户管理查看操作', 'SysUser:info', 4, 1, NULL, NULL, NULL, NULL),
	(145, NULL, 40, 4, '授权', '', '', '', 'SysRole:auth', 5, 1, 1, '2016-06-02 11:17:55', NULL, NULL),
	(177, NULL, 64, 4, '分配角色', '', '', '', 'SysUser:setRole', 5, 1, 1, '2016-06-02 17:11:11', NULL, NULL),
	(419, NULL, 19, 2, '开发', '', '', '', 'development', 2, 1, 3, '2017-12-20 15:30:44', NULL, NULL),
	(420, NULL, 419, 3, '资源', 'sys/dev/res.do', '', '', 'developmentRes:list', 1, 1, 3, '2017-12-20 15:32:15', 3, '2017-12-20 15:40:19'),
	(421, NULL, 420, 4, '资源-添加', '/', NULL, '资源添加操作', 'developmentRes:add', 1, 1, 3, '2017-12-20 15:32:15', NULL, NULL),
	(422, NULL, 420, 4, '资源-删除', '/', NULL, '资源删除操作', 'developmentRes:remove', 2, 1, 3, '2017-12-20 15:32:15', NULL, NULL),
	(423, NULL, 420, 4, '资源-编辑', '/', NULL, '资源编辑操作', 'developmentRes:edit', 3, 1, 3, '2017-12-20 15:32:15', NULL, NULL),
	(424, NULL, 420, 4, '资源-查看', '/', NULL, '资源查看操作', 'developmentRes:info', 4, 1, 3, '2017-12-20 15:32:15', NULL, NULL),
	(425, NULL, 1, 1, '客户管理', '', 'icon-nav-02.png', '', 'customer', 3, 1, 3, '2017-12-23 11:21:57', 44, '2018-01-13 17:44:43'),
	(426, NULL, 425, 2, '客户管理', '', '', '', 'customer/customer', 1, 1, 3, '2017-12-23 11:22:18', 28, '2018-01-08 09:53:39'),
	(427, NULL, 426, 3, '客户管理', 'customer/customer/customer.do', '', '', 'customer/customer/customer', 1, 1, 3, '2017-12-23 11:24:55', 28, '2018-01-08 09:55:09'),
	(428, NULL, 1, 1, '人事管理', '', 'icon-nav-01.png', '', 'personnel', 1, 1, 3, '2017-12-26 14:54:34', 28, '2018-01-10 16:15:28'),
	(429, NULL, 428, 2, '组织架构', '', '', '', 'personnel/organize', 1, 1, 3, '2017-12-26 14:55:13', NULL, NULL),
	(430, NULL, 429, 3, '部门管理', 'personnel/organize/dept.do', '', '', 'personnel/organize/dept', 1, 1, 3, '2017-12-26 14:56:02', NULL, NULL),
	(431, NULL, 429, 3, '职位管理', 'personnel/organize/place.do', '', '', 'personnel/organize/place', 2, 1, 3, '2017-12-28 13:16:35', NULL, NULL),
	(432, NULL, 429, 3, '等级管理', 'personnel/organize/level.do', '', '', 'personnel/organize/level', 3, 1, 3, '2017-12-29 15:51:50', NULL, NULL),
	(433, NULL, 428, 2, '员工管理', '', '', '', 'personnel/employee', 2, 1, 3, '2017-12-29 15:53:14', NULL, NULL),
	(434, NULL, 433, 3, '员工列表', 'personnel/employee/emp.do', '', '', 'personnel/employee/emp', 1, 1, 3, '2017-12-29 15:54:00', NULL, NULL),
	(435, NULL, 428, 2, '申请中心', '', '', '', 'personnel/apply', 3, 1, 3, '2018-01-02 11:17:01', 28, '2018-01-08 11:07:35'),
	(436, NULL, 435, 3, '请假申请', 'personnel/apply/apply.do?module=leave', '', '', 'personnel/apply/apply?module=leave', 1, 1, 3, '2018-01-02 11:17:44', 3, '2018-01-03 09:57:30'),
	(437, NULL, 435, 3, '加班申请', 'personnel/apply/apply.do?module=overtime', '', '', 'personnel/apply/overtime?module=overtime', 2, 1, 3, '2018-01-02 11:19:01', 3, '2018-01-03 09:58:16'),
	(438, NULL, 433, 3, '通讯录', 'personnel/employee/emp.do?module=maillist', '', '', 'personnel/employee/emp?module=maillist', 2, 1, 3, '2018-01-03 08:12:46', NULL, NULL),
	(439, NULL, 433, 3, '生日提醒', 'personnel/employee/emp.do?module=birthday', '', '', 'personnel/employee/emp?module=birthday', 3, 1, 3, '2018-01-03 08:14:23', 28, '2018-01-09 17:18:11'),
	(440, NULL, 435, 3, '外出申请', 'personnel/apply/apply.do?module=goout', '', '', 'personnel/apply/apply?module=goout', 3, 1, 3, '2018-01-03 09:53:30', 3, '2018-01-03 09:55:25'),
	(441, NULL, 435, 3, '离职申请', 'personnel/apply/apply.do?module=quit', '', '', 'personnel/apply/apply?module=quit', 4, 1, 3, '2018-01-03 09:54:19', NULL, NULL),
	(442, NULL, 428, 2, '审批中心', '', '', '', 'personnel/examine', 4, 1, 3, '2018-01-03 14:01:06', 28, '2018-01-08 11:08:02'),
	(443, NULL, 442, 3, '请假审批', 'personnel/examine/examine.do?sysModule=leave', '', '', 'personnel/examine/examine?module=leave', 1, 1, 3, '2018-01-03 14:03:22', 3, '2018-01-04 10:13:55'),
	(444, NULL, 442, 3, '加班审批', 'personnel/apply/examine.do?sysModule=overtime', '', '', 'personnel/apply/examine?module=overtime', 2, 1, 3, '2018-01-03 14:04:27', 3, '2018-01-04 10:14:07'),
	(445, NULL, 442, 3, '外出申请', 'personnel/apply/examine.do?sysModule=goout', '', '', 'personnel/apply/examine?module=goout', 3, 1, 3, '2018-01-03 14:05:09', 3, '2018-01-04 10:14:18'),
	(446, NULL, 442, 3, '外出申请', 'personnel/apply/examine.do?sysModule=quit', '', '', 'personnel/apply/examine?module=quit', 4, 1, 3, '2018-01-03 14:05:40', 3, '2018-01-04 10:14:27'),
	(447, NULL, 426, 3, '产品管理', 'customer/customer/product.do', '', '', 'customer/customer/product', 2, 1, 28, '2018-01-08 09:55:53', NULL, NULL),
	(456, NULL, 1, 1, '项目管理', '', 'icon-nav-03.png', '', 'project', 4, 1, 28, '2018-01-08 13:24:01', 28, '2018-01-10 16:12:02'),
	(457, NULL, 1, 1, '行政管理', '', 'icon-nav-04.png', '', 'admin', 2, 1, 28, '2018-01-08 13:25:04', 44, '2018-01-15 10:24:51'),
	(458, NULL, 1, 1, '数据中心', '', 'icon-nav-05.png', '', 'data', 6, 1, 28, '2018-01-08 13:25:50', 28, '2018-01-10 16:12:23'),
	(459, NULL, 426, 3, '客户质量', 'customer/customer/cusType.do', '', '', 'customer/customer/cusType', 3, 1, 28, '2018-01-12 14:30:46', 28, '2018-01-13 13:08:51'),
	(460, NULL, 419, 3, 'druid', 'druid/index.html', '', '', 'druid', 2, 1, 28, '2018-01-13 09:58:56', NULL, NULL),
	(461, NULL, 426, 3, '客户公海', 'customer/customer/customer.do?sysModule=public', '', '', 'customer/customer/customer?sysModule=public', 4, 1, 28, '2018-01-13 13:12:18', NULL, NULL),
	(462, NULL, 457, 2, '信息管理', '', '', '', 'admin/information', 1, 1, 44, '2018-01-15 10:22:28', 44, '2018-01-15 10:24:08'),
	(463, NULL, 462, 3, '通知公告', 'admin/information/article.do?sysModule=notice', '', '', 'admin/information/article?sysModule=notice', 1, 1, 44, '2018-01-15 10:26:55', 44, '2018-01-16 08:47:41'),
	(464, NULL, 462, 3, '公司制度', 'admin/information/article.do?sysModule=institution', '', '', 'admin/institution/article?sysModule=institution', 2, 1, 44, '2018-01-15 10:28:24', 44, '2018-01-16 10:23:10'),
	(465, NULL, 457, 2, '工作管理', '', '', '', 'admin/work', 2, 1, 44, '2018-01-15 10:29:37', NULL, NULL),
	(466, NULL, 465, 3, '日报', 'admin/work/workReport.do?sysModule=daily', '', '', 'admin/work/workReport?sysModule=daily', 1, 1, 44, '2018-01-15 10:30:35', 44, '2018-01-16 16:32:11'),
	(467, NULL, 465, 3, '周报', 'admin/work/workReport.do?sysModule=weekly', '', '', 'admin/work/workReport?sysModule=weekly', 2, 1, 44, '2018-01-15 10:31:28', 44, '2018-01-16 16:33:06'),
	(468, NULL, 465, 3, '月报', 'admin/work/workReport.do?sysModule=monthly', '', '', 'admin/work/workReport?sysModule=monthly', 3, 1, 44, '2018-01-15 10:32:28', 44, '2018-01-16 16:33:47'),
	(469, NULL, 456, 2, '项目管理', '', '', '', 'project/project', 1, 1, 44, '2018-01-22 13:41:36', NULL, NULL),
	(470, NULL, 469, 3, '项目管理', 'project/project/project.do', '', '', 'project/project/project', 1, 1, 44, '2018-01-22 13:42:41', NULL, NULL),
	(471, NULL, 456, 2, '项目设置', '', '', '', 'project/setting', 2, 1, 44, '2018-01-31 14:08:56', NULL, NULL),
	(472, NULL, 471, 3, '项目进度', 'project/setting/progress.do', '', '', 'project/setting/progress', 1, 1, 44, '2018-01-31 14:09:26', NULL, NULL),
	(473, NULL, 466, 4, '全部', '', '', '', 'admin/work/workReport?sysModule=daily&$sysView=all', 1, 1, 44, '2018-02-02 09:46:01', NULL, NULL),
	(474, NULL, 466, 4, '本部门及本部门以下', '', '', '', 'admin/work/workReport?sysModule=daily&$sysView=below', 2, 1, 44, '2018-02-02 09:47:32', NULL, NULL),
	(475, NULL, 467, 4, '全部', '', '', '', 'admin/work/workReport?sysModule=weekly&$sysView=all', 1, 1, 52, '2018-02-02 15:16:54', 52, '2018-02-02 15:19:23'),
	(476, NULL, 467, 4, '本部门及以下', '', '', '', 'admin/work/workReport?sysModule=weekly&$sysView=below', 2, 1, 52, '2018-02-02 15:17:25', 52, '2018-02-02 15:20:11'),
	(477, NULL, 468, 4, '全部', '', '', '', 'admin/work/workReport?sysModule=monthly&$sysView=all', 1, 1, 52, '2018-02-02 15:17:42', 52, '2018-02-02 15:18:29'),
	(478, NULL, 468, 4, '本部门及以下', '', '', '', 'admin/work/workReport?sysModule=monthly&$sysView=below', 2, 1, 52, '2018-02-02 15:18:04', 52, '2018-02-02 15:20:25'),
	(479, NULL, 470, 4, '收款', '', '', '', 'project/project/prjCollect', 1, 1, 44, '2018-02-02 17:30:20', NULL, NULL),
	(480, NULL, 443, 4, '查看全部', '', '', '', 'personnel/examine/examine?module=leave&$sysView=all', 1, 1, 44, '2018-02-02 17:32:42', 44, '2018-02-02 17:33:34'),
	(481, NULL, 443, 4, '查看本部门及以下', '', '', '', 'personnel/examine/examine?module=leave&$sysView=below', 2, 1, 44, '2018-02-02 17:34:11', 44, '2018-02-02 17:34:40'),
	(482, NULL, 444, 4, '查看全部', '', '', '', 'personnel/examine/examine?module=leave&$sysView=all', 1, 1, 44, '2018-02-02 17:35:06', 44, '2018-02-02 17:36:40'),
	(483, NULL, 445, 4, '查看全部', '', '', '', '范德萨', 1, 1, 44, '2018-02-02 17:35:20', NULL, NULL),
	(484, NULL, 446, 4, '查看全部', '', '', '', '儿童热我给', 1, 1, 44, '2018-02-02 17:35:33', NULL, NULL);
/*!40000 ALTER TABLE `t_sys_resource` ENABLE KEYS */;

-- 导出  表 emis.t_sys_role 结构
DROP TABLE IF EXISTS `t_sys_role`;
CREATE TABLE IF NOT EXISTS `t_sys_role` (
  `id` int(11) NOT NULL AUTO_INCREMENT COMMENT '主键',
  `role_name` varchar(200) DEFAULT NULL COMMENT '角色名称',
  `role_type` int(11) DEFAULT NULL,
  `role_status` int(11) DEFAULT NULL COMMENT '状态(1-启用 2-禁用 3-删除)',
  `create_user_id` int(11) DEFAULT NULL COMMENT '创建人id',
  `create_time` timestamp NULL DEFAULT NULL COMMENT '创建时间',
  `modify_user_id` int(11) DEFAULT NULL COMMENT '修改人id',
  `modify_time` timestamp NULL DEFAULT NULL COMMENT '修改时间',
  `role_desc` varchar(500) DEFAULT NULL COMMENT '角色描述',
  PRIMARY KEY (`id`)
) ENGINE=InnoDB AUTO_INCREMENT=117 DEFAULT CHARSET=utf8 COMMENT='角色管理';

-- 正在导出表  emis.t_sys_role 的数据：~38 rows (大约)
DELETE FROM `t_sys_role`;
/*!40000 ALTER TABLE `t_sys_role` DISABLE KEYS */;
INSERT INTO `t_sys_role` (`id`, `role_name`, `role_type`, `role_status`, `create_user_id`, `create_time`, `modify_user_id`, `modify_time`, `role_desc`) VALUES
	(18, '超级管理员', NULL, 1, NULL, NULL, 3, '2017-09-21 13:41:22', '超级管理员角色，拥有最高的权限'),
	(22, '管理员', NULL, 1, NULL, NULL, 3, '2017-09-21 13:41:29', '管理员拥有指定的管理权限 '),
	(51, '演示', NULL, 1, 3, '2016-09-03 20:25:47', 3, '2017-09-21 13:41:38', ' '),
	(55, '前端工程师', NULL, 1, 3, '2018-01-05 15:53:35', NULL, NULL, ''),
	(58, 'JAVA工程师', NULL, 1, 3, '2018-01-05 15:54:38', NULL, NULL, ''),
	(70, '副总经理', NULL, 1, 28, '2018-01-11 10:53:45', NULL, NULL, NULL),
	(72, '设计经理', NULL, 1, 28, '2018-01-11 17:15:16', NULL, NULL, NULL),
	(73, '总经理', NULL, 1, 28, '2018-01-12 15:15:35', NULL, NULL, NULL),
	(74, '人事', NULL, 1, 28, '2018-01-12 15:16:01', NULL, NULL, NULL),
	(75, '文员', NULL, 1, 28, '2018-01-12 15:16:12', NULL, NULL, NULL),
	(76, '会计', NULL, 1, 28, '2018-01-12 15:16:25', NULL, NULL, NULL),
	(77, '出纳', NULL, 1, 28, '2018-01-12 15:16:39', NULL, NULL, NULL),
	(79, '安卓开发工程师', NULL, 1, 28, '2018-01-12 15:25:49', NULL, NULL, NULL),
	(81, '安卓部经理', NULL, 1, 28, '2018-01-12 15:30:41', NULL, NULL, NULL),
	(83, '（开发测试职位）', NULL, 1, 28, '2018-01-13 09:03:02', NULL, NULL, NULL),
	(85, '苹果部经理', NULL, 1, 28, '2018-01-13 13:22:10', NULL, NULL, NULL),
	(86, '苹果开发工程师', NULL, 1, 28, '2018-01-13 13:22:34', NULL, NULL, NULL),
	(87, '后台开发工程师', NULL, 1, 28, '2018-01-13 13:22:56', NULL, NULL, NULL),
	(88, '后台开发工程师', NULL, 1, 28, '2018-01-13 13:23:25', NULL, NULL, NULL),
	(89, '后台学徒', NULL, 1, 28, '2018-01-13 13:24:41', NULL, NULL, NULL),
	(90, '前端部经理', NULL, 1, 28, '2018-01-13 13:25:17', NULL, NULL, NULL),
	(91, '前端开发工程师', NULL, 1, 28, '2018-01-13 13:25:42', NULL, NULL, NULL),
	(93, '美工部经理', NULL, 1, 28, '2018-01-13 13:26:26', NULL, NULL, NULL),
	(94, 'UI设计师', NULL, 1, 28, '2018-01-13 13:26:42', NULL, NULL, NULL),
	(95, '淘宝美工', NULL, 1, 28, '2018-01-13 13:26:54', NULL, NULL, NULL),
	(96, '产品经理', NULL, 1, 28, '2018-01-13 13:29:13', NULL, NULL, NULL),
	(97, '业务经理', NULL, 1, 28, '2018-01-13 13:29:23', NULL, NULL, NULL),
	(98, '业务员', NULL, 1, 28, '2018-01-13 13:29:34', NULL, NULL, NULL),
	(99, '话务员', NULL, 1, 28, '2018-01-13 13:29:42', NULL, NULL, NULL),
	(103, '后台1部经理', NULL, 1, 28, '2018-01-13 13:39:22', NULL, NULL, NULL),
	(104, '后台2部经理', NULL, 1, 28, '2018-01-13 13:39:36', NULL, NULL, NULL),
	(105, '后台3部经理', NULL, 1, 28, '2018-01-13 13:40:04', NULL, NULL, NULL),
	(108, '副总经理', NULL, 1, 44, '2018-01-18 10:02:07', NULL, NULL, NULL),
	(109, '测试', NULL, 1, 44, '2018-01-22 13:11:10', NULL, NULL, NULL),
	(110, '项目经理', NULL, 1, 44, '2018-02-01 09:44:22', NULL, NULL, NULL),
	(111, '项目测试', NULL, 1, 44, '2018-02-01 09:45:35', NULL, NULL, NULL),
	(112, '项目总监', NULL, 1, 44, '2018-02-01 09:46:41', NULL, NULL, NULL),
	(116, '项目经理助理', NULL, 1, 44, '2018-02-01 10:10:22', NULL, NULL, NULL);
/*!40000 ALTER TABLE `t_sys_role` ENABLE KEYS */;

-- 导出  表 emis.t_sys_role_resource 结构
DROP TABLE IF EXISTS `t_sys_role_resource`;
CREATE TABLE IF NOT EXISTS `t_sys_role_resource` (
  `id` int(11) NOT NULL AUTO_INCREMENT COMMENT '主键',
  `role_id` int(11) DEFAULT NULL COMMENT '角色id',
  `resource_id` int(11) DEFAULT NULL COMMENT '资源id',
  PRIMARY KEY (`id`)
) ENGINE=InnoDB AUTO_INCREMENT=12505 DEFAULT CHARSET=utf8 COMMENT='角色_资源关系表';

-- 正在导出表  emis.t_sys_role_resource 的数据：~246 rows (大约)
DELETE FROM `t_sys_role_resource`;
/*!40000 ALTER TABLE `t_sys_role_resource` DISABLE KEYS */;
INSERT INTO `t_sys_role_resource` (`id`, `role_id`, `resource_id`) VALUES
	(2938, 22, 1),
	(2939, 22, 19),
	(2940, 22, 20),
	(2941, 22, 40),
	(2942, 22, 41),
	(2943, 22, 42),
	(2944, 22, 43),
	(2945, 22, 44),
	(2946, 22, 145),
	(2947, 22, 59),
	(2948, 22, 60),
	(2949, 22, 61),
	(2950, 22, 62),
	(2951, 22, 63),
	(2952, 22, 64),
	(2953, 22, 65),
	(2954, 22, 66),
	(2955, 22, 67),
	(2956, 22, 68),
	(2957, 22, 177),
	(3908, 51, 1),
	(3952, 51, 19),
	(3953, 51, 20),
	(3954, 51, 40),
	(3955, 51, 44),
	(3956, 51, 59),
	(3957, 51, 63),
	(3958, 51, 64),
	(3959, 51, 68),
	(11379, 83, 1),
	(11380, 83, 428),
	(11381, 83, 429),
	(11382, 83, 430),
	(11383, 83, 431),
	(11384, 83, 432),
	(11385, 83, 433),
	(11386, 83, 434),
	(11387, 83, 438),
	(11388, 83, 439),
	(11389, 83, 435),
	(11390, 83, 436),
	(11391, 83, 437),
	(11392, 83, 440),
	(11393, 83, 441),
	(11394, 83, 442),
	(11395, 83, 443),
	(11396, 83, 444),
	(11397, 83, 445),
	(11398, 83, 446),
	(11399, 83, 425),
	(11400, 83, 426),
	(11401, 83, 427),
	(11402, 83, 447),
	(11403, 83, 459),
	(11404, 83, 456),
	(11405, 83, 457),
	(11406, 83, 458),
	(11407, 83, 19),
	(11408, 83, 20),
	(11409, 83, 40),
	(11410, 83, 41),
	(11411, 83, 42),
	(11412, 83, 43),
	(11413, 83, 44),
	(11414, 83, 145),
	(11415, 83, 59),
	(11416, 83, 60),
	(11417, 83, 61),
	(11418, 83, 62),
	(11419, 83, 63),
	(11420, 83, 64),
	(11421, 83, 65),
	(11422, 83, 66),
	(11423, 83, 67),
	(11424, 83, 68),
	(11425, 83, 177),
	(11426, 83, 419),
	(11427, 83, 420),
	(11428, 83, 421),
	(11429, 83, 422),
	(11430, 83, 423),
	(11431, 83, 424),
	(12079, 88, 1),
	(12080, 88, 428),
	(12081, 88, 429),
	(12082, 88, 430),
	(12083, 88, 431),
	(12084, 88, 432),
	(12085, 88, 433),
	(12086, 88, 434),
	(12087, 88, 438),
	(12088, 88, 439),
	(12089, 88, 435),
	(12090, 88, 436),
	(12091, 88, 437),
	(12092, 88, 440),
	(12093, 88, 441),
	(12094, 88, 442),
	(12095, 88, 443),
	(12096, 88, 444),
	(12097, 88, 445),
	(12098, 88, 446),
	(12361, 108, 1),
	(12362, 108, 428),
	(12363, 108, 429),
	(12364, 108, 430),
	(12365, 108, 431),
	(12366, 108, 432),
	(12367, 108, 433),
	(12368, 108, 434),
	(12369, 108, 438),
	(12370, 108, 439),
	(12371, 108, 435),
	(12372, 108, 436),
	(12373, 108, 437),
	(12374, 108, 440),
	(12375, 108, 441),
	(12376, 108, 442),
	(12377, 108, 443),
	(12378, 108, 444),
	(12379, 108, 445),
	(12380, 108, 446),
	(12381, 108, 457),
	(12382, 108, 462),
	(12383, 108, 463),
	(12384, 108, 464),
	(12385, 108, 465),
	(12386, 108, 466),
	(12387, 108, 473),
	(12388, 108, 474),
	(12389, 108, 467),
	(12390, 108, 475),
	(12391, 108, 476),
	(12392, 108, 468),
	(12393, 108, 477),
	(12394, 108, 478),
	(12395, 108, 425),
	(12396, 108, 426),
	(12397, 108, 427),
	(12398, 108, 447),
	(12399, 108, 459),
	(12400, 108, 461),
	(12401, 108, 456),
	(12402, 108, 469),
	(12403, 108, 470),
	(12404, 108, 471),
	(12405, 108, 472),
	(12406, 108, 458),
	(12407, 108, 19),
	(12408, 108, 20),
	(12409, 108, 40),
	(12410, 108, 41),
	(12411, 108, 42),
	(12412, 108, 43),
	(12413, 108, 44),
	(12414, 108, 145),
	(12415, 108, 59),
	(12416, 108, 60),
	(12417, 108, 61),
	(12418, 108, 62),
	(12419, 108, 63),
	(12420, 108, 64),
	(12421, 108, 65),
	(12422, 108, 66),
	(12423, 108, 67),
	(12424, 108, 68),
	(12425, 108, 177),
	(12426, 108, 419),
	(12427, 108, 420),
	(12428, 108, 421),
	(12429, 108, 422),
	(12430, 108, 423),
	(12431, 108, 424),
	(12432, 108, 460),
	(12433, 18, 1),
	(12434, 18, 428),
	(12435, 18, 429),
	(12436, 18, 430),
	(12437, 18, 431),
	(12438, 18, 432),
	(12439, 18, 433),
	(12440, 18, 434),
	(12441, 18, 438),
	(12442, 18, 439),
	(12443, 18, 435),
	(12444, 18, 436),
	(12445, 18, 437),
	(12446, 18, 440),
	(12447, 18, 441),
	(12448, 18, 442),
	(12449, 18, 443),
	(12450, 18, 444),
	(12451, 18, 445),
	(12452, 18, 446),
	(12453, 18, 457),
	(12454, 18, 462),
	(12455, 18, 463),
	(12456, 18, 464),
	(12457, 18, 465),
	(12458, 18, 466),
	(12459, 18, 473),
	(12460, 18, 474),
	(12461, 18, 467),
	(12462, 18, 475),
	(12463, 18, 476),
	(12464, 18, 468),
	(12465, 18, 477),
	(12466, 18, 478),
	(12467, 18, 425),
	(12468, 18, 426),
	(12469, 18, 427),
	(12470, 18, 447),
	(12471, 18, 459),
	(12472, 18, 461),
	(12473, 18, 456),
	(12474, 18, 469),
	(12475, 18, 470),
	(12476, 18, 471),
	(12477, 18, 472),
	(12478, 18, 458),
	(12479, 18, 19),
	(12480, 18, 20),
	(12481, 18, 40),
	(12482, 18, 41),
	(12483, 18, 42),
	(12484, 18, 43),
	(12485, 18, 44),
	(12486, 18, 145),
	(12487, 18, 59),
	(12488, 18, 60),
	(12489, 18, 61),
	(12490, 18, 62),
	(12491, 18, 63),
	(12492, 18, 64),
	(12493, 18, 65),
	(12494, 18, 66),
	(12495, 18, 67),
	(12496, 18, 68),
	(12497, 18, 177),
	(12498, 18, 419),
	(12499, 18, 420),
	(12500, 18, 421),
	(12501, 18, 422),
	(12502, 18, 423),
	(12503, 18, 424),
	(12504, 18, 460);
/*!40000 ALTER TABLE `t_sys_role_resource` ENABLE KEYS */;

-- 导出  表 emis.t_sys_user 结构
DROP TABLE IF EXISTS `t_sys_user`;
CREATE TABLE IF NOT EXISTS `t_sys_user` (
  `id` int(11) NOT NULL AUTO_INCREMENT COMMENT '主键',
  `user_name` varchar(50) DEFAULT NULL COMMENT '用户名称',
  `account` varchar(50) DEFAULT NULL COMMENT '账号',
  `email` varchar(50) DEFAULT NULL COMMENT '电子邮箱',
  `mobile_phone` varchar(20) DEFAULT NULL COMMENT '手机号码',
  `password` varchar(50) DEFAULT NULL COMMENT '密码',
  `reg_time` timestamp NULL DEFAULT NULL COMMENT '添加时间',
  `reg_ip` varchar(20) DEFAULT NULL COMMENT '添加ip',
  `last_login_time` timestamp NULL DEFAULT NULL COMMENT '最后登录时间',
  `last_login_err_time` timestamp NULL DEFAULT NULL COMMENT '最后错误登录时间',
  `last_login_ip` varchar(20) DEFAULT NULL COMMENT '最后登录ip',
  `id_number` varchar(18) DEFAULT NULL COMMENT '身份证号',
  `login_err_times` int(11) DEFAULT NULL COMMENT '登录累计错误次数',
  `user_type` int(11) DEFAULT NULL COMMENT '用户类型(1-超级管理员 2-管理员 3-发布方 4-超级管理员)',
  `status` int(11) DEFAULT '0' COMMENT '状态(0启用 1禁用 )',
  PRIMARY KEY (`id`),
  UNIQUE KEY `account` (`account`)
) ENGINE=InnoDB AUTO_INCREMENT=53 DEFAULT CHARSET=utf8 COMMENT='用户表';

-- 正在导出表  emis.t_sys_user 的数据：~3 rows (大约)
DELETE FROM `t_sys_user`;
/*!40000 ALTER TABLE `t_sys_user` DISABLE KEYS */;
INSERT INTO `t_sys_user` (`id`, `user_name`, `account`, `email`, `mobile_phone`, `password`, `reg_time`, `reg_ip`, `last_login_time`, `last_login_err_time`, `last_login_ip`, `id_number`, `login_err_times`, `user_type`, `status`) VALUES
	(44, '艾鹏鹏', 'admin', '', '', 'e10adc3949ba59abbe56e057f20f883e', '2018-01-13 09:04:45', '0:0:0:0:0:0:0:1', '2018-02-06 10:51:08', NULL, '192.168.3.110', '', 0, NULL, 0),
	(51, '刘小荣', 'lxr', NULL, NULL, '4297f44b13955235245b2497399d7a93', '2018-01-22 10:05:45', '0:0:0:0:0:0:0:1', '2018-02-01 17:01:06', NULL, '0:0:0:0:0:0:0:1', NULL, 0, NULL, 0),
	(52, '宋科', 'songke', '', '', '96e79218965eb72c92a549dd5a330112', '2018-01-24 08:08:29', '127.0.0.1', '2018-02-02 14:52:22', NULL, '0:0:0:0:0:0:0:1', '', 0, NULL, 0);
/*!40000 ALTER TABLE `t_sys_user` ENABLE KEYS */;

-- 导出  表 emis.t_sys_user_role 结构
DROP TABLE IF EXISTS `t_sys_user_role`;
CREATE TABLE IF NOT EXISTS `t_sys_user_role` (
  `id` int(11) NOT NULL AUTO_INCREMENT COMMENT '主键',
  `user_id` int(11) DEFAULT NULL COMMENT '用户id',
  `role_id` int(11) DEFAULT NULL COMMENT '角色id',
  PRIMARY KEY (`id`)
) ENGINE=InnoDB AUTO_INCREMENT=50 DEFAULT CHARSET=utf8 COMMENT='人员_角色表';

-- 正在导出表  emis.t_sys_user_role 的数据：~15 rows (大约)
DELETE FROM `t_sys_user_role`;
/*!40000 ALTER TABLE `t_sys_user_role` DISABLE KEYS */;
INSERT INTO `t_sys_user_role` (`id`, `user_id`, `role_id`) VALUES
	(17, 12, 51),
	(23, 13, 22),
	(24, 13, 51),
	(25, 25, 18),
	(26, 25, 22),
	(30, 33, 55),
	(33, 36, 58),
	(34, 37, 55),
	(35, 38, 72),
	(36, 39, 70),
	(37, 40, 77),
	(38, 41, 77),
	(41, 44, 18),
	(47, 52, 108),
	(49, 51, 109);
/*!40000 ALTER TABLE `t_sys_user_role` ENABLE KEYS */;

-- 导出  表 emis._log 结构
DROP TABLE IF EXISTS `_log`;
CREATE TABLE IF NOT EXISTS `_log` (
  `id` int(11) NOT NULL AUTO_INCREMENT,
  `level` varchar(50) COLLATE utf8_bin DEFAULT NULL,
  `msg` varchar(1000) COLLATE utf8_bin DEFAULT NULL,
  `date` varchar(25) COLLATE utf8_bin DEFAULT NULL,
  `file` varchar(100) COLLATE utf8_bin DEFAULT NULL,
  `line` varchar(11) COLLATE utf8_bin DEFAULT NULL,
  PRIMARY KEY (`id`)
) ENGINE=InnoDB DEFAULT CHARSET=utf8 COLLATE=utf8_bin;

-- 正在导出表  emis._log 的数据：~0 rows (大约)
DELETE FROM `_log`;
/*!40000 ALTER TABLE `_log` DISABLE KEYS */;
/*!40000 ALTER TABLE `_log` ENABLE KEYS */;

-- 导出  表 emis._pk 结构
DROP TABLE IF EXISTS `_pk`;
CREATE TABLE IF NOT EXISTS `_pk` (
  `pkey` varchar(50) DEFAULT NULL,
  `val` varchar(50) DEFAULT NULL,
  `time` varchar(50) DEFAULT NULL,
  `version` int(11) NOT NULL DEFAULT '0'
) ENGINE=InnoDB DEFAULT CHARSET=utf8;

-- 正在导出表  emis._pk 的数据：~13 rows (大约)
DELETE FROM `_pk`;
/*!40000 ALTER TABLE `_pk` DISABLE KEYS */;
INSERT INTO `_pk` (`pkey`, `val`, `time`, `version`) VALUES
	('f', '95', '2017-08-28 17:13:19', 315),
	('plo_tickets', '1', '2017-09-27 14:43:29', 0),
	('plo_ticketsparam', '6', '2017-09-11 11:31:46', 0),
	('plo_info', '1', '2017-09-22 09:52:25', 0),
	('com_pricingstrategy', '4', '2017-09-02 08:50:13', 0),
	('com_pricingmethod', '17', '2017-09-02 08:51:09', 0),
	('com_pricingrate', '10', '2017-09-02 08:55:58', 0),
	('com_monthcard', '1', '2017-09-21 15:21:02', 0),
	('com_monthcardtype', '1', '2017-09-09 08:50:13', 0),
	('com_monthcardorder', '1', '2017-09-21 15:21:02', 0),
	('com_monthcard_carnumber', '1', '2017-09-21 15:21:02', 0),
	('com_section', '1', '2017-09-25 17:38:56', 0),
	('posWater', '495', NULL, 0);
/*!40000 ALTER TABLE `_pk` ENABLE KEYS */;

/*!40101 SET SQL_MODE=IFNULL(@OLD_SQL_MODE, '') */;
/*!40014 SET FOREIGN_KEY_CHECKS=IF(@OLD_FOREIGN_KEY_CHECKS IS NULL, 1, @OLD_FOREIGN_KEY_CHECKS) */;
/*!40101 SET CHARACTER_SET_CLIENT=@OLD_CHARACTER_SET_CLIENT */;
